model,seed,step,action,feature,feature_count,mean_log_loss,accepted
player_form_logistic,team_strength,1,add,key_passes_per90_sum_5,9,0.9518213471110789,True
player_form_logistic,team_strength,1,add,key_passes_per90_lineup_mean_3,9,0.9530353034253556,False
player_form_logistic,team_strength,1,add,adjusted_key_passes_lineup_mean_5,9,0.953734618551499,False
player_form_logistic,team_strength,1,add,key_passes_per90_lineup_mean_ewm,9,0.9543647154223184,False
player_form_logistic,team_strength,1,add,adjusted_key_passes_lineup_mean_3,9,0.95450228377123,False
player_form_logistic,team_strength,1,add,shots_per90_sum_5,9,0.9549969637921121,False
player_form_logistic,team_strength,1,add,adjusted_key_passes_lineup_mean_ewm,9,0.95514062444174,False
player_form_logistic,team_strength,1,add,shots_per90_lineup_mean_3,9,0.9553212748777983,False
player_form_logistic,team_strength,1,add,mid_adjusted_key_passes_5,9,0.9556365236054011,False
player_form_logistic,team_strength,1,add,shots_per90_lineup_mean_ewm,9,0.9559556625562453,False
player_form_logistic,team_strength,1,add,adjusted_key_passes_lineup_mean_1,9,0.956092086507162,False
player_form_logistic,team_strength,1,remove,prior_team_matches,7,0.9561298516335686,False
player_form_logistic,team_strength,1,add,key_passes_per90_lineup_mean_1,9,0.9562785339442916,False
player_form_logistic,team_strength,1,add,adjusted_shots_lineup_mean_1,9,0.9563535570326205,False
player_form_logistic,team_strength,1,add,shots_per90_lineup_mean_1,9,0.9564624833212269,False
player_form_logistic,team_strength,1,add,adjusted_shots_lineup_mean_ewm,9,0.9565946169139103,False
player_form_logistic,team_strength,1,add,adjusted_shots_lineup_mean_5,9,0.9566906145494098,False
player_form_logistic,team_strength,1,add,adjusted_shots_lineup_mean_3,9,0.9567597331624684,False
player_form_logistic,team_strength,1,add,rating_mean_5,9,0.9568232854069239,False
player_form_logistic,team_strength,1,remove,elo_expected_result,7,0.9568606874196952,False
player_form_logistic,team_strength,1,add,adjusted_key_passes_lineup_std_across_starters_5,9,0.9568930644090844,False
player_form_logistic,team_strength,1,add,rating_lineup_mean_ewm,9,0.9569564257774745,False
player_form_logistic,team_strength,1,add,adjusted_key_passes_lineup_mean_std_5,9,0.957058821786708,False
player_form_logistic,team_strength,1,remove,expected_goals_strength,7,0.9571132203676087,False
player_form_logistic,team_strength,1,add,rating_lineup_max_5,9,0.9571291621608926,False
player_form_logistic,team_strength,1,add,adjusted_defensive_actions_lineup_mean_5,9,0.9571886363855072,False
player_form_logistic,team_strength,1,add,rating_lineup_top3_mean_5,9,0.9572034082088918,False
player_form_logistic,team_strength,1,add,gk_saves_per90_5,9,0.9572279581121301,False
player_form_logistic,team_strength,1,add,new_player_pairs,9,0.9572509028401412,False
player_form_logistic,team_strength,1,add,rating_lineup_mean_3,9,0.9572826719455382,False
player_form_logistic,team_strength,1,add,mean_pairwise_prior_minutes,9,0.9573444307643204,False
player_form_logistic,team_strength,1,remove,attack_goal_rate_ewm,7,0.9573544732529891,False
player_form_logistic,team_strength,1,add,mean_pairwise_prior_starts,9,0.9573889536315446,False
player_form_logistic,team_strength,1,add,rating_lineup_mean_trend_1_5,9,0.9574497221088125,False
player_form_logistic,team_strength,1,add,mid_rating_mean_5,9,0.9574693517449857,False
player_form_logistic,team_strength,1,add,defensive_actions_per90_sum_5,9,0.9574805117928309,False
player_form_logistic,team_strength,1,add,adjusted_shots_lineup_mean_std_5,9,0.9575158271446431,False
player_form_logistic,team_strength,1,remove,defence_goal_rate_ewm,7,0.9575721338409439,False
player_form_logistic,team_strength,1,add,rating_lineup_std_across_starters_5,9,0.9576144313893467,False
player_form_logistic,team_strength,1,add,fwd_rating_mean_5,9,0.9576191246396707,False
player_form_logistic,team_strength,1,add,adjusted_shots_lineup_mean_trend_1_5,9,0.957649392715425,False
player_form_logistic,team_strength,1,remove,elo_rating,7,0.9576806444528405,False
player_form_logistic,team_strength,1,remove,opponent_elo_rating,7,0.9576806444528405,False
player_form_logistic,team_strength,1,remove,elo_difference,7,0.9576806444528407,False
player_form_logistic,team_strength,1,add,rating_lineup_min_5,9,0.9576892428640444,False
player_form_logistic,team_strength,1,add,rating_lineup_mean_1,9,0.9577016034685277,False
player_form_logistic,team_strength,1,add,defensive_actions_per90_lineup_mean_3,9,0.9577061578029578,False
player_form_logistic,team_strength,1,add,shots_per90_lineup_mean_trend_1_5,9,0.957710791868615,False
player_form_logistic,team_strength,1,add,def_rating_mean_5,9,0.9577108113928858,False
player_form_logistic,team_strength,1,add,gk_count,9,0.9577429406981537,False
player_form_logistic,team_strength,1,add,starters_without_history,9,0.9577649360636452,False
player_form_logistic,team_strength,1,add,fwd_adjusted_shots_5,9,0.9577794730504292,False
player_form_logistic,team_strength,1,add,adjusted_key_passes_lineup_mean_trend_1_5,9,0.9577837920338235,False
player_form_logistic,team_strength,1,add,adjusted_defensive_actions_lineup_mean_3,9,0.9578061868933849,False
player_form_logistic,team_strength,1,add,key_passes_per90_lineup_mean_trend_1_5,9,0.9578231810978249,False
player_form_logistic,team_strength,1,add,gk_rating_mean_5,9,0.9578289865584182,False
player_form_logistic,team_strength,1,add,adjusted_rating_lineup_mean_trend_1_5,9,0.9578756640467359,False
player_form_logistic,team_strength,1,add,mid_count,9,0.9579079503654468,False
player_form_logistic,team_strength,1,add,retained_starters,9,0.957923752437156,False
player_form_logistic,team_strength,1,add,adjusted_rating_lineup_std_across_starters_5,9,0.9579475132828543,False
player_form_logistic,team_strength,1,add,adjusted_rating_lineup_mean_5,9,0.9579884983863866,False
player_form_logistic,team_strength,1,add,recent_minutes_sum_5,9,0.9579956493342858,False
player_form_logistic,team_strength,1,add,adjusted_defensive_actions_lineup_mean_1,9,0.9580311926280374,False
player_form_logistic,team_strength,1,add,adjusted_defensive_actions_lineup_mean_trend_1_5,9,0.9580339751394911,False
player_form_logistic,team_strength,1,add,defensive_actions_per90_lineup_mean_trend_1_5,9,0.9580374612972543,False
player_form_logistic,team_strength,1,add,defensive_actions_per90_lineup_mean_1,9,0.9580596665712706,False
player_form_logistic,team_strength,1,add,adjusted_shots_lineup_std_across_starters_5,9,0.9581241541833733,False
player_form_logistic,team_strength,1,add,adjusted_rating_lineup_mean_1,9,0.9581333573273028,False
player_form_logistic,team_strength,1,add,adjusted_defensive_actions_lineup_mean_ewm,9,0.9581479821099401,False
player_form_logistic,team_strength,1,add,rating_lineup_mean_std_5,9,0.958164544570169,False
player_form_logistic,team_strength,1,add,missing_regular_starters,9,0.9581838875688568,False
player_form_logistic,team_strength,1,add,adjusted_rating_lineup_mean_std_5,9,0.9582028949337682,False
player_form_logistic,team_strength,1,add,def_adjusted_defensive_actions_5,9,0.9582208885131329,False
player_form_logistic,team_strength,1,add,new_starters,9,0.9582218128872686,False
player_form_logistic,team_strength,1,add,adjusted_rating_lineup_mean_ewm,9,0.9582335678396343,False
player_form_logistic,team_strength,1,add,adjusted_defensive_actions_lineup_mean_std_5,9,0.9582725778952801,False
player_form_logistic,team_strength,1,add,replacement_quality,9,0.958360478921936,False
player_form_logistic,team_strength,1,add,adjusted_rating_lineup_mean_3,9,0.9584373107030117,False
player_form_logistic,team_strength,1,add,defensive_actions_per90_lineup_mean_ewm,9,0.9584796043405408,False
player_form_logistic,team_strength,1,add,fwd_count,9,0.9585150319122117,False
player_form_logistic,team_strength,1,add,starters_without_full_window,9,0.9586569719180698,False
player_form_logistic,team_strength,1,add,def_count,9,0.9587372068857456,False
player_form_logistic,team_strength,1,add,adjusted_defensive_actions_lineup_std_across_starters_5,9,0.9589304204723861,False
player_form_logistic,team_strength,2,remove,prior_team_matches,8,0.9503903724168719,True
player_form_logistic,team_strength,2,add,adjusted_defensive_actions_lineup_mean_5,10,0.9510407643992391,False
player_form_logistic,team_strength,2,remove,elo_expected_result,8,0.9510810973771475,False
player_form_logistic,team_strength,2,remove,attack_goal_rate_ewm,8,0.9512067843082948,False
player_form_logistic,team_strength,2,remove,expected_goals_strength,8,0.9512283961312347,False
player_form_logistic,team_strength,2,add,adjusted_key_passes_lineup_std_across_starters_5,10,0.9513257282891132,False
player_form_logistic,team_strength,2,add,defensive_actions_per90_sum_5,10,0.9513509470256658,False
player_form_logistic,team_strength,2,add,new_player_pairs,10,0.9514284798498749,False
player_form_logistic,team_strength,2,add,rating_lineup_mean_trend_1_5,10,0.9514378528369851,False
player_form_logistic,team_strength,2,add,adjusted_shots_lineup_mean_1,10,0.9514913727317094,False
player_form_logistic,team_strength,2,add,mean_pairwise_prior_minutes,10,0.9514957031832059,False
player_form_logistic,team_strength,2,add,mean_pairwise_prior_starts,10,0.9515066800287233,False
player_form_logistic,team_strength,2,add,gk_saves_per90_5,10,0.95155233774437,False
player_form_logistic,team_strength,2,remove,defence_goal_rate_ewm,8,0.9515545203006155,False
player_form_logistic,team_strength,2,add,shots_per90_lineup_mean_ewm,10,0.9516230969608195,False
player_form_logistic,team_strength,2,add,defensive_actions_per90_lineup_mean_3,10,0.951690796360372,False
player_form_logistic,team_strength,2,add,shots_per90_lineup_mean_1,10,0.9516973791335193,False
player_form_logistic,team_strength,2,remove,elo_rating,8,0.9517230234277189,False
player_form_logistic,team_strength,2,remove,opponent_elo_rating,8,0.9517230234277189,False
player_form_logistic,team_strength,2,remove,elo_difference,8,0.9517230234277216,False
player_form_logistic,team_strength,2,add,key_passes_per90_lineup_mean_3,10,0.951796534544172,False
player_form_logistic,team_strength,2,add,rating_mean_5,10,0.9517971761529032,False
player_form_logistic,team_strength,2,add,adjusted_shots_lineup_mean_ewm,10,0.9517991332357107,False
player_form_logistic,team_strength,2,add,adjusted_defensive_actions_lineup_mean_3,10,0.9518010889820359,False
player_form_logistic,team_strength,2,add,rating_lineup_std_across_starters_5,10,0.9518086753929054,False
player_form_logistic,team_strength,2,add,rating_lineup_mean_ewm,10,0.9518121525250081,False
player_form_logistic,team_strength,2,add,gk_count,10,0.9518213471110761,False
player_form_logistic,team_strength,2,add,mid_rating_mean_5,10,0.9518337487890002,False
player_form_logistic,team_strength,2,add,shots_per90_lineup_mean_3,10,0.9518806417105767,False
player_form_logistic,team_strength,2,add,shots_per90_lineup_mean_trend_1_5,10,0.9519005431476553,False
player_form_logistic,team_strength,2,add,adjusted_key_passes_lineup_mean_1,10,0.9519030475393822,False
player_form_logistic,team_strength,2,add,rating_lineup_mean_1,10,0.9519169397950479,False
player_form_logistic,team_strength,2,add,adjusted_shots_lineup_mean_trend_1_5,10,0.9519230691793374,False
player_form_logistic,team_strength,2,add,rating_lineup_min_5,10,0.9519279821918467,False
player_form_logistic,team_strength,2,add,shots_per90_sum_5,10,0.9519284566727393,False
player_form_logistic,team_strength,2,add,retained_starters,10,0.9519394223108015,False
player_form_logistic,team_strength,2,add,adjusted_rating_lineup_mean_trend_1_5,10,0.9519475297463981,False
player_form_logistic,team_strength,2,add,rating_lineup_mean_3,10,0.951960070563711,False
player_form_logistic,team_strength,2,add,mid_count,10,0.9519673092870448,False
player_form_logistic,team_strength,2,add,adjusted_shots_lineup_mean_std_5,10,0.9519769100572988,False
player_form_logistic,team_strength,2,add,gk_rating_mean_5,10,0.9519792551154611,False
player_form_logistic,team_strength,2,add,adjusted_key_passes_lineup_mean_std_5,10,0.9519807378838443,False
player_form_logistic,team_strength,2,add,adjusted_key_passes_lineup_mean_trend_1_5,10,0.951988275068683,False
player_form_logistic,team_strength,2,add,adjusted_rating_lineup_std_across_starters_5,10,0.9519932783822791,False
player_form_logistic,team_strength,2,add,mid_adjusted_key_passes_5,10,0.9520024671286706,False
player_form_logistic,team_strength,2,add,adjusted_defensive_actions_lineup_mean_1,10,0.9520049218188685,False
player_form_logistic,team_strength,2,add,rating_lineup_max_5,10,0.9520062548224033,False
player_form_logistic,team_strength,2,add,key_passes_per90_lineup_mean_trend_1_5,10,0.952018788177465,False
player_form_logistic,team_strength,2,add,key_passes_per90_lineup_mean_1,10,0.9520368233368743,False
player_form_logistic,team_strength,2,add,defensive_actions_per90_lineup_mean_1,10,0.9520594662687674,False
player_form_logistic,team_strength,2,add,defensive_actions_per90_lineup_mean_trend_1_5,10,0.9520685808159638,False
player_form_logistic,team_strength,2,add,def_rating_mean_5,10,0.952074075737247,False
player_form_logistic,team_strength,2,add,adjusted_defensive_actions_lineup_mean_trend_1_5,10,0.9520783847256802,False
player_form_logistic,team_strength,2,add,rating_lineup_top3_mean_5,10,0.9520835656984219,False
player_form_logistic,team_strength,2,add,adjusted_rating_lineup_mean_1,10,0.9521304963257071,False
player_form_logistic,team_strength,2,add,adjusted_defensive_actions_lineup_mean_ewm,10,0.9521514056194658,False
player_form_logistic,team_strength,2,add,fwd_adjusted_shots_5,10,0.952152530658169,False
player_form_logistic,team_strength,2,add,key_passes_per90_lineup_mean_ewm,10,0.9521710793413547,False
player_form_logistic,team_strength,2,add,new_starters,10,0.9521825159678411,False
player_form_logistic,team_strength,2,add,def_adjusted_defensive_actions_5,10,0.9522450869848244,False
player_form_logistic,team_strength,2,add,recent_minutes_sum_5,10,0.9522465880780511,False
player_form_logistic,team_strength,2,add,adjusted_shots_lineup_std_across_starters_5,10,0.9522542247516701,False
player_form_logistic,team_strength,2,add,missing_regular_starters,10,0.9522633395146881,False
player_form_logistic,team_strength,2,add,starters_without_history,10,0.9523127208207919,False
player_form_logistic,team_strength,2,add,adjusted_defensive_actions_lineup_mean_std_5,10,0.9523422511596353,False
player_form_logistic,team_strength,2,add,adjusted_key_passes_lineup_mean_ewm,10,0.9523510252275007,False
player_form_logistic,team_strength,2,add,fwd_rating_mean_5,10,0.9524154454512896,False
player_form_logistic,team_strength,2,add,rating_lineup_mean_std_5,10,0.9524380055400643,False
player_form_logistic,team_strength,2,add,adjusted_rating_lineup_mean_5,10,0.9524486327894366,False
player_form_logistic,team_strength,2,add,adjusted_rating_lineup_mean_std_5,10,0.9524661459705704,False
player_form_logistic,team_strength,2,add,adjusted_rating_lineup_mean_3,10,0.9524949089378931,False
player_form_logistic,team_strength,2,add,adjusted_key_passes_lineup_mean_3,10,0.9525483717059591,False
player_form_logistic,team_strength,2,add,replacement_quality,10,0.9525568817788976,False
player_form_logistic,team_strength,2,add,defensive_actions_per90_lineup_mean_ewm,10,0.9525579897492619,False
player_form_logistic,team_strength,2,add,fwd_count,10,0.9525596963338466,False
player_form_logistic,team_strength,2,add,def_count,10,0.952566840588744,False
player_form_logistic,team_strength,2,add,adjusted_shots_lineup_mean_3,10,0.9525713019548756,False
player_form_logistic,team_strength,2,add,adjusted_rating_lineup_mean_ewm,10,0.9526041507244928,False
player_form_logistic,team_strength,2,add,adjusted_shots_lineup_mean_5,10,0.9527648528488475,False
player_form_logistic,team_strength,2,add,starters_without_full_window,10,0.9528908026085819,False
player_form_logistic,team_strength,2,add,adjusted_defensive_actions_lineup_std_across_starters_5,10,0.9530945476254622,False
player_form_logistic,team_strength,2,add,adjusted_key_passes_lineup_mean_5,10,0.954858188114964,False
player_form_logistic,team_strength,2,remove,key_passes_per90_sum_5,8,0.9577429406981521,False
player_form_logistic,team_strength,3,add,adjusted_defensive_actions_lineup_mean_5,9,0.949566353743026,True
player_form_logistic,team_strength,3,remove,elo_expected_result,7,0.9495862124126042,False
player_form_logistic,team_strength,3,remove,attack_goal_rate_ewm,7,0.9497587943408189,False
player_form_logistic,team_strength,3,add,adjusted_key_passes_lineup_std_across_starters_5,9,0.9497826516020705,False
player_form_logistic,team_strength,3,remove,expected_goals_strength,7,0.9497980277067299,False
player_form_logistic,team_strength,3,add,defensive_actions_per90_sum_5,9,0.9499434010153726,False
player_form_logistic,team_strength,3,add,rating_lineup_mean_trend_1_5,9,0.9500394533801244,False
player_form_logistic,team_strength,3,add,new_player_pairs,9,0.9500449090651674,False
player_form_logistic,team_strength,3,add,adjusted_shots_lineup_mean_1,9,0.9501101403481114,False
player_form_logistic,team_strength,3,remove,defence_goal_rate_ewm,7,0.9501131516076216,False
player_form_logistic,team_strength,3,add,mean_pairwise_prior_minutes,9,0.950149199129942,False
player_form_logistic,team_strength,3,add,mean_pairwise_prior_starts,9,0.9501562375420158,False
player_form_logistic,team_strength,3,add,gk_saves_per90_5,9,0.9501818315477151,False
player_form_logistic,team_strength,3,add,defensive_actions_per90_lineup_mean_3,9,0.9502459253337325,False
player_form_logistic,team_strength,3,add,shots_per90_lineup_mean_ewm,9,0.9502541981853156,False
player_form_logistic,team_strength,3,add,shots_per90_lineup_mean_1,9,0.9502872303764799,False
player_form_logistic,team_strength,3,remove,elo_difference,7,0.9503170878822805,False
player_form_logistic,team_strength,3,remove,elo_rating,7,0.9503170878822913,False
player_form_logistic,team_strength,3,remove,opponent_elo_rating,7,0.9503170878822913,False
player_form_logistic,team_strength,3,add,rating_lineup_std_across_starters_5,9,0.9503436345478007,False
player_form_logistic,team_strength,3,add,adjusted_defensive_actions_lineup_mean_3,9,0.9503525009099383,False
player_form_logistic,team_strength,3,add,rating_mean_5,9,0.9503742311760279,False
player_form_logistic,team_strength,3,add,rating_lineup_mean_ewm,9,0.950376313326892,False
player_form_logistic,team_strength,3,add,mid_rating_mean_5,9,0.9503858956913536,False
player_form_logistic,team_strength,3,add,gk_count,9,0.9503903724168712,False
player_form_logistic,team_strength,3,add,adjusted_shots_lineup_mean_ewm,9,0.9504013644823461,False
player_form_logistic,team_strength,3,add,adjusted_rating_lineup_mean_trend_1_5,9,0.9504274132128598,False
player_form_logistic,team_strength,3,add,key_passes_per90_lineup_mean_3,9,0.9504290666309625,False
player_form_logistic,team_strength,3,add,adjusted_key_passes_lineup_mean_1,9,0.9504463748550824,False
player_form_logistic,team_strength,3,add,rating_lineup_min_5,9,0.9504556575665191,False
player_form_logistic,team_strength,3,add,shots_per90_lineup_mean_trend_1_5,9,0.9504719612969761,False
player_form_logistic,team_strength,3,add,adjusted_shots_lineup_mean_trend_1_5,9,0.9504819840645609,False
player_form_logistic,team_strength,3,add,rating_lineup_mean_3,9,0.9505027846566982,False
player_form_logistic,team_strength,3,add,adjusted_rating_lineup_std_across_starters_5,9,0.9505056718793177,False
player_form_logistic,team_strength,3,add,shots_per90_lineup_mean_3,9,0.9505094151715081,False
player_form_logistic,team_strength,3,add,adjusted_shots_lineup_mean_std_5,9,0.9505237479623522,False
player_form_logistic,team_strength,3,add,gk_rating_mean_5,9,0.9505282421989437,False
player_form_logistic,team_strength,3,add,rating_lineup_max_5,9,0.9505375374665261,False
player_form_logistic,team_strength,3,add,rating_lineup_mean_1,9,0.9505405605703985,False
player_form_logistic,team_strength,3,add,mid_count,9,0.9505528029496528,False
player_form_logistic,team_strength,3,add,adjusted_defensive_actions_lineup_mean_1,9,0.9505745866391813,False
player_form_logistic,team_strength,3,add,key_passes_per90_lineup_mean_1,9,0.9505792243308816,False
player_form_logistic,team_strength,3,add,adjusted_key_passes_lineup_mean_std_5,9,0.9505869846388721,False
player_form_logistic,team_strength,3,add,defensive_actions_per90_lineup_mean_1,9,0.9505925676291282,False
player_form_logistic,team_strength,3,add,mid_adjusted_key_passes_5,9,0.9505959751352764,False
player_form_logistic,team_strength,3,add,adjusted_key_passes_lineup_mean_trend_1_5,9,0.9505989143460097,False
player_form_logistic,team_strength,3,add,rating_lineup_top3_mean_5,9,0.950606625874739,False
player_form_logistic,team_strength,3,add,key_passes_per90_lineup_mean_trend_1_5,9,0.9506120258811923,False
player_form_logistic,team_strength,3,add,retained_starters,9,0.9506210630378973,False
player_form_logistic,team_strength,3,add,defensive_actions_per90_lineup_mean_trend_1_5,9,0.950628247694723,False
player_form_logistic,team_strength,3,add,shots_per90_sum_5,9,0.9506292744445437,False
player_form_logistic,team_strength,3,add,adjusted_defensive_actions_lineup_mean_trend_1_5,9,0.9506470824646064,False
player_form_logistic,team_strength,3,add,adjusted_rating_lineup_mean_1,9,0.9506889217735649,False
player_form_logistic,team_strength,3,add,replacement_quality,9,0.950704688970953,False
player_form_logistic,team_strength,3,add,fwd_adjusted_shots_5,9,0.9507055790482178,False
player_form_logistic,team_strength,3,add,adjusted_defensive_actions_lineup_mean_ewm,9,0.9507236957913391,False
player_form_logistic,team_strength,3,add,key_passes_per90_lineup_mean_ewm,9,0.9507562296845735,False
player_form_logistic,team_strength,3,add,missing_regular_starters,9,0.9507720602464835,False
player_form_logistic,team_strength,3,add,starters_without_history,9,0.9507897540999641,False
player_form_logistic,team_strength,3,add,adjusted_shots_lineup_std_across_starters_5,9,0.9507932076224577,False
player_form_logistic,team_strength,3,add,recent_minutes_sum_5,9,0.9508173281145768,False
player_form_logistic,team_strength,3,add,def_adjusted_defensive_actions_5,9,0.9508202953597373,False
player_form_logistic,team_strength,3,add,def_rating_mean_5,9,0.950826990975588,False
player_form_logistic,team_strength,3,add,adjusted_key_passes_lineup_mean_ewm,9,0.9508333085889504,False
player_form_logistic,team_strength,3,add,new_starters,9,0.9508622940670106,False
player_form_logistic,team_strength,3,add,adjusted_defensive_actions_lineup_mean_std_5,9,0.9509382515549101,False
player_form_logistic,team_strength,3,add,fwd_rating_mean_5,9,0.9509492844242737,False
player_form_logistic,team_strength,3,add,adjusted_rating_lineup_mean_std_5,9,0.9509497485697844,False
player_form_logistic,team_strength,3,add,rating_lineup_mean_std_5,9,0.9509695492133132,False
player_form_logistic,team_strength,3,add,adjusted_rating_lineup_mean_5,9,0.9510156193133643,False
player_form_logistic,team_strength,3,add,adjusted_rating_lineup_mean_3,9,0.9510399649705277,False
player_form_logistic,team_strength,3,add,adjusted_key_passes_lineup_mean_3,9,0.9510563780301631,False
player_form_logistic,team_strength,3,add,adjusted_rating_lineup_mean_ewm,9,0.9510712883626204,False
player_form_logistic,team_strength,3,add,fwd_count,9,0.9511252775844232,False
player_form_logistic,team_strength,3,add,adjusted_shots_lineup_mean_3,9,0.9511670183316654,False
player_form_logistic,team_strength,3,add,def_count,9,0.9511729732144611,False
player_form_logistic,team_strength,3,add,defensive_actions_per90_lineup_mean_ewm,9,0.9512049334581654,False
player_form_logistic,team_strength,3,add,adjusted_shots_lineup_mean_5,9,0.9513586369411227,False
player_form_logistic,team_strength,3,add,starters_without_full_window,9,0.9516905022633269,False
player_form_logistic,team_strength,3,add,adjusted_defensive_actions_lineup_std_across_starters_5,9,0.9517461758287907,False
player_form_logistic,team_strength,3,add,prior_team_matches,9,0.9518213471110755,False
player_form_logistic,team_strength,3,add,adjusted_key_passes_lineup_mean_5,9,0.9530992815477264,False
player_form_logistic,team_strength,3,remove,key_passes_per90_sum_5,7,0.9561298516335686,False
player_form_logistic,team_strength,4,remove,elo_expected_result,8,0.9487621838341612,True
player_form_logistic,team_strength,4,add,adjusted_key_passes_lineup_std_across_starters_5,10,0.9489426958448608,False
player_form_logistic,team_strength,4,remove,attack_goal_rate_ewm,8,0.9490174916439749,False
player_form_logistic,team_strength,4,remove,expected_goals_strength,8,0.9490184768660255,False
player_form_logistic,team_strength,4,add,new_player_pairs,10,0.949122212381132,False
player_form_logistic,team_strength,4,add,rating_lineup_mean_trend_1_5,10,0.9491621203392905,False
player_form_logistic,team_strength,4,add,mean_pairwise_prior_starts,10,0.9492334915266176,False
player_form_logistic,team_strength,4,add,mean_pairwise_prior_minutes,10,0.9492389255774354,False
player_form_logistic,team_strength,4,remove,defence_goal_rate_ewm,8,0.9492737412363077,False
player_form_logistic,team_strength,4,add,adjusted_shots_lineup_mean_1,10,0.949297838065612,False
player_form_logistic,team_strength,4,add,defensive_actions_per90_lineup_mean_3,10,0.9493247193489766,False
player_form_logistic,team_strength,4,add,gk_saves_per90_5,10,0.9493747870255678,False
player_form_logistic,team_strength,4,add,shots_per90_lineup_mean_1,10,0.9494592885026183,False
player_form_logistic,team_strength,4,add,rating_lineup_std_across_starters_5,10,0.9494714308262358,False
player_form_logistic,team_strength,4,remove,elo_difference,8,0.9494898526554685,False
player_form_logistic,team_strength,4,remove,elo_rating,8,0.9494898526554687,False
player_form_logistic,team_strength,4,remove,opponent_elo_rating,8,0.9494898526554687,False
player_form_logistic,team_strength,4,add,rating_mean_5,10,0.949544421326942,False
player_form_logistic,team_strength,4,add,shots_per90_lineup_mean_ewm,10,0.9495500997260513,False
player_form_logistic,team_strength,4,add,rating_lineup_mean_ewm,10,0.9495658558459841,False
player_form_logistic,team_strength,4,add,gk_count,10,0.949566353743025,False
player_form_logistic,team_strength,4,add,key_passes_per90_lineup_mean_3,10,0.9495725519267,False
player_form_logistic,team_strength,4,add,mid_rating_mean_5,10,0.9495802160235463,False
player_form_logistic,team_strength,4,add,rating_lineup_min_5,10,0.9495962814535426,False
player_form_logistic,team_strength,4,add,adjusted_rating_lineup_mean_trend_1_5,10,0.9495976237423143,False
player_form_logistic,team_strength,4,add,adjusted_rating_lineup_std_across_starters_5,10,0.9496191783365242,False
player_form_logistic,team_strength,4,add,adjusted_key_passes_lineup_mean_1,10,0.9496299268381816,False
player_form_logistic,team_strength,4,add,rating_lineup_mean_1,10,0.949665821201745,False
player_form_logistic,team_strength,4,add,adjusted_shots_lineup_mean_trend_1_5,10,0.949667372305357,False
player_form_logistic,team_strength,4,add,shots_per90_lineup_mean_trend_1_5,10,0.9496751919025779,False
player_form_logistic,team_strength,4,add,rating_lineup_mean_3,10,0.9496773784450068,False
player_form_logistic,team_strength,4,add,mid_count,10,0.9496997436577636,False
player_form_logistic,team_strength,4,add,rating_lineup_max_5,10,0.9497081082186936,False
player_form_logistic,team_strength,4,add,adjusted_shots_lineup_mean_std_5,10,0.9497105010845159,False
player_form_logistic,team_strength,4,add,gk_rating_mean_5,10,0.9497162130078862,False
player_form_logistic,team_strength,4,add,adjusted_shots_lineup_mean_ewm,10,0.9497238594676096,False
player_form_logistic,team_strength,4,add,retained_starters,10,0.9497400751299223,False
player_form_logistic,team_strength,4,add,mid_adjusted_key_passes_5,10,0.9497412053407077,False
player_form_logistic,team_strength,4,add,shots_per90_lineup_mean_3,10,0.9497529301986317,False
player_form_logistic,team_strength,4,add,adjusted_key_passes_lineup_mean_std_5,10,0.9497545006021186,False
player_form_logistic,team_strength,4,add,key_passes_per90_lineup_mean_1,10,0.9497623027916879,False
player_form_logistic,team_strength,4,add,adjusted_key_passes_lineup_mean_trend_1_5,10,0.9497690405918138,False
player_form_logistic,team_strength,4,add,key_passes_per90_lineup_mean_trend_1_5,10,0.9497830927366082,False
player_form_logistic,team_strength,4,add,rating_lineup_top3_mean_5,10,0.9497840572397364,False
player_form_logistic,team_strength,4,add,adjusted_defensive_actions_lineup_mean_3,10,0.949788721729097,False
player_form_logistic,team_strength,4,add,defensive_actions_per90_lineup_mean_trend_1_5,10,0.9498013052351062,False
player_form_logistic,team_strength,4,add,adjusted_defensive_actions_lineup_mean_1,10,0.9498013420849258,False
player_form_logistic,team_strength,4,add,adjusted_defensive_actions_lineup_mean_trend_1_5,10,0.9498027044762978,False
player_form_logistic,team_strength,4,add,adjusted_rating_lineup_mean_1,10,0.9498340373411771,False
player_form_logistic,team_strength,4,add,missing_regular_starters,10,0.9498391767297498,False
player_form_logistic,team_strength,4,add,replacement_quality,10,0.949852468527561,False
player_form_logistic,team_strength,4,add,defensive_actions_per90_lineup_mean_1,10,0.9498574111356006,False
player_form_logistic,team_strength,4,add,fwd_adjusted_shots_5,10,0.9499249857095653,False
player_form_logistic,team_strength,4,add,key_passes_per90_lineup_mean_ewm,10,0.9499308716360426,False
player_form_logistic,team_strength,4,add,shots_per90_sum_5,10,0.9499345464644662,False
player_form_logistic,team_strength,4,add,new_starters,10,0.9499384240914579,False
player_form_logistic,team_strength,4,add,adjusted_key_passes_lineup_mean_ewm,10,0.9499636844904797,False
player_form_logistic,team_strength,4,add,recent_minutes_sum_5,10,0.9499651039931114,False
player_form_logistic,team_strength,4,add,starters_without_history,10,0.9499859258335309,False
player_form_logistic,team_strength,4,add,def_rating_mean_5,10,0.9500226457933002,False
player_form_logistic,team_strength,4,add,adjusted_shots_lineup_std_across_starters_5,10,0.9500336375754316,False
player_form_logistic,team_strength,4,add,rating_lineup_mean_std_5,10,0.9500656960370679,False
player_form_logistic,team_strength,4,add,adjusted_rating_lineup_mean_5,10,0.9500968102330891,False
player_form_logistic,team_strength,4,add,adjusted_rating_lineup_mean_std_5,10,0.9501088837260944,False
player_form_logistic,team_strength,4,add,fwd_rating_mean_5,10,0.9501093670089903,False
player_form_logistic,team_strength,4,add,adjusted_rating_lineup_mean_3,10,0.9501660083957872,False
player_form_logistic,team_strength,4,add,adjusted_rating_lineup_mean_ewm,10,0.950170755617735,False
player_form_logistic,team_strength,4,add,adjusted_key_passes_lineup_mean_3,10,0.9501738663135124,False
player_form_logistic,team_strength,4,add,adjusted_defensive_actions_lineup_mean_std_5,10,0.9501742565420359,False
player_form_logistic,team_strength,4,add,defensive_actions_per90_sum_5,10,0.9502704526205104,False
player_form_logistic,team_strength,4,add,def_count,10,0.9503231756664454,False
player_form_logistic,team_strength,4,add,fwd_count,10,0.9503249820961565,False
player_form_logistic,team_strength,4,remove,adjusted_defensive_actions_lineup_mean_5,8,0.9503903724168719,False
player_form_logistic,team_strength,4,add,adjusted_shots_lineup_mean_3,10,0.9503996705972262,False
player_form_logistic,team_strength,4,add,def_adjusted_defensive_actions_5,10,0.9504857051710531,False
player_form_logistic,team_strength,4,add,adjusted_shots_lineup_mean_5,10,0.9506045403378529,False
player_form_logistic,team_strength,4,add,adjusted_defensive_actions_lineup_mean_ewm,10,0.9506222729247851,False
player_form_logistic,team_strength,4,add,starters_without_full_window,10,0.9508774665423033,False
player_form_logistic,team_strength,4,add,defensive_actions_per90_lineup_mean_ewm,10,0.9509514848990929,False
player_form_logistic,team_strength,4,add,prior_team_matches,10,0.9510407643992289,False
player_form_logistic,team_strength,4,add,adjusted_defensive_actions_lineup_std_across_starters_5,10,0.9516978198731655,False
player_form_logistic,team_strength,4,add,adjusted_key_passes_lineup_mean_5,10,0.9520002168367085,False
player_form_logistic,team_strength,4,remove,key_passes_per90_sum_5,8,0.9555261122612113,False
player_form_logistic,team_strength,5,add,adjusted_key_passes_lineup_std_across_starters_5,9,0.9480560827689359,True
player_form_logistic,team_strength,5,remove,attack_goal_rate_ewm,7,0.9480646170620763,False
player_form_logistic,team_strength,5,remove,expected_goals_strength,7,0.9481238175357314,False
player_form_logistic,team_strength,5,add,new_player_pairs,9,0.9483513429781573,False
player_form_logistic,team_strength,5,add,rating_lineup_mean_trend_1_5,9,0.9483606290273479,False
player_form_logistic,team_strength,5,remove,defence_goal_rate_ewm,7,0.9484130781178493,False
player_form_logistic,team_strength,5,add,mean_pairwise_prior_starts,9,0.9484345942300774,False
player_form_logistic,team_strength,5,add,mean_pairwise_prior_minutes,9,0.9484471161804229,False
player_form_logistic,team_strength,5,add,adjusted_shots_lineup_mean_1,9,0.9484855025047054,False
player_form_logistic,team_strength,5,add,defensive_actions_per90_lineup_mean_3,9,0.9485102532469983,False
player_form_logistic,team_strength,5,add,gk_saves_per90_5,9,0.9485750624082798,False
player_form_logistic,team_strength,5,add,shots_per90_lineup_mean_1,9,0.9486576895315737,False
player_form_logistic,team_strength,5,add,rating_lineup_std_across_starters_5,9,0.9486665743593332,False
player_form_logistic,team_strength,5,add,shots_per90_lineup_mean_ewm,9,0.9487134902806216,False
player_form_logistic,team_strength,5,add,mid_rating_mean_5,9,0.9487304885984709,False
player_form_logistic,team_strength,5,remove,elo_difference,7,0.9487414193754686,False
player_form_logistic,team_strength,5,remove,elo_rating,7,0.9487414193754686,False
player_form_logistic,team_strength,5,remove,opponent_elo_rating,7,0.9487414193754686,False
player_form_logistic,team_strength,5,add,gk_count,9,0.9487621838341604,False
player_form_logistic,team_strength,5,add,rating_mean_5,9,0.9487768355222906,False
player_form_logistic,team_strength,5,add,rating_lineup_mean_ewm,9,0.948782550499719,False
player_form_logistic,team_strength,5,add,key_passes_per90_lineup_mean_3,9,0.9487871097122396,False
player_form_logistic,team_strength,5,add,adjusted_rating_lineup_mean_trend_1_5,9,0.9487885640829847,False
player_form_logistic,team_strength,5,add,rating_lineup_min_5,9,0.9487885940956259,False
player_form_logistic,team_strength,5,add,adjusted_shots_lineup_mean_ewm,9,0.9488006792688619,False
player_form_logistic,team_strength,5,add,adjusted_rating_lineup_std_across_starters_5,9,0.948823315650659,False
player_form_logistic,team_strength,5,add,adjusted_shots_lineup_mean_trend_1_5,9,0.948833329588073,False
player_form_logistic,team_strength,5,add,adjusted_key_passes_lineup_mean_1,9,0.9488447228179644,False
player_form_logistic,team_strength,5,add,rating_lineup_mean_1,9,0.9488535089230155,False
player_form_logistic,team_strength,5,add,shots_per90_lineup_mean_trend_1_5,9,0.9488592853608693,False
player_form_logistic,team_strength,5,add,shots_per90_lineup_mean_3,9,0.9488849855273873,False
player_form_logistic,team_strength,5,add,adjusted_shots_lineup_mean_std_5,9,0.9488952699224464,False
player_form_logistic,team_strength,5,add,mid_count,9,0.948903365415431,False
player_form_logistic,team_strength,5,add,rating_lineup_mean_3,9,0.9489086577517298,False
player_form_logistic,team_strength,5,add,rating_lineup_max_5,9,0.9489128047166789,False
player_form_logistic,team_strength,5,add,gk_rating_mean_5,9,0.9489137409469586,False
player_form_logistic,team_strength,5,add,mid_adjusted_key_passes_5,9,0.9489191940722943,False
player_form_logistic,team_strength,5,add,adjusted_key_passes_lineup_mean_std_5,9,0.9489208116919857,False
player_form_logistic,team_strength,5,add,retained_starters,9,0.9489255073170055,False
player_form_logistic,team_strength,5,add,adjusted_key_passes_lineup_mean_trend_1_5,9,0.9489476559206884,False
player_form_logistic,team_strength,5,add,key_passes_per90_lineup_mean_1,9,0.9489595430487135,False
player_form_logistic,team_strength,5,add,key_passes_per90_lineup_mean_trend_1_5,9,0.9489667130117536,False
player_form_logistic,team_strength,5,add,adjusted_defensive_actions_lineup_mean_3,9,0.9489756540324139,False
player_form_logistic,team_strength,5,add,adjusted_defensive_actions_lineup_mean_1,9,0.9489851926360875,False
player_form_logistic,team_strength,5,add,adjusted_defensive_actions_lineup_mean_trend_1_5,9,0.9489874215465572,False
player_form_logistic,team_strength,5,add,defensive_actions_per90_lineup_mean_trend_1_5,9,0.9489917523110682,False
player_form_logistic,team_strength,5,add,rating_lineup_top3_mean_5,9,0.9489930369197712,False
player_form_logistic,team_strength,5,add,missing_regular_starters,9,0.9490347082256776,False
player_form_logistic,team_strength,5,add,adjusted_rating_lineup_mean_1,9,0.9490388098687018,False
player_form_logistic,team_strength,5,add,defensive_actions_per90_lineup_mean_1,9,0.9490595180392907,False
player_form_logistic,team_strength,5,add,replacement_quality,9,0.9490645346313603,False
player_form_logistic,team_strength,5,add,shots_per90_sum_5,9,0.9490672979080779,False
player_form_logistic,team_strength,5,add,fwd_adjusted_shots_5,9,0.9490934351020326,False
player_form_logistic,team_strength,5,add,key_passes_per90_lineup_mean_ewm,9,0.9490945308046856,False
player_form_logistic,team_strength,5,add,new_starters,9,0.949104891736579,False
player_form_logistic,team_strength,5,add,starters_without_history,9,0.949136836122641,False
player_form_logistic,team_strength,5,add,adjusted_key_passes_lineup_mean_ewm,9,0.9491471028005931,False
player_form_logistic,team_strength,5,add,adjusted_shots_lineup_std_across_starters_5,9,0.9491955525296456,False
player_form_logistic,team_strength,5,add,adjusted_rating_lineup_mean_5,9,0.9491972065237693,False
player_form_logistic,team_strength,5,add,recent_minutes_sum_5,9,0.9491978729323498,False
player_form_logistic,team_strength,5,add,def_rating_mean_5,9,0.9492613067066362,False
player_form_logistic,team_strength,5,add,adjusted_rating_lineup_mean_ewm,9,0.9492960064660094,False
player_form_logistic,team_strength,5,add,adjusted_rating_lineup_mean_3,9,0.949303131286626,False
player_form_logistic,team_strength,5,add,rating_lineup_mean_std_5,9,0.9493108036507125,False
player_form_logistic,team_strength,5,add,adjusted_rating_lineup_mean_std_5,9,0.9493225305149187,False
player_form_logistic,team_strength,5,add,fwd_rating_mean_5,9,0.9493248831953486,False
player_form_logistic,team_strength,5,add,adjusted_key_passes_lineup_mean_3,9,0.9493634879245593,False
player_form_logistic,team_strength,5,add,adjusted_defensive_actions_lineup_mean_std_5,9,0.9494195740212887,False
player_form_logistic,team_strength,5,add,adjusted_shots_lineup_mean_3,9,0.949430186557686,False
player_form_logistic,team_strength,5,add,fwd_count,9,0.9494934495330685,False
player_form_logistic,team_strength,5,add,defensive_actions_per90_sum_5,9,0.9495213613738542,False
player_form_logistic,team_strength,5,add,def_count,9,0.949527520276644,False
player_form_logistic,team_strength,5,add,adjusted_shots_lineup_mean_5,9,0.9495629075301705,False
player_form_logistic,team_strength,5,add,elo_expected_result,9,0.9495663537430263,False
player_form_logistic,team_strength,5,remove,adjusted_defensive_actions_lineup_mean_5,7,0.9495862124126042,False
player_form_logistic,team_strength,5,add,def_adjusted_defensive_actions_5,9,0.9496168460898282,False
player_form_logistic,team_strength,5,add,adjusted_defensive_actions_lineup_mean_ewm,9,0.9498837966375779,False
player_form_logistic,team_strength,5,add,starters_without_full_window,9,0.9501345021668547,False
player_form_logistic,team_strength,5,add,defensive_actions_per90_lineup_mean_ewm,9,0.9502156454791455,False
player_form_logistic,team_strength,5,add,prior_team_matches,9,0.9502984226261333,False
player_form_logistic,team_strength,5,add,adjusted_key_passes_lineup_mean_5,9,0.9508602154906773,False
player_form_logistic,team_strength,5,add,adjusted_defensive_actions_lineup_std_across_starters_5,9,0.9509620513906161,False
player_form_logistic,team_strength,5,remove,key_passes_per90_sum_5,7,0.9545318535772132,False
player_form_logistic,team_strength,6,remove,attack_goal_rate_ewm,8,0.9473751391582566,True
player_form_logistic,team_strength,6,remove,expected_goals_strength,8,0.9474294743860525,False
player_form_logistic,team_strength,6,add,rating_lineup_mean_trend_1_5,10,0.9476433161364366,False
player_form_logistic,team_strength,6,remove,defence_goal_rate_ewm,8,0.9477119253763939,False
player_form_logistic,team_strength,6,add,mean_pairwise_prior_starts,10,0.9478033237298811,False
player_form_logistic,team_strength,6,add,adjusted_shots_lineup_mean_1,10,0.9478081854634821,False
player_form_logistic,team_strength,6,add,mean_pairwise_prior_minutes,10,0.9478155688371255,False
player_form_logistic,team_strength,6,add,new_player_pairs,10,0.9478219615614418,False
player_form_logistic,team_strength,6,add,defensive_actions_per90_lineup_mean_3,10,0.9478256363309048,False
player_form_logistic,team_strength,6,add,gk_saves_per90_5,10,0.9478474959957701,False
player_form_logistic,team_strength,6,add,shots_per90_lineup_mean_1,10,0.9479752510043193,False
player_form_logistic,team_strength,6,add,rating_lineup_std_across_starters_5,10,0.9480139705945976,False
player_form_logistic,team_strength,6,add,shots_per90_lineup_mean_ewm,10,0.948018956608955,False
player_form_logistic,team_strength,6,remove,elo_difference,8,0.9480489521221973,False
player_form_logistic,team_strength,6,remove,elo_rating,8,0.9480489521221973,False
player_form_logistic,team_strength,6,remove,opponent_elo_rating,8,0.9480489521221973,False
player_form_logistic,team_strength,6,add,gk_count,10,0.9480560827689359,False
player_form_logistic,team_strength,6,add,key_passes_per90_lineup_mean_3,10,0.9480588617743321,False
player_form_logistic,team_strength,6,add,mid_rating_mean_5,10,0.9480706368313802,False
player_form_logistic,team_strength,6,add,adjusted_rating_lineup_mean_trend_1_5,10,0.9480795855472068,False
player_form_logistic,team_strength,6,add,adjusted_shots_lineup_mean_ewm,10,0.9480823027050347,False
player_form_logistic,team_strength,6,add,adjusted_key_passes_lineup_mean_1,10,0.9480976666583328,False
player_form_logistic,team_strength,6,add,rating_lineup_min_5,10,0.9481065619337026,False
player_form_logistic,team_strength,6,add,adjusted_shots_lineup_mean_trend_1_5,10,0.9481306546554202,False
player_form_logistic,team_strength,6,add,shots_per90_lineup_mean_trend_1_5,10,0.9481540052526285,False
player_form_logistic,team_strength,6,add,rating_mean_5,10,0.9481682558697553,False
player_form_logistic,team_strength,6,add,rating_lineup_max_5,10,0.9481734336901573,False
player_form_logistic,team_strength,6,add,rating_lineup_mean_ewm,10,0.9481763176811493,False
player_form_logistic,team_strength,6,add,mid_count,10,0.9481791348036424,False
player_form_logistic,team_strength,6,add,adjusted_rating_lineup_std_across_starters_5,10,0.9481880795999966,False
player_form_logistic,team_strength,6,add,adjusted_key_passes_lineup_mean_trend_1_5,10,0.9481936751071759,False
player_form_logistic,team_strength,6,add,adjusted_shots_lineup_mean_std_5,10,0.9481974175815104,False
player_form_logistic,team_strength,6,add,rating_lineup_mean_1,10,0.9481986897239822,False
player_form_logistic,team_strength,6,add,gk_rating_mean_5,10,0.948216004697757,False
player_form_logistic,team_strength,6,add,key_passes_per90_lineup_mean_trend_1_5,10,0.9482207779067139,False
player_form_logistic,team_strength,6,add,key_passes_per90_lineup_mean_1,10,0.9482220411065534,False
player_form_logistic,team_strength,6,add,adjusted_key_passes_lineup_mean_std_5,10,0.9482366173695489,False
player_form_logistic,team_strength,6,add,mid_adjusted_key_passes_5,10,0.948238125250374,False
player_form_logistic,team_strength,6,add,rating_lineup_top3_mean_5,10,0.9482519503676319,False
player_form_logistic,team_strength,6,add,shots_per90_lineup_mean_3,10,0.9482570566590106,False
player_form_logistic,team_strength,6,add,rating_lineup_mean_3,10,0.9482617627868803,False
player_form_logistic,team_strength,6,add,adjusted_defensive_actions_lineup_mean_1,10,0.9482633075777813,False
player_form_logistic,team_strength,6,add,adjusted_defensive_actions_lineup_mean_trend_1_5,10,0.9482734020559492,False
player_form_logistic,team_strength,6,add,defensive_actions_per90_lineup_mean_trend_1_5,10,0.948281387504982,False
player_form_logistic,team_strength,6,add,adjusted_defensive_actions_lineup_mean_3,10,0.9482980137011976,False
player_form_logistic,team_strength,6,add,adjusted_rating_lineup_mean_1,10,0.9483142420689333,False
player_form_logistic,team_strength,6,add,retained_starters,10,0.9483233732264917,False
player_form_logistic,team_strength,6,add,defensive_actions_per90_lineup_mean_1,10,0.9483323191771258,False
player_form_logistic,team_strength,6,add,key_passes_per90_lineup_mean_ewm,10,0.9483334406263187,False
player_form_logistic,team_strength,6,add,replacement_quality,10,0.9483669128313585,False
player_form_logistic,team_strength,6,add,missing_regular_starters,10,0.9483711661639851,False
player_form_logistic,team_strength,6,add,shots_per90_sum_5,10,0.9483781208112259,False
player_form_logistic,team_strength,6,add,fwd_adjusted_shots_5,10,0.9483943308679101,False
player_form_logistic,team_strength,6,add,adjusted_key_passes_lineup_mean_ewm,10,0.948413668614773,False
player_form_logistic,team_strength,6,add,starters_without_history,10,0.948433558987368,False
player_form_logistic,team_strength,6,add,new_starters,10,0.9484760839702711,False
player_form_logistic,team_strength,6,add,adjusted_shots_lineup_std_across_starters_5,10,0.9485284427238327,False
player_form_logistic,team_strength,6,add,recent_minutes_sum_5,10,0.948547012716972,False
player_form_logistic,team_strength,6,add,adjusted_rating_lineup_mean_3,10,0.9485750548598515,False
player_form_logistic,team_strength,6,add,def_rating_mean_5,10,0.9485823680830027,False
player_form_logistic,team_strength,6,add,rating_lineup_mean_std_5,10,0.9485937833194886,False
player_form_logistic,team_strength,6,add,adjusted_rating_lineup_mean_5,10,0.948596144778806,False
player_form_logistic,team_strength,6,add,adjusted_rating_lineup_mean_std_5,10,0.9486094947555084,False
player_form_logistic,team_strength,6,add,adjusted_rating_lineup_mean_ewm,10,0.9486454684681873,False
player_form_logistic,team_strength,6,add,adjusted_key_passes_lineup_mean_3,10,0.9486540190857748,False
player_form_logistic,team_strength,6,add,fwd_rating_mean_5,10,0.948684122480275,False
player_form_logistic,team_strength,6,add,def_count,10,0.9487204437037069,False
player_form_logistic,team_strength,6,add,adjusted_defensive_actions_lineup_mean_std_5,10,0.9487257661703327,False
player_form_logistic,team_strength,6,remove,adjusted_key_passes_lineup_std_across_starters_5,8,0.9487621838341612,False
player_form_logistic,team_strength,6,add,fwd_count,10,0.9487812704849513,False
player_form_logistic,team_strength,6,add,defensive_actions_per90_sum_5,10,0.9487907127068269,False
player_form_logistic,team_strength,6,add,adjusted_shots_lineup_mean_3,10,0.9487924073393321,False
player_form_logistic,team_strength,6,add,adjusted_shots_lineup_mean_5,10,0.9488734107345425,False
player_form_logistic,team_strength,6,add,def_adjusted_defensive_actions_5,10,0.9489220490855437,False
player_form_logistic,team_strength,6,remove,adjusted_defensive_actions_lineup_mean_5,8,0.9489366413107567,False
player_form_logistic,team_strength,6,add,elo_expected_result,10,0.9489426958448601,False
player_form_logistic,team_strength,6,add,adjusted_defensive_actions_lineup_mean_ewm,10,0.9491297734782036,False
player_form_logistic,team_strength,6,add,starters_without_full_window,10,0.9493590612039426,False
player_form_logistic,team_strength,6,add,defensive_actions_per90_lineup_mean_ewm,10,0.9494632934905098,False
player_form_logistic,team_strength,6,add,prior_team_matches,10,0.9497435093796355,False
player_form_logistic,team_strength,6,add,adjusted_defensive_actions_lineup_std_across_starters_5,10,0.9500913037052678,False
player_form_logistic,team_strength,6,add,adjusted_key_passes_lineup_mean_5,10,0.9502802854815162,False
player_form_logistic,team_strength,6,remove,key_passes_per90_sum_5,8,0.9538401009387911,False
player_form_logistic,legacy_player_form + team_strength,1,remove,prior_team_matches,14,0.9526116840142744,True
player_form_logistic,legacy_player_form + team_strength,1,remove,starters_without_full_window,14,0.9528463851395157,False
player_form_logistic,legacy_player_form + team_strength,1,remove,elo_expected_result,14,0.953076918177181,False
player_form_logistic,legacy_player_form + team_strength,1,remove,attack_goal_rate_ewm,14,0.9531745514276093,False
player_form_logistic,legacy_player_form + team_strength,1,remove,expected_goals_strength,14,0.9531781240549331,False
player_form_logistic,legacy_player_form + team_strength,1,remove,starters_without_history,14,0.9531815152299776,False
player_form_logistic,legacy_player_form + team_strength,1,add,gk_saves_per90_5,16,0.9533244779404098,False
player_form_logistic,legacy_player_form + team_strength,1,add,adjusted_rating_lineup_mean_3,16,0.9533526822290066,False
player_form_logistic,legacy_player_form + team_strength,1,remove,recent_minutes_sum_5,14,0.9533739013693039,False
player_form_logistic,legacy_player_form + team_strength,1,add,adjusted_key_passes_lineup_std_across_starters_5,16,0.9533908837541102,False
player_form_logistic,legacy_player_form + team_strength,1,remove,rating_mean_5,14,0.9534684721651365,False
player_form_logistic,legacy_player_form + team_strength,1,add,rating_lineup_mean_trend_1_5,16,0.9534858460281859,False
player_form_logistic,legacy_player_form + team_strength,1,remove,defence_goal_rate_ewm,14,0.9534860286042792,False
player_form_logistic,legacy_player_form + team_strength,1,add,rating_lineup_mean_3,16,0.9535092829914569,False
player_form_logistic,legacy_player_form + team_strength,1,remove,shots_per90_sum_5,14,0.9535419487604371,False
player_form_logistic,legacy_player_form + team_strength,1,add,rating_lineup_mean_1,16,0.9535495441914255,False
player_form_logistic,legacy_player_form + team_strength,1,add,new_player_pairs,16,0.9536862922837097,False
player_form_logistic,legacy_player_form + team_strength,1,remove,elo_difference,14,0.9536915813783595,False
player_form_logistic,legacy_player_form + team_strength,1,remove,elo_rating,14,0.9536915813783606,False
player_form_logistic,legacy_player_form + team_strength,1,remove,opponent_elo_rating,14,0.9536915813783606,False
player_form_logistic,legacy_player_form + team_strength,1,add,adjusted_rating_lineup_mean_std_5,16,0.9536938505889786,False
player_form_logistic,legacy_player_form + team_strength,1,add,mean_pairwise_prior_minutes,16,0.9537287938690457,False
player_form_logistic,legacy_player_form + team_strength,1,add,mean_pairwise_prior_starts,16,0.9537469392807807,False
player_form_logistic,legacy_player_form + team_strength,1,add,rating_lineup_mean_std_5,16,0.9537495318561168,False
player_form_logistic,legacy_player_form + team_strength,1,add,gk_count,16,0.9537499165801975,False
player_form_logistic,legacy_player_form + team_strength,1,add,gk_rating_mean_5,16,0.9538003379472035,False
player_form_logistic,legacy_player_form + team_strength,1,add,adjusted_shots_lineup_mean_trend_1_5,16,0.9538236199064383,False
player_form_logistic,legacy_player_form + team_strength,1,add,adjusted_shots_lineup_std_across_starters_5,16,0.9538260465330037,False
player_form_logistic,legacy_player_form + team_strength,1,add,key_passes_per90_lineup_mean_3,16,0.9538474632294471,False
player_form_logistic,legacy_player_form + team_strength,1,add,rating_lineup_mean_ewm,16,0.9538515973905266,False
player_form_logistic,legacy_player_form + team_strength,1,add,shots_per90_lineup_mean_1,16,0.9538800767018574,False
player_form_logistic,legacy_player_form + team_strength,1,add,shots_per90_lineup_mean_trend_1_5,16,0.9538920059239948,False
player_form_logistic,legacy_player_form + team_strength,1,add,adjusted_rating_lineup_std_across_starters_5,16,0.9538981215653944,False
player_form_logistic,legacy_player_form + team_strength,1,add,rating_lineup_top3_mean_5,16,0.9539202884725413,False
player_form_logistic,legacy_player_form + team_strength,1,add,adjusted_rating_lineup_mean_trend_1_5,16,0.9539221455431159,False
player_form_logistic,legacy_player_form + team_strength,1,add,mid_rating_mean_5,16,0.9539243942070771,False
player_form_logistic,legacy_player_form + team_strength,1,add,mid_count,16,0.9539276998508912,False
player_form_logistic,legacy_player_form + team_strength,1,add,adjusted_shots_lineup_mean_1,16,0.9539354412898688,False
player_form_logistic,legacy_player_form + team_strength,1,add,adjusted_key_passes_lineup_mean_1,16,0.9539355892195158,False
player_form_logistic,legacy_player_form + team_strength,1,add,mid_adjusted_key_passes_5,16,0.9539398362757138,False
player_form_logistic,legacy_player_form + team_strength,1,add,adjusted_rating_lineup_mean_1,16,0.9539484163373607,False
player_form_logistic,legacy_player_form + team_strength,1,add,rating_lineup_max_5,16,0.9539545023301428,False
player_form_logistic,legacy_player_form + team_strength,1,add,key_passes_per90_lineup_mean_trend_1_5,16,0.9539565139302211,False
player_form_logistic,legacy_player_form + team_strength,1,add,rating_lineup_std_across_starters_5,16,0.9539603766499827,False
player_form_logistic,legacy_player_form + team_strength,1,add,adjusted_key_passes_lineup_mean_trend_1_5,16,0.953983979245052,False
player_form_logistic,legacy_player_form + team_strength,1,add,defensive_actions_per90_lineup_mean_3,16,0.9540136803352646,False
player_form_logistic,legacy_player_form + team_strength,1,add,adjusted_key_passes_lineup_mean_std_5,16,0.9540147241929136,False
player_form_logistic,legacy_player_form + team_strength,1,add,adjusted_shots_lineup_mean_std_5,16,0.9540408333273818,False
player_form_logistic,legacy_player_form + team_strength,1,add,key_passes_per90_lineup_mean_1,16,0.9540418732800724,False
player_form_logistic,legacy_player_form + team_strength,1,add,defensive_actions_per90_lineup_mean_1,16,0.9540457621996761,False
player_form_logistic,legacy_player_form + team_strength,1,add,adjusted_defensive_actions_lineup_mean_std_5,16,0.9540829905746233,False
player_form_logistic,legacy_player_form + team_strength,1,add,adjusted_defensive_actions_lineup_mean_trend_1_5,16,0.9540934692152425,False
player_form_logistic,legacy_player_form + team_strength,1,add,defensive_actions_per90_lineup_mean_trend_1_5,16,0.9540983696727301,False
player_form_logistic,legacy_player_form + team_strength,1,add,adjusted_defensive_actions_lineup_mean_5,16,0.9541028396270771,False
player_form_logistic,legacy_player_form + team_strength,1,add,shots_per90_lineup_mean_ewm,16,0.9541338586310928,False
player_form_logistic,legacy_player_form + team_strength,1,add,adjusted_defensive_actions_lineup_mean_1,16,0.9541364816206914,False
player_form_logistic,legacy_player_form + team_strength,1,add,adjusted_shots_lineup_mean_ewm,16,0.9541503000600502,False
player_form_logistic,legacy_player_form + team_strength,1,add,key_passes_per90_lineup_mean_ewm,16,0.9541742010728893,False
player_form_logistic,legacy_player_form + team_strength,1,remove,defensive_actions_per90_sum_5,14,0.9542047164340913,False
player_form_logistic,legacy_player_form + team_strength,1,add,rating_lineup_min_5,16,0.954254405420152,False
player_form_logistic,legacy_player_form + team_strength,1,add,fwd_adjusted_shots_5,16,0.9542690446939446,False
player_form_logistic,legacy_player_form + team_strength,1,add,fwd_rating_mean_5,16,0.9542707839527313,False
player_form_logistic,legacy_player_form + team_strength,1,add,adjusted_key_passes_lineup_mean_ewm,16,0.9543022713325673,False
player_form_logistic,legacy_player_form + team_strength,1,add,shots_per90_lineup_mean_3,16,0.9543413251592021,False
player_form_logistic,legacy_player_form + team_strength,1,add,retained_starters,16,0.9543607090929492,False
player_form_logistic,legacy_player_form + team_strength,1,add,adjusted_key_passes_lineup_mean_3,16,0.954390518690767,False
player_form_logistic,legacy_player_form + team_strength,1,add,fwd_count,16,0.9544304724832272,False
player_form_logistic,legacy_player_form + team_strength,1,add,new_starters,16,0.9544948395369814,False
player_form_logistic,legacy_player_form + team_strength,1,add,def_adjusted_defensive_actions_5,16,0.9545040953222846,False
player_form_logistic,legacy_player_form + team_strength,1,add,def_count,16,0.9545212439830382,False
player_form_logistic,legacy_player_form + team_strength,1,add,replacement_quality,16,0.9546754923901651,False
player_form_logistic,legacy_player_form + team_strength,1,add,adjusted_defensive_actions_lineup_mean_ewm,16,0.954688772166696,False
player_form_logistic,legacy_player_form + team_strength,1,add,adjusted_defensive_actions_lineup_mean_3,16,0.9547962148503496,False
player_form_logistic,legacy_player_form + team_strength,1,add,adjusted_defensive_actions_lineup_std_across_starters_5,16,0.9548080392945425,False
player_form_logistic,legacy_player_form + team_strength,1,add,missing_regular_starters,16,0.9548451154100661,False
player_form_logistic,legacy_player_form + team_strength,1,add,def_rating_mean_5,16,0.9548822022591797,False
player_form_logistic,legacy_player_form + team_strength,1,add,adjusted_rating_lineup_mean_ewm,16,0.9549622459977015,False
player_form_logistic,legacy_player_form + team_strength,1,add,defensive_actions_per90_lineup_mean_ewm,16,0.9549831388427702,False
player_form_logistic,legacy_player_form + team_strength,1,add,adjusted_shots_lineup_mean_3,16,0.9553980921771678,False
player_form_logistic,legacy_player_form + team_strength,1,add,adjusted_shots_lineup_mean_5,16,0.9559244996465501,False
player_form_logistic,legacy_player_form + team_strength,1,add,adjusted_rating_lineup_mean_5,16,0.9560716927256172,False
player_form_logistic,legacy_player_form + team_strength,1,add,adjusted_key_passes_lineup_mean_5,16,0.956293532336211,False
player_form_logistic,legacy_player_form + team_strength,1,remove,key_passes_per90_sum_5,14,0.9564419913306076,False
player_form_logistic,legacy_player_form + team_strength,2,remove,starters_without_full_window,13,0.9513286932934315,True
player_form_logistic,legacy_player_form + team_strength,2,remove,elo_expected_result,13,0.9518754720026732,False
player_form_logistic,legacy_player_form + team_strength,2,remove,attack_goal_rate_ewm,13,0.9520104535677063,False
player_form_logistic,legacy_player_form + team_strength,2,remove,starters_without_history,13,0.952045288619344,False
player_form_logistic,legacy_player_form + team_strength,2,remove,expected_goals_strength,13,0.9520508581809641,False
player_form_logistic,legacy_player_form + team_strength,2,add,adjusted_key_passes_lineup_std_across_starters_5,15,0.9521177027060814,False
player_form_logistic,legacy_player_form + team_strength,2,remove,recent_minutes_sum_5,13,0.9521316805245664,False
player_form_logistic,legacy_player_form + team_strength,2,add,gk_saves_per90_5,15,0.9522304016387915,False
player_form_logistic,legacy_player_form + team_strength,2,add,adjusted_rating_lineup_mean_3,15,0.9522376081584698,False
player_form_logistic,legacy_player_form + team_strength,2,remove,rating_mean_5,13,0.952301701558145,False
player_form_logistic,legacy_player_form + team_strength,2,remove,shots_per90_sum_5,13,0.9523183536997778,False
player_form_logistic,legacy_player_form + team_strength,2,add,rating_lineup_mean_1,15,0.9523412513619762,False
player_form_logistic,legacy_player_form + team_strength,2,add,rating_lineup_mean_trend_1_5,15,0.9523713998611839,False
player_form_logistic,legacy_player_form + team_strength,2,add,rating_lineup_mean_3,15,0.9523725028924785,False
player_form_logistic,legacy_player_form + team_strength,2,remove,defence_goal_rate_ewm,13,0.952400465442443,False
player_form_logistic,legacy_player_form + team_strength,2,add,new_player_pairs,15,0.952458817955207,False
player_form_logistic,legacy_player_form + team_strength,2,add,adjusted_rating_lineup_mean_std_5,15,0.9525040809070483,False
player_form_logistic,legacy_player_form + team_strength,2,remove,elo_rating,13,0.9525336638014996,False
player_form_logistic,legacy_player_form + team_strength,2,remove,opponent_elo_rating,13,0.9525336638014996,False
player_form_logistic,legacy_player_form + team_strength,2,remove,elo_difference,13,0.9525336638015044,False
player_form_logistic,legacy_player_form + team_strength,2,add,mean_pairwise_prior_starts,15,0.9525686764483166,False
player_form_logistic,legacy_player_form + team_strength,2,add,rating_lineup_mean_std_5,15,0.9526018032894867,False
player_form_logistic,legacy_player_form + team_strength,2,add,gk_count,15,0.9526116840142732,False
player_form_logistic,legacy_player_form + team_strength,2,add,gk_rating_mean_5,15,0.9526474966063787,False
player_form_logistic,legacy_player_form + team_strength,2,add,mean_pairwise_prior_minutes,15,0.9526576269967231,False
player_form_logistic,legacy_player_form + team_strength,2,add,adjusted_shots_lineup_mean_trend_1_5,15,0.9526849820188752,False
player_form_logistic,legacy_player_form + team_strength,2,add,rating_lineup_mean_ewm,15,0.9526871204034464,False
player_form_logistic,legacy_player_form + team_strength,2,add,rating_lineup_std_across_starters_5,15,0.952699916992507,False
player_form_logistic,legacy_player_form + team_strength,2,add,key_passes_per90_lineup_mean_3,15,0.9527060938859967,False
player_form_logistic,legacy_player_form + team_strength,2,add,rating_lineup_top3_mean_5,15,0.9527067492350838,False
player_form_logistic,legacy_player_form + team_strength,2,add,shots_per90_lineup_mean_1,15,0.9527203738959085,False
player_form_logistic,legacy_player_form + team_strength,2,add,adjusted_rating_lineup_mean_trend_1_5,15,0.9527326609820217,False
player_form_logistic,legacy_player_form + team_strength,2,add,shots_per90_lineup_mean_trend_1_5,15,0.952736443664713,False
player_form_logistic,legacy_player_form + team_strength,2,add,adjusted_shots_lineup_std_across_starters_5,15,0.9527366117912756,False
player_form_logistic,legacy_player_form + team_strength,2,add,mid_rating_mean_5,15,0.9527476809963501,False
player_form_logistic,legacy_player_form + team_strength,2,add,adjusted_rating_lineup_mean_1,15,0.9527653257456206,False
player_form_logistic,legacy_player_form + team_strength,2,add,adjusted_key_passes_lineup_mean_1,15,0.95276872385879,False
player_form_logistic,legacy_player_form + team_strength,2,add,adjusted_shots_lineup_mean_1,15,0.9527722562453507,False
player_form_logistic,legacy_player_form + team_strength,2,add,mid_count,15,0.9528003619703608,False
player_form_logistic,legacy_player_form + team_strength,2,add,rating_lineup_max_5,15,0.9528161206854289,False
player_form_logistic,legacy_player_form + team_strength,2,add,mid_adjusted_key_passes_5,15,0.9528194959265122,False
player_form_logistic,legacy_player_form + team_strength,2,add,adjusted_key_passes_lineup_mean_trend_1_5,15,0.9528205765065588,False
player_form_logistic,legacy_player_form + team_strength,2,add,adjusted_rating_lineup_std_across_starters_5,15,0.952824167139193,False
player_form_logistic,legacy_player_form + team_strength,2,add,key_passes_per90_lineup_mean_1,15,0.9528416828732067,False
player_form_logistic,legacy_player_form + team_strength,2,add,rating_lineup_min_5,15,0.9528524077803446,False
player_form_logistic,legacy_player_form + team_strength,2,add,adjusted_key_passes_lineup_mean_std_5,15,0.9528527362499353,False
player_form_logistic,legacy_player_form + team_strength,2,add,key_passes_per90_lineup_mean_trend_1_5,15,0.9528559879196405,False
player_form_logistic,legacy_player_form + team_strength,2,add,defensive_actions_per90_lineup_mean_1,15,0.9528564254902754,False
player_form_logistic,legacy_player_form + team_strength,2,add,adjusted_shots_lineup_mean_std_5,15,0.9528650907315195,False
player_form_logistic,legacy_player_form + team_strength,2,add,defensive_actions_per90_lineup_mean_3,15,0.9528953356649462,False
player_form_logistic,legacy_player_form + team_strength,2,add,adjusted_defensive_actions_lineup_mean_trend_1_5,15,0.9529113751475253,False
player_form_logistic,legacy_player_form + team_strength,2,add,defensive_actions_per90_lineup_mean_trend_1_5,15,0.9529154524163329,False
player_form_logistic,legacy_player_form + team_strength,2,add,shots_per90_lineup_mean_ewm,15,0.952938794798512,False
player_form_logistic,legacy_player_form + team_strength,2,add,adjusted_defensive_actions_lineup_mean_1,15,0.9529667213498709,False
player_form_logistic,legacy_player_form + team_strength,2,add,key_passes_per90_lineup_mean_ewm,15,0.9529814700684995,False
player_form_logistic,legacy_player_form + team_strength,2,add,adjusted_defensive_actions_lineup_mean_5,15,0.9530032956805748,False
player_form_logistic,legacy_player_form + team_strength,2,add,adjusted_defensive_actions_lineup_mean_std_5,15,0.9530034962195244,False
player_form_logistic,legacy_player_form + team_strength,2,add,adjusted_shots_lineup_mean_ewm,15,0.9530138377656241,False
player_form_logistic,legacy_player_form + team_strength,2,add,adjusted_key_passes_lineup_mean_ewm,15,0.953025000886876,False
player_form_logistic,legacy_player_form + team_strength,2,remove,defensive_actions_per90_sum_5,13,0.9530599302402243,False
player_form_logistic,legacy_player_form + team_strength,2,add,replacement_quality,15,0.9531049392291715,False
player_form_logistic,legacy_player_form + team_strength,2,add,shots_per90_lineup_mean_3,15,0.9531868289583758,False
player_form_logistic,legacy_player_form + team_strength,2,add,fwd_rating_mean_5,15,0.9531937699826214,False
player_form_logistic,legacy_player_form + team_strength,2,add,adjusted_key_passes_lineup_mean_3,15,0.9531942800683058,False
player_form_logistic,legacy_player_form + team_strength,2,add,retained_starters,15,0.953197516143381,False
player_form_logistic,legacy_player_form + team_strength,2,add,def_adjusted_defensive_actions_5,15,0.9533114720107183,False
player_form_logistic,legacy_player_form + team_strength,2,add,new_starters,15,0.95331453190073,False
player_form_logistic,legacy_player_form + team_strength,2,add,fwd_adjusted_shots_5,15,0.9533328607698156,False
player_form_logistic,legacy_player_form + team_strength,2,add,def_count,15,0.9533715454017051,False
player_form_logistic,legacy_player_form + team_strength,2,add,fwd_count,15,0.9534064852862161,False
player_form_logistic,legacy_player_form + team_strength,2,add,missing_regular_starters,15,0.9534301168797028,False
player_form_logistic,legacy_player_form + team_strength,2,add,adjusted_defensive_actions_lineup_mean_ewm,15,0.9534509405148976,False
player_form_logistic,legacy_player_form + team_strength,2,add,adjusted_defensive_actions_lineup_std_across_starters_5,15,0.953686732877358,False
player_form_logistic,legacy_player_form + team_strength,2,add,adjusted_rating_lineup_mean_ewm,15,0.9536906693244505,False
player_form_logistic,legacy_player_form + team_strength,2,add,prior_team_matches,15,0.9537499165802288,False
player_form_logistic,legacy_player_form + team_strength,2,add,def_rating_mean_5,15,0.9537844467449202,False
player_form_logistic,legacy_player_form + team_strength,2,add,adjusted_defensive_actions_lineup_mean_3,15,0.9537880453944596,False
player_form_logistic,legacy_player_form + team_strength,2,add,defensive_actions_per90_lineup_mean_ewm,15,0.9538336119119412,False
player_form_logistic,legacy_player_form + team_strength,2,add,adjusted_shots_lineup_mean_3,15,0.9541991178980178,False
player_form_logistic,legacy_player_form + team_strength,2,add,adjusted_shots_lineup_mean_5,15,0.9547009041303651,False
player_form_logistic,legacy_player_form + team_strength,2,add,adjusted_rating_lineup_mean_5,15,0.9550196580847352,False
player_form_logistic,legacy_player_form + team_strength,2,add,adjusted_key_passes_lineup_mean_5,15,0.9552794927080861,False
player_form_logistic,legacy_player_form + team_strength,2,remove,key_passes_per90_sum_5,13,0.9552798125294957,False
player_form_logistic,legacy_player_form + team_strength,3,remove,elo_expected_result,12,0.9505172070693083,True
player_form_logistic,legacy_player_form + team_strength,3,remove,recent_minutes_sum_5,12,0.9506614097229201,False
player_form_logistic,legacy_player_form + team_strength,3,remove,attack_goal_rate_ewm,12,0.9506992604672235,False
player_form_logistic,legacy_player_form + team_strength,3,remove,expected_goals_strength,12,0.9507259178820324,False
player_form_logistic,legacy_player_form + team_strength,3,add,adjusted_key_passes_lineup_std_across_starters_5,14,0.9508028399501391,False
player_form_logistic,legacy_player_form + team_strength,3,add,gk_saves_per90_5,14,0.9509043862855369,False
player_form_logistic,legacy_player_form + team_strength,3,remove,shots_per90_sum_5,12,0.9509418386885216,False
player_form_logistic,legacy_player_form + team_strength,3,add,rating_lineup_mean_trend_1_5,14,0.950981986532093,False
player_form_logistic,legacy_player_form + team_strength,3,remove,defence_goal_rate_ewm,12,0.9510119802577572,False
player_form_logistic,legacy_player_form + team_strength,3,add,adjusted_rating_lineup_mean_3,14,0.9510138353502322,False
player_form_logistic,legacy_player_form + team_strength,3,add,rating_lineup_mean_1,14,0.9510242517714116,False
player_form_logistic,legacy_player_form + team_strength,3,add,rating_lineup_mean_3,14,0.9510823188086404,False
player_form_logistic,legacy_player_form + team_strength,3,add,new_player_pairs,14,0.9511121533248117,False
player_form_logistic,legacy_player_form + team_strength,3,remove,starters_without_history,12,0.9511306558611862,False
player_form_logistic,legacy_player_form + team_strength,3,add,adjusted_rating_lineup_mean_std_5,14,0.951213708925306,False
player_form_logistic,legacy_player_form + team_strength,3,remove,elo_difference,12,0.9512425883933209,False
player_form_logistic,legacy_player_form + team_strength,3,remove,elo_rating,12,0.9512425883933546,False
player_form_logistic,legacy_player_form + team_strength,3,remove,opponent_elo_rating,12,0.9512425883933546,False
player_form_logistic,legacy_player_form + team_strength,3,add,mean_pairwise_prior_starts,14,0.9512559478233025,False
player_form_logistic,legacy_player_form + team_strength,3,remove,rating_mean_5,12,0.9513037090948064,False
player_form_logistic,legacy_player_form + team_strength,3,add,rating_lineup_mean_std_5,14,0.9513121405606292,False
player_form_logistic,legacy_player_form + team_strength,3,add,mean_pairwise_prior_minutes,14,0.9513130789659949,False
player_form_logistic,legacy_player_form + team_strength,3,add,rating_lineup_std_across_starters_5,14,0.9513254896579579,False
player_form_logistic,legacy_player_form + team_strength,3,add,gk_count,14,0.951328693293429,False
player_form_logistic,legacy_player_form + team_strength,3,add,gk_rating_mean_5,14,0.9513462017426171,False
player_form_logistic,legacy_player_form + team_strength,3,add,adjusted_shots_lineup_mean_trend_1_5,14,0.9513887067146336,False
player_form_logistic,legacy_player_form + team_strength,3,add,rating_lineup_mean_ewm,14,0.9513939942291008,False
player_form_logistic,legacy_player_form + team_strength,3,add,rating_lineup_top3_mean_5,14,0.9514044728369337,False
player_form_logistic,legacy_player_form + team_strength,3,add,adjusted_rating_lineup_mean_trend_1_5,14,0.9514107122734242,False
player_form_logistic,legacy_player_form + team_strength,3,add,shots_per90_lineup_mean_1,14,0.951422022934878,False
player_form_logistic,legacy_player_form + team_strength,3,add,adjusted_shots_lineup_mean_1,14,0.9514249459130043,False
player_form_logistic,legacy_player_form + team_strength,3,add,adjusted_rating_lineup_mean_1,14,0.9514345001363014,False
player_form_logistic,legacy_player_form + team_strength,3,add,key_passes_per90_lineup_mean_3,14,0.951439768911115,False
player_form_logistic,legacy_player_form + team_strength,3,add,shots_per90_lineup_mean_trend_1_5,14,0.9514443804663737,False
player_form_logistic,legacy_player_form + team_strength,3,add,adjusted_shots_lineup_mean_std_5,14,0.951447892176555,False
player_form_logistic,legacy_player_form + team_strength,3,add,adjusted_key_passes_lineup_mean_std_5,14,0.9514637985398394,False
player_form_logistic,legacy_player_form + team_strength,3,add,adjusted_shots_lineup_std_across_starters_5,14,0.9514663996164988,False
player_form_logistic,legacy_player_form + team_strength,3,add,adjusted_key_passes_lineup_mean_1,14,0.951472335981105,False
player_form_logistic,legacy_player_form + team_strength,3,add,mid_rating_mean_5,14,0.9514850965487709,False
player_form_logistic,legacy_player_form + team_strength,3,add,mid_adjusted_key_passes_5,14,0.9515032417271782,False
player_form_logistic,legacy_player_form + team_strength,3,add,mid_count,14,0.9515198235375164,False
player_form_logistic,legacy_player_form + team_strength,3,add,key_passes_per90_lineup_mean_trend_1_5,14,0.951535762257669,False
player_form_logistic,legacy_player_form + team_strength,3,add,shots_per90_lineup_mean_ewm,14,0.9515450586653287,False
player_form_logistic,legacy_player_form + team_strength,3,add,adjusted_rating_lineup_std_across_starters_5,14,0.9515472757670229,False
player_form_logistic,legacy_player_form + team_strength,3,add,adjusted_key_passes_lineup_mean_trend_1_5,14,0.9515496357406047,False
player_form_logistic,legacy_player_form + team_strength,3,add,key_passes_per90_lineup_mean_1,14,0.951559684114561,False
player_form_logistic,legacy_player_form + team_strength,3,add,defensive_actions_per90_lineup_mean_1,14,0.9515725001659062,False
player_form_logistic,legacy_player_form + team_strength,3,add,rating_lineup_max_5,14,0.9515734710595551,False
player_form_logistic,legacy_player_form + team_strength,3,add,rating_lineup_min_5,14,0.9515920861318339,False
player_form_logistic,legacy_player_form + team_strength,3,add,adjusted_defensive_actions_lineup_mean_trend_1_5,14,0.9515938420610346,False
player_form_logistic,legacy_player_form + team_strength,3,add,defensive_actions_per90_lineup_mean_trend_1_5,14,0.9516253561419724,False
player_form_logistic,legacy_player_form + team_strength,3,add,defensive_actions_per90_lineup_mean_3,14,0.9516319252684464,False
player_form_logistic,legacy_player_form + team_strength,3,add,adjusted_shots_lineup_mean_ewm,14,0.9516373749150243,False
player_form_logistic,legacy_player_form + team_strength,3,add,adjusted_defensive_actions_lineup_mean_1,14,0.9516423140579394,False
player_form_logistic,legacy_player_form + team_strength,3,add,key_passes_per90_lineup_mean_ewm,14,0.9516554863198063,False
player_form_logistic,legacy_player_form + team_strength,3,add,adjusted_key_passes_lineup_mean_ewm,14,0.9517240161560278,False
player_form_logistic,legacy_player_form + team_strength,3,add,adjusted_defensive_actions_lineup_mean_5,14,0.9517248967538579,False
player_form_logistic,legacy_player_form + team_strength,3,add,adjusted_defensive_actions_lineup_mean_std_5,14,0.9517532920316873,False
player_form_logistic,legacy_player_form + team_strength,3,add,replacement_quality,14,0.9517577584208541,False
player_form_logistic,legacy_player_form + team_strength,3,remove,defensive_actions_per90_sum_5,12,0.9518030061686105,False
player_form_logistic,legacy_player_form + team_strength,3,add,shots_per90_lineup_mean_3,14,0.9518726020514775,False
player_form_logistic,legacy_player_form + team_strength,3,add,adjusted_key_passes_lineup_mean_3,14,0.951932573957806,False
player_form_logistic,legacy_player_form + team_strength,3,add,fwd_rating_mean_5,14,0.9519527796335718,False
player_form_logistic,legacy_player_form + team_strength,3,add,def_count,14,0.9520578963189922,False
player_form_logistic,legacy_player_form + team_strength,3,add,fwd_adjusted_shots_5,14,0.952094113578792,False
player_form_logistic,legacy_player_form + team_strength,3,add,fwd_count,14,0.9520989728215007,False
player_form_logistic,legacy_player_form + team_strength,3,add,def_adjusted_defensive_actions_5,14,0.9521058470776975,False
player_form_logistic,legacy_player_form + team_strength,3,add,retained_starters,14,0.9521797562684242,False
player_form_logistic,legacy_player_form + team_strength,3,add,adjusted_defensive_actions_lineup_mean_ewm,14,0.9522074656352921,False
player_form_logistic,legacy_player_form + team_strength,3,add,new_starters,14,0.9523921168382363,False
player_form_logistic,legacy_player_form + team_strength,3,add,adjusted_rating_lineup_mean_ewm,14,0.9524095394723939,False
player_form_logistic,legacy_player_form + team_strength,3,add,def_rating_mean_5,14,0.9524098920221085,False
player_form_logistic,legacy_player_form + team_strength,3,add,adjusted_defensive_actions_lineup_mean_3,14,0.952473536443147,False
player_form_logistic,legacy_player_form + team_strength,3,add,adjusted_defensive_actions_lineup_std_across_starters_5,14,0.9524880828884053,False
player_form_logistic,legacy_player_form + team_strength,3,add,defensive_actions_per90_lineup_mean_ewm,14,0.9524907791324193,False
player_form_logistic,legacy_player_form + team_strength,3,add,missing_regular_starters,14,0.9525264256267313,False
player_form_logistic,legacy_player_form + team_strength,3,add,starters_without_full_window,14,0.9526116840142844,False
player_form_logistic,legacy_player_form + team_strength,3,add,prior_team_matches,14,0.9528463851395194,False
player_form_logistic,legacy_player_form + team_strength,3,add,adjusted_shots_lineup_mean_3,14,0.9529116890301492,False
player_form_logistic,legacy_player_form + team_strength,3,add,adjusted_shots_lineup_mean_5,14,0.9534479683977914,False
player_form_logistic,legacy_player_form + team_strength,3,add,adjusted_rating_lineup_mean_5,14,0.9536387295186064,False
player_form_logistic,legacy_player_form + team_strength,3,add,adjusted_key_passes_lineup_mean_5,14,0.9539387303085317,False
player_form_logistic,legacy_player_form + team_strength,3,remove,key_passes_per90_sum_5,12,0.9540868208055543,False
player_form_logistic,legacy_player_form + team_strength,4,remove,recent_minutes_sum_5,11,0.9498072347169275,True
player_form_logistic,legacy_player_form + team_strength,4,remove,attack_goal_rate_ewm,11,0.9498931504705577,False
player_form_logistic,legacy_player_form + team_strength,4,remove,expected_goals_strength,11,0.9499411627964713,False
player_form_logistic,legacy_player_form + team_strength,4,add,adjusted_key_passes_lineup_std_across_starters_5,13,0.9499477685768505,False
player_form_logistic,legacy_player_form + team_strength,4,add,gk_saves_per90_5,13,0.950147675475203,False
player_form_logistic,legacy_player_form + team_strength,4,remove,shots_per90_sum_5,11,0.950177002268585,False
player_form_logistic,legacy_player_form + team_strength,4,remove,defence_goal_rate_ewm,11,0.9501902561012529,False
player_form_logistic,legacy_player_form + team_strength,4,add,adjusted_rating_lineup_mean_3,13,0.9502150826410483,False
player_form_logistic,legacy_player_form + team_strength,4,add,rating_lineup_mean_trend_1_5,13,0.9502264634325019,False
player_form_logistic,legacy_player_form + team_strength,4,add,rating_lineup_mean_1,13,0.9502316203779806,False
player_form_logistic,legacy_player_form + team_strength,4,remove,starters_without_history,11,0.9502794021620768,False
player_form_logistic,legacy_player_form + team_strength,4,add,rating_lineup_mean_3,13,0.9502796688917953,False
player_form_logistic,legacy_player_form + team_strength,4,add,new_player_pairs,13,0.9503242513659487,False
player_form_logistic,legacy_player_form + team_strength,4,add,adjusted_rating_lineup_mean_std_5,13,0.9504465864845283,False
player_form_logistic,legacy_player_form + team_strength,4,add,mean_pairwise_prior_starts,13,0.9504636358346233,False
player_form_logistic,legacy_player_form + team_strength,4,remove,rating_mean_5,11,0.9504697687404926,False
player_form_logistic,legacy_player_form + team_strength,4,add,rating_lineup_std_across_starters_5,13,0.9505034513663639,False
player_form_logistic,legacy_player_form + team_strength,4,add,mean_pairwise_prior_minutes,13,0.9505101636758124,False
player_form_logistic,legacy_player_form + team_strength,4,add,gk_count,13,0.950517207069308,False
player_form_logistic,legacy_player_form + team_strength,4,add,rating_lineup_mean_std_5,13,0.9505308057362928,False
player_form_logistic,legacy_player_form + team_strength,4,add,gk_rating_mean_5,13,0.9505351532573173,False
player_form_logistic,legacy_player_form + team_strength,4,remove,elo_difference,11,0.9505421374774394,False
player_form_logistic,legacy_player_form + team_strength,4,remove,elo_rating,11,0.9505421374774394,False
player_form_logistic,legacy_player_form + team_strength,4,remove,opponent_elo_rating,11,0.9505421374774394,False
player_form_logistic,legacy_player_form + team_strength,4,add,adjusted_shots_lineup_mean_trend_1_5,13,0.9505610360738685,False
player_form_logistic,legacy_player_form + team_strength,4,add,rating_lineup_mean_ewm,13,0.9505758990015731,False
player_form_logistic,legacy_player_form + team_strength,4,add,rating_lineup_top3_mean_5,13,0.9505765885215279,False
player_form_logistic,legacy_player_form + team_strength,4,add,shots_per90_lineup_mean_trend_1_5,13,0.9506023832302015,False
player_form_logistic,legacy_player_form + team_strength,4,add,shots_per90_lineup_mean_1,13,0.9506049215349303,False
player_form_logistic,legacy_player_form + team_strength,4,add,adjusted_rating_lineup_mean_trend_1_5,13,0.9506119981827146,False
player_form_logistic,legacy_player_form + team_strength,4,add,adjusted_shots_lineup_mean_1,13,0.9506195381463375,False
player_form_logistic,legacy_player_form + team_strength,4,add,key_passes_per90_lineup_mean_3,13,0.9506394037291872,False
player_form_logistic,legacy_player_form + team_strength,4,add,adjusted_shots_lineup_mean_std_5,13,0.9506458490494796,False
player_form_logistic,legacy_player_form + team_strength,4,add,adjusted_key_passes_lineup_mean_1,13,0.9506486821859361,False
player_form_logistic,legacy_player_form + team_strength,4,add,adjusted_shots_lineup_std_across_starters_5,13,0.9506537627301777,False
player_form_logistic,legacy_player_form + team_strength,4,add,mid_count,13,0.9506571079429196,False
player_form_logistic,legacy_player_form + team_strength,4,add,adjusted_rating_lineup_mean_1,13,0.9506837638664318,False
player_form_logistic,legacy_player_form + team_strength,4,add,mid_rating_mean_5,13,0.9506853643646271,False
player_form_logistic,legacy_player_form + team_strength,4,add,mid_adjusted_key_passes_5,13,0.9506919355514281,False
player_form_logistic,legacy_player_form + team_strength,4,add,adjusted_key_passes_lineup_mean_std_5,13,0.950707911893006,False
player_form_logistic,legacy_player_form + team_strength,4,add,adjusted_key_passes_lineup_mean_trend_1_5,13,0.9507128504430573,False
player_form_logistic,legacy_player_form + team_strength,4,add,key_passes_per90_lineup_mean_trend_1_5,13,0.9507158323302392,False
player_form_logistic,legacy_player_form + team_strength,4,add,adjusted_rating_lineup_std_across_starters_5,13,0.9507179751695536,False
player_form_logistic,legacy_player_form + team_strength,4,add,rating_lineup_min_5,13,0.950718363586661,False
player_form_logistic,legacy_player_form + team_strength,4,add,shots_per90_lineup_mean_ewm,13,0.9507269766115874,False
player_form_logistic,legacy_player_form + team_strength,4,add,rating_lineup_max_5,13,0.9507328957507514,False
player_form_logistic,legacy_player_form + team_strength,4,add,key_passes_per90_lineup_mean_1,13,0.9507379186704297,False
player_form_logistic,legacy_player_form + team_strength,4,add,defensive_actions_per90_lineup_mean_1,13,0.9507923892472268,False
player_form_logistic,legacy_player_form + team_strength,4,add,defensive_actions_per90_lineup_mean_trend_1_5,13,0.9507995627988978,False
player_form_logistic,legacy_player_form + team_strength,4,add,adjusted_defensive_actions_lineup_mean_trend_1_5,13,0.9508176052152394,False
player_form_logistic,legacy_player_form + team_strength,4,add,key_passes_per90_lineup_mean_ewm,13,0.9508237703681461,False
player_form_logistic,legacy_player_form + team_strength,4,add,defensive_actions_per90_lineup_mean_3,13,0.9508415915424213,False
player_form_logistic,legacy_player_form + team_strength,4,add,adjusted_defensive_actions_lineup_mean_1,13,0.9508419291921775,False
player_form_logistic,legacy_player_form + team_strength,4,add,adjusted_shots_lineup_mean_ewm,13,0.950853648142392,False
player_form_logistic,legacy_player_form + team_strength,4,add,adjusted_key_passes_lineup_mean_ewm,13,0.9509210465941401,False
player_form_logistic,legacy_player_form + team_strength,4,add,adjusted_defensive_actions_lineup_mean_5,13,0.9509464347484495,False
player_form_logistic,legacy_player_form + team_strength,4,add,adjusted_defensive_actions_lineup_mean_std_5,13,0.9509558638870905,False
player_form_logistic,legacy_player_form + team_strength,4,add,replacement_quality,13,0.9509692017942775,False
player_form_logistic,legacy_player_form + team_strength,4,remove,defensive_actions_per90_sum_5,11,0.9510012417704926,False
player_form_logistic,legacy_player_form + team_strength,4,add,fwd_rating_mean_5,13,0.9511220900632764,False
player_form_logistic,legacy_player_form + team_strength,4,add,adjusted_key_passes_lineup_mean_3,13,0.951122474559028,False
player_form_logistic,legacy_player_form + team_strength,4,add,shots_per90_lineup_mean_3,13,0.9511535143129606,False
player_form_logistic,legacy_player_form + team_strength,4,add,def_adjusted_defensive_actions_5,13,0.9512628565063145,False
player_form_logistic,legacy_player_form + team_strength,4,add,fwd_count,13,0.9512755948060443,False
player_form_logistic,legacy_player_form + team_strength,4,add,def_count,13,0.951284816755753,False
player_form_logistic,legacy_player_form + team_strength,4,add,fwd_adjusted_shots_5,13,0.9513205457498812,False
player_form_logistic,legacy_player_form + team_strength,4,add,elo_expected_result,13,0.9513286932934304,False
player_form_logistic,legacy_player_form + team_strength,4,add,retained_starters,13,0.9513497363449582,False
player_form_logistic,legacy_player_form + team_strength,4,add,adjusted_defensive_actions_lineup_mean_ewm,13,0.9514305383294537,False
player_form_logistic,legacy_player_form + team_strength,4,add,adjusted_rating_lineup_mean_ewm,13,0.9514523941029192,False
player_form_logistic,legacy_player_form + team_strength,4,add,new_starters,13,0.9515578785950498,False
player_form_logistic,legacy_player_form + team_strength,4,add,def_rating_mean_5,13,0.9516787834999869,False
player_form_logistic,legacy_player_form + team_strength,4,add,missing_regular_starters,13,0.9516944686963269,False
player_form_logistic,legacy_player_form + team_strength,4,add,adjusted_defensive_actions_lineup_mean_3,13,0.9516952693909824,False
player_form_logistic,legacy_player_form + team_strength,4,add,defensive_actions_per90_lineup_mean_ewm,13,0.9516960382352924,False
player_form_logistic,legacy_player_form + team_strength,4,add,adjusted_defensive_actions_lineup_std_across_starters_5,13,0.9517005679024686,False
player_form_logistic,legacy_player_form + team_strength,4,add,starters_without_full_window,13,0.9518754720026732,False
player_form_logistic,legacy_player_form + team_strength,4,add,prior_team_matches,13,0.952084214083832,False
player_form_logistic,legacy_player_form + team_strength,4,add,adjusted_shots_lineup_mean_3,13,0.9521064350343085,False
player_form_logistic,legacy_player_form + team_strength,4,add,adjusted_shots_lineup_mean_5,13,0.9524648495513854,False
player_form_logistic,legacy_player_form + team_strength,4,add,adjusted_rating_lineup_mean_5,13,0.9526167908525469,False
player_form_logistic,legacy_player_form + team_strength,4,add,adjusted_key_passes_lineup_mean_5,13,0.9527145119344205,False
player_form_logistic,legacy_player_form + team_strength,4,remove,key_passes_per90_sum_5,11,0.9531668364763716,False
player_form_logistic,legacy_player_form + team_strength,5,remove,attack_goal_rate_ewm,10,0.9492009614298963,True
player_form_logistic,legacy_player_form + team_strength,5,remove,expected_goals_strength,10,0.949294871606962,False
player_form_logistic,legacy_player_form + team_strength,5,add,adjusted_key_passes_lineup_std_across_starters_5,12,0.9493114718162201,False
player_form_logistic,legacy_player_form + team_strength,5,add,gk_saves_per90_5,12,0.9493751299007545,False
player_form_logistic,legacy_player_form + team_strength,5,remove,defence_goal_rate_ewm,10,0.9494727374784029,False
player_form_logistic,legacy_player_form + team_strength,5,remove,shots_per90_sum_5,10,0.9494837858691547,False
player_form_logistic,legacy_player_form + team_strength,5,add,adjusted_rating_lineup_mean_3,12,0.9494965681602714,False
player_form_logistic,legacy_player_form + team_strength,5,add,rating_lineup_mean_trend_1_5,12,0.9494993371981144,False
player_form_logistic,legacy_player_form + team_strength,5,add,rating_lineup_mean_1,12,0.9495040848114288,False
player_form_logistic,legacy_player_form + team_strength,5,add,new_player_pairs,12,0.9495268584439791,False
player_form_logistic,legacy_player_form + team_strength,5,add,mean_pairwise_prior_starts,12,0.9495595795968217,False
player_form_logistic,legacy_player_form + team_strength,5,add,rating_lineup_mean_3,12,0.9495626531025996,False
player_form_logistic,legacy_player_form + team_strength,5,add,mean_pairwise_prior_minutes,12,0.9495642857366088,False
player_form_logistic,legacy_player_form + team_strength,5,remove,starters_without_history,10,0.9495670677434707,False
player_form_logistic,legacy_player_form + team_strength,5,add,rating_lineup_std_across_starters_5,12,0.9497256275265613,False
player_form_logistic,legacy_player_form + team_strength,5,add,adjusted_rating_lineup_mean_std_5,12,0.9497729880505278,False
player_form_logistic,legacy_player_form + team_strength,5,add,gk_rating_mean_5,12,0.9498019668288368,False
player_form_logistic,legacy_player_form + team_strength,5,remove,rating_mean_5,10,0.9498057241032294,False
player_form_logistic,legacy_player_form + team_strength,5,add,gk_count,12,0.9498072347169221,False
player_form_logistic,legacy_player_form + team_strength,5,add,adjusted_shots_lineup_mean_trend_1_5,12,0.9498332623326338,False
player_form_logistic,legacy_player_form + team_strength,5,add,rating_lineup_mean_std_5,12,0.9498368759045723,False
player_form_logistic,legacy_player_form + team_strength,5,remove,elo_difference,10,0.9498451146525133,False
player_form_logistic,legacy_player_form + team_strength,5,remove,elo_rating,10,0.9498451146525133,False
player_form_logistic,legacy_player_form + team_strength,5,remove,opponent_elo_rating,10,0.9498451146525133,False
player_form_logistic,legacy_player_form + team_strength,5,add,rating_lineup_top3_mean_5,12,0.9498472087574914,False
player_form_logistic,legacy_player_form + team_strength,5,add,rating_lineup_mean_ewm,12,0.9498718746822719,False
player_form_logistic,legacy_player_form + team_strength,5,add,shots_per90_lineup_mean_trend_1_5,12,0.9498801325254644,False
player_form_logistic,legacy_player_form + team_strength,5,add,adjusted_rating_lineup_mean_trend_1_5,12,0.9498809668780639,False
player_form_logistic,legacy_player_form + team_strength,5,add,shots_per90_lineup_mean_1,12,0.9498840779229276,False
player_form_logistic,legacy_player_form + team_strength,5,add,adjusted_shots_lineup_mean_1,12,0.949888318402107,False
player_form_logistic,legacy_player_form + team_strength,5,add,key_passes_per90_lineup_mean_3,12,0.9498981926147322,False
player_form_logistic,legacy_player_form + team_strength,5,add,adjusted_shots_lineup_mean_std_5,12,0.9499130510533531,False
player_form_logistic,legacy_player_form + team_strength,5,add,adjusted_key_passes_lineup_mean_1,12,0.9499161214997635,False
player_form_logistic,legacy_player_form + team_strength,5,add,adjusted_rating_lineup_mean_1,12,0.9499188097044791,False
player_form_logistic,legacy_player_form + team_strength,5,add,rating_lineup_min_5,12,0.9499210627961109,False
player_form_logistic,legacy_player_form + team_strength,5,add,mid_rating_mean_5,12,0.9499396677902068,False
player_form_logistic,legacy_player_form + team_strength,5,add,mid_count,12,0.9499499421847288,False
player_form_logistic,legacy_player_form + team_strength,5,add,mid_adjusted_key_passes_5,12,0.9499575044402735,False
player_form_logistic,legacy_player_form + team_strength,5,add,adjusted_key_passes_lineup_mean_std_5,12,0.9499734609090364,False
player_form_logistic,legacy_player_form + team_strength,5,add,adjusted_shots_lineup_std_across_starters_5,12,0.9499963910362954,False
player_form_logistic,legacy_player_form + team_strength,5,add,adjusted_key_passes_lineup_mean_trend_1_5,12,0.9499975162357163,False
player_form_logistic,legacy_player_form + team_strength,5,add,shots_per90_lineup_mean_ewm,12,0.9499976313709957,False
player_form_logistic,legacy_player_form + team_strength,5,add,key_passes_per90_lineup_mean_trend_1_5,12,0.9500113973783366,False
player_form_logistic,legacy_player_form + team_strength,5,add,adjusted_rating_lineup_std_across_starters_5,12,0.950012403172408,False
player_form_logistic,legacy_player_form + team_strength,5,add,key_passes_per90_lineup_mean_1,12,0.9500185524504343,False
player_form_logistic,legacy_player_form + team_strength,5,add,defensive_actions_per90_lineup_mean_trend_1_5,12,0.9500573579627604,False
player_form_logistic,legacy_player_form + team_strength,5,add,defensive_actions_per90_lineup_mean_1,12,0.9500579820358561,False
player_form_logistic,legacy_player_form + team_strength,5,add,adjusted_defensive_actions_lineup_mean_trend_1_5,12,0.9500716395672377,False
player_form_logistic,legacy_player_form + team_strength,5,add,key_passes_per90_lineup_mean_ewm,12,0.9500937209526324,False
player_form_logistic,legacy_player_form + team_strength,5,add,adjusted_shots_lineup_mean_ewm,12,0.9501065232517911,False
player_form_logistic,legacy_player_form + team_strength,5,add,rating_lineup_max_5,12,0.9501083437674287,False
player_form_logistic,legacy_player_form + team_strength,5,add,adjusted_defensive_actions_lineup_mean_1,12,0.9501090269122761,False
player_form_logistic,legacy_player_form + team_strength,5,add,defensive_actions_per90_lineup_mean_3,12,0.9501156548156513,False
player_form_logistic,legacy_player_form + team_strength,5,add,adjusted_defensive_actions_lineup_mean_std_5,12,0.9501881095685414,False
player_form_logistic,legacy_player_form + team_strength,5,add,adjusted_key_passes_lineup_mean_ewm,12,0.9502153344551616,False
player_form_logistic,legacy_player_form + team_strength,5,add,adjusted_defensive_actions_lineup_mean_5,12,0.950249141225613,False
player_form_logistic,legacy_player_form + team_strength,5,remove,defensive_actions_per90_sum_5,10,0.9502650543897768,False
player_form_logistic,legacy_player_form + team_strength,5,add,replacement_quality,12,0.9503208681879428,False
player_form_logistic,legacy_player_form + team_strength,5,add,retained_starters,12,0.9503745018246895,False
player_form_logistic,legacy_player_form + team_strength,5,add,adjusted_key_passes_lineup_mean_3,12,0.9504084906215462,False
player_form_logistic,legacy_player_form + team_strength,5,add,fwd_rating_mean_5,12,0.9504100107824667,False
player_form_logistic,legacy_player_form + team_strength,5,add,shots_per90_lineup_mean_3,12,0.9504400780839752,False
player_form_logistic,legacy_player_form + team_strength,5,add,missing_regular_starters,12,0.9504552651004219,False
player_form_logistic,legacy_player_form + team_strength,5,add,def_adjusted_defensive_actions_5,12,0.9504925990222138,False
player_form_logistic,legacy_player_form + team_strength,5,add,recent_minutes_sum_5,12,0.9505172070693089,False
player_form_logistic,legacy_player_form + team_strength,5,add,fwd_count,12,0.9505476273905337,False
player_form_logistic,legacy_player_form + team_strength,5,add,def_count,12,0.9505489030635037,False
player_form_logistic,legacy_player_form + team_strength,5,add,fwd_adjusted_shots_5,12,0.9505670033687748,False
player_form_logistic,legacy_player_form + team_strength,5,add,new_starters,12,0.9505709816416794,False
player_form_logistic,legacy_player_form + team_strength,5,add,adjusted_defensive_actions_lineup_mean_ewm,12,0.9506506800089829,False
player_form_logistic,legacy_player_form + team_strength,5,add,elo_expected_result,12,0.9506614097229049,False
player_form_logistic,legacy_player_form + team_strength,5,add,adjusted_rating_lineup_mean_ewm,12,0.9507417006984086,False
player_form_logistic,legacy_player_form + team_strength,5,add,defensive_actions_per90_lineup_mean_ewm,12,0.9509074489159055,False
player_form_logistic,legacy_player_form + team_strength,5,add,def_rating_mean_5,12,0.9509569551277975,False
player_form_logistic,legacy_player_form + team_strength,5,add,adjusted_defensive_actions_lineup_mean_3,12,0.950966143443881,False
player_form_logistic,legacy_player_form + team_strength,5,add,adjusted_defensive_actions_lineup_std_across_starters_5,12,0.9510811183167942,False
player_form_logistic,legacy_player_form + team_strength,5,add,starters_without_full_window,12,0.9513608786830109,False
player_form_logistic,legacy_player_form + team_strength,5,add,prior_team_matches,12,0.9513639161257667,False
player_form_logistic,legacy_player_form + team_strength,5,add,adjusted_shots_lineup_mean_3,12,0.951432572518642,False
player_form_logistic,legacy_player_form + team_strength,5,add,adjusted_shots_lineup_mean_5,12,0.9517775307889738,False
player_form_logistic,legacy_player_form + team_strength,5,add,adjusted_rating_lineup_mean_5,12,0.9519238560695751,False
player_form_logistic,legacy_player_form + team_strength,5,add,adjusted_key_passes_lineup_mean_5,12,0.9520368819224232,False
player_form_logistic,legacy_player_form + team_strength,5,remove,key_passes_per90_sum_5,10,0.9524524902324922,False
player_form_logistic,legacy_player_form + team_strength,6,add,adjusted_key_passes_lineup_std_across_starters_5,11,0.948633922052397,True
player_form_logistic,legacy_player_form + team_strength,6,add,gk_saves_per90_5,11,0.9487722039854458,False
player_form_logistic,legacy_player_form + team_strength,6,add,adjusted_rating_lineup_mean_3,11,0.9487945928633665,False
player_form_logistic,legacy_player_form + team_strength,6,remove,shots_per90_sum_5,9,0.9488549773500681,False
player_form_logistic,legacy_player_form + team_strength,6,add,rating_lineup_mean_3,11,0.9488714710264243,False
player_form_logistic,legacy_player_form + team_strength,6,add,rating_lineup_mean_1,11,0.9488770835718607,False
player_form_logistic,legacy_player_form + team_strength,6,add,rating_lineup_mean_trend_1_5,11,0.9488773294819555,False
player_form_logistic,legacy_player_form + team_strength,6,add,new_player_pairs,11,0.9489053091233799,False
player_form_logistic,legacy_player_form + team_strength,6,remove,starters_without_history,9,0.9489105325581602,False
player_form_logistic,legacy_player_form + team_strength,6,add,mean_pairwise_prior_starts,11,0.9489663235082546,False
player_form_logistic,legacy_player_form + team_strength,6,add,mean_pairwise_prior_minutes,11,0.948977167762318,False
player_form_logistic,legacy_player_form + team_strength,6,remove,defence_goal_rate_ewm,9,0.9489805201650854,False
player_form_logistic,legacy_player_form + team_strength,6,add,rating_lineup_std_across_starters_5,11,0.9491023663560232,False
player_form_logistic,legacy_player_form + team_strength,6,remove,rating_mean_5,9,0.9491103539675916,False
player_form_logistic,legacy_player_form + team_strength,6,remove,elo_difference,9,0.9491473521928513,False
player_form_logistic,legacy_player_form + team_strength,6,remove,elo_rating,9,0.9491473521928513,False
player_form_logistic,legacy_player_form + team_strength,6,remove,opponent_elo_rating,9,0.9491473521928513,False
player_form_logistic,legacy_player_form + team_strength,6,add,gk_rating_mean_5,11,0.9491787756817519,False
player_form_logistic,legacy_player_form + team_strength,6,add,adjusted_rating_lineup_mean_std_5,11,0.9491895011266145,False
player_form_logistic,legacy_player_form + team_strength,6,remove,expected_goals_strength,9,0.9491936570176509,False
player_form_logistic,legacy_player_form + team_strength,6,add,adjusted_shots_lineup_mean_trend_1_5,11,0.9491956197363253,False
player_form_logistic,legacy_player_form + team_strength,6,add,gk_count,11,0.9492009614298963,False
player_form_logistic,legacy_player_form + team_strength,6,add,key_passes_per90_lineup_mean_3,11,0.9492304807866003,False
player_form_logistic,legacy_player_form + team_strength,6,add,rating_lineup_mean_ewm,11,0.9492333537973826,False
player_form_logistic,legacy_player_form + team_strength,6,add,rating_lineup_mean_std_5,11,0.9492391019934892,False
player_form_logistic,legacy_player_form + team_strength,6,add,shots_per90_lineup_mean_1,11,0.9492422643825118,False
player_form_logistic,legacy_player_form + team_strength,6,add,adjusted_shots_lineup_mean_1,11,0.9492445460340424,False
player_form_logistic,legacy_player_form + team_strength,6,add,adjusted_rating_lineup_mean_trend_1_5,11,0.9492488703631401,False
player_form_logistic,legacy_player_form + team_strength,6,add,shots_per90_lineup_mean_trend_1_5,11,0.949255140473738,False
player_form_logistic,legacy_player_form + team_strength,6,add,rating_lineup_top3_mean_5,11,0.9492644745544344,False
player_form_logistic,legacy_player_form + team_strength,6,add,adjusted_rating_lineup_mean_1,11,0.9492665125313277,False
player_form_logistic,legacy_player_form + team_strength,6,add,mid_rating_mean_5,11,0.9492786121450841,False
player_form_logistic,legacy_player_form + team_strength,6,add,adjusted_shots_lineup_mean_std_5,11,0.9492930486774807,False
player_form_logistic,legacy_player_form + team_strength,6,add,rating_lineup_min_5,11,0.949306055652267,False
player_form_logistic,legacy_player_form + team_strength,6,add,adjusted_key_passes_lineup_mean_1,11,0.9493091342973752,False
player_form_logistic,legacy_player_form + team_strength,6,add,shots_per90_lineup_mean_ewm,11,0.9493279102548082,False
player_form_logistic,legacy_player_form + team_strength,6,add,adjusted_rating_lineup_std_across_starters_5,11,0.9493286107498609,False
player_form_logistic,legacy_player_form + team_strength,6,add,mid_count,11,0.9493427862376773,False
player_form_logistic,legacy_player_form + team_strength,6,add,adjusted_key_passes_lineup_mean_std_5,11,0.9493453721840059,False
player_form_logistic,legacy_player_form + team_strength,6,add,mid_adjusted_key_passes_5,11,0.9493466907877046,False
player_form_logistic,legacy_player_form + team_strength,6,add,adjusted_shots_lineup_std_across_starters_5,11,0.9493611284173337,False
player_form_logistic,legacy_player_form + team_strength,6,add,adjusted_key_passes_lineup_mean_trend_1_5,11,0.9493910100396279,False
player_form_logistic,legacy_player_form + team_strength,6,add,key_passes_per90_lineup_mean_1,11,0.9494005168093382,False
player_form_logistic,legacy_player_form + team_strength,6,add,key_passes_per90_lineup_mean_trend_1_5,11,0.9494026821686107,False
player_form_logistic,legacy_player_form + team_strength,6,add,defensive_actions_per90_lineup_mean_1,11,0.9494282183308791,False
player_form_logistic,legacy_player_form + team_strength,6,add,defensive_actions_per90_lineup_mean_3,11,0.9494373606018499,False
player_form_logistic,legacy_player_form + team_strength,6,add,defensive_actions_per90_lineup_mean_trend_1_5,11,0.9494410522335965,False
player_form_logistic,legacy_player_form + team_strength,6,add,adjusted_defensive_actions_lineup_mean_trend_1_5,11,0.9494567762891466,False
player_form_logistic,legacy_player_form + team_strength,6,add,adjusted_shots_lineup_mean_ewm,11,0.9494665019290768,False
player_form_logistic,legacy_player_form + team_strength,6,add,key_passes_per90_lineup_mean_ewm,11,0.9494695568764056,False
player_form_logistic,legacy_player_form + team_strength,6,add,adjusted_defensive_actions_lineup_mean_1,11,0.9494712591726948,False
player_form_logistic,legacy_player_form + team_strength,6,add,rating_lineup_max_5,11,0.9494944302153265,False
player_form_logistic,legacy_player_form + team_strength,6,add,adjusted_key_passes_lineup_mean_ewm,11,0.9495667447601266,False
player_form_logistic,legacy_player_form + team_strength,6,add,adjusted_defensive_actions_lineup_mean_std_5,11,0.9495773984423921,False
player_form_logistic,legacy_player_form + team_strength,6,add,adjusted_defensive_actions_lineup_mean_5,11,0.9496037492490255,False
player_form_logistic,legacy_player_form + team_strength,6,remove,defensive_actions_per90_sum_5,9,0.9496149798041529,False
player_form_logistic,legacy_player_form + team_strength,6,add,retained_starters,11,0.9496732613755232,False
player_form_logistic,legacy_player_form + team_strength,6,add,replacement_quality,11,0.949705043470715,False
player_form_logistic,legacy_player_form + team_strength,6,add,shots_per90_lineup_mean_3,11,0.9497296313863222,False
player_form_logistic,legacy_player_form + team_strength,6,add,adjusted_key_passes_lineup_mean_3,11,0.949735431132199,False
player_form_logistic,legacy_player_form + team_strength,6,add,fwd_rating_mean_5,11,0.9497726545932401,False
player_form_logistic,legacy_player_form + team_strength,6,add,missing_regular_starters,11,0.9497762561163963,False
player_form_logistic,legacy_player_form + team_strength,6,add,attack_goal_rate_ewm,11,0.9498072347169284,False
player_form_logistic,legacy_player_form + team_strength,6,add,new_starters,11,0.9498715451003863,False
player_form_logistic,legacy_player_form + team_strength,6,add,def_adjusted_defensive_actions_5,11,0.9498908065335416,False
player_form_logistic,legacy_player_form + team_strength,6,add,recent_minutes_sum_5,11,0.9498931504705579,False
player_form_logistic,legacy_player_form + team_strength,6,add,fwd_adjusted_shots_5,11,0.9499258284762253,False
player_form_logistic,legacy_player_form + team_strength,6,add,adjusted_defensive_actions_lineup_mean_ewm,11,0.9499629989610803,False
player_form_logistic,legacy_player_form + team_strength,6,add,fwd_count,11,0.9499838531720122,False
player_form_logistic,legacy_player_form + team_strength,6,add,adjusted_rating_lineup_mean_ewm,11,0.9500231855849817,False
player_form_logistic,legacy_player_form + team_strength,6,add,def_count,11,0.9500256319705618,False
player_form_logistic,legacy_player_form + team_strength,6,add,elo_expected_result,11,0.9500573728089763,False
player_form_logistic,legacy_player_form + team_strength,6,add,defensive_actions_per90_lineup_mean_ewm,11,0.9502196910741596,False
player_form_logistic,legacy_player_form + team_strength,6,add,def_rating_mean_5,11,0.9502239743315164,False
player_form_logistic,legacy_player_form + team_strength,6,add,adjusted_defensive_actions_lineup_mean_3,11,0.9502783386420434,False
player_form_logistic,legacy_player_form + team_strength,6,add,adjusted_defensive_actions_lineup_std_across_starters_5,11,0.9504815324963639,False
player_form_logistic,legacy_player_form + team_strength,6,add,prior_team_matches,11,0.9507829437660068,False
player_form_logistic,legacy_player_form + team_strength,6,add,starters_without_full_window,11,0.9507940710162155,False
player_form_logistic,legacy_player_form + team_strength,6,add,adjusted_shots_lineup_mean_3,11,0.9508026618390221,False
player_form_logistic,legacy_player_form + team_strength,6,add,adjusted_shots_lineup_mean_5,11,0.9510864193054862,False
player_form_logistic,legacy_player_form + team_strength,6,add,adjusted_rating_lineup_mean_5,11,0.9511712178773917,False
player_form_logistic,legacy_player_form + team_strength,6,add,adjusted_key_passes_lineup_mean_5,11,0.9512749209213172,False
player_form_logistic,legacy_player_form + team_strength,6,remove,key_passes_per90_sum_5,9,0.9518531321429754,False
market_plus_player_form,lineup_continuity,1,add,expected_goals_strength,8,0.9235675038784694,True
market_plus_player_form,lineup_continuity,1,remove,mean_pairwise_prior_starts,6,0.9236113497609,False
market_plus_player_form,lineup_continuity,1,remove,mean_pairwise_prior_minutes,6,0.923619935739727,False
market_plus_player_form,lineup_continuity,1,add,adjusted_defensive_actions_lineup_mean_5,8,0.9236370865639348,False
market_plus_player_form,lineup_continuity,1,add,defensive_actions_per90_sum_5,8,0.9236528312086267,False
market_plus_player_form,lineup_continuity,1,remove,missing_regular_starters,6,0.923791743898055,False
market_plus_player_form,lineup_continuity,1,remove,new_player_pairs,6,0.9238089035401771,False
market_plus_player_form,lineup_continuity,1,add,adjusted_key_passes_lineup_mean_ewm,8,0.9238138254115646,False
market_plus_player_form,lineup_continuity,1,add,adjusted_key_passes_lineup_mean_1,8,0.9238889412515268,False
market_plus_player_form,lineup_continuity,1,add,key_passes_per90_lineup_mean_ewm,8,0.9239038971425855,False
market_plus_player_form,lineup_continuity,1,add,adjusted_key_passes_lineup_mean_3,8,0.923922737302023,False
market_plus_player_form,lineup_continuity,1,add,adjusted_shots_lineup_mean_1,8,0.9239252768173318,False
market_plus_player_form,lineup_continuity,1,add,rating_lineup_mean_trend_1_5,8,0.9239375108555969,False
market_plus_player_form,lineup_continuity,1,add,attack_goal_rate_ewm,8,0.9239596640847122,False
market_plus_player_form,lineup_continuity,1,remove,replacement_quality,6,0.9239664659199862,False
market_plus_player_form,lineup_continuity,1,add,key_passes_per90_lineup_mean_3,8,0.9239925842983918,False
market_plus_player_form,lineup_continuity,1,add,mid_adjusted_key_passes_5,8,0.9240068057913757,False
market_plus_player_form,lineup_continuity,1,add,adjusted_key_passes_lineup_mean_5,8,0.9240564353931149,False
market_plus_player_form,lineup_continuity,1,add,key_passes_per90_lineup_mean_1,8,0.9240577447988121,False
market_plus_player_form,lineup_continuity,1,add,shots_per90_lineup_mean_1,8,0.9240595969275006,False
market_plus_player_form,lineup_continuity,1,add,defence_goal_rate_ewm,8,0.9240621844517076,False
market_plus_player_form,lineup_continuity,1,add,adjusted_key_passes_lineup_mean_std_5,8,0.9240698700086156,False
market_plus_player_form,lineup_continuity,1,remove,new_starters,6,0.9241032915968576,False
market_plus_player_form,lineup_continuity,1,add,adjusted_rating_lineup_mean_1,8,0.9241079611835095,False
market_plus_player_form,lineup_continuity,1,add,key_passes_per90_sum_5,8,0.9241268717430943,False
market_plus_player_form,lineup_continuity,1,add,defensive_actions_per90_lineup_mean_3,8,0.9241368800742252,False
market_plus_player_form,lineup_continuity,1,add,gk_count,8,0.9241552382808309,False
market_plus_player_form,lineup_continuity,1,add,adjusted_rating_lineup_mean_3,8,0.9241604378056735,False
market_plus_player_form,lineup_continuity,1,add,rating_lineup_max_5,8,0.9241660227048534,False
market_plus_player_form,lineup_continuity,1,add,rating_lineup_top3_mean_5,8,0.9241731696768378,False
market_plus_player_form,lineup_continuity,1,add,adjusted_defensive_actions_lineup_mean_std_5,8,0.9241912838847475,False
market_plus_player_form,lineup_continuity,1,add,shots_per90_lineup_mean_trend_1_5,8,0.9241991366720581,False
market_plus_player_form,lineup_continuity,1,add,adjusted_defensive_actions_lineup_mean_1,8,0.9241996459898163,False
market_plus_player_form,lineup_continuity,1,add,mid_count,8,0.9242056212373231,False
market_plus_player_form,lineup_continuity,1,add,defensive_actions_per90_lineup_mean_1,8,0.9242098943943772,False
market_plus_player_form,lineup_continuity,1,add,adjusted_shots_lineup_mean_ewm,8,0.9242168168410148,False
market_plus_player_form,lineup_continuity,1,add,adjusted_key_passes_lineup_std_across_starters_5,8,0.9242201835742907,False
market_plus_player_form,lineup_continuity,1,add,adjusted_defensive_actions_lineup_mean_ewm,8,0.9242283610272144,False
market_plus_player_form,lineup_continuity,1,add,mid_rating_mean_5,8,0.9242300063559155,False
market_plus_player_form,lineup_continuity,1,remove,retained_starters,6,0.9242339925193661,False
market_plus_player_form,lineup_continuity,1,add,adjusted_key_passes_lineup_mean_trend_1_5,8,0.9242342256763543,False
market_plus_player_form,lineup_continuity,1,add,adjusted_rating_lineup_mean_trend_1_5,8,0.9242465009884444,False
market_plus_player_form,lineup_continuity,1,add,adjusted_shots_lineup_mean_trend_1_5,8,0.9242509456534166,False
market_plus_player_form,lineup_continuity,1,add,key_passes_per90_lineup_mean_trend_1_5,8,0.9242651644853864,False
market_plus_player_form,lineup_continuity,1,add,gk_rating_mean_5,8,0.9242764501600618,False
market_plus_player_form,lineup_continuity,1,add,adjusted_defensive_actions_lineup_mean_trend_1_5,8,0.924285579181011,False
market_plus_player_form,lineup_continuity,1,add,defensive_actions_per90_lineup_mean_trend_1_5,8,0.9242962282008148,False
market_plus_player_form,lineup_continuity,1,add,rating_lineup_mean_1,8,0.9242979364058895,False
market_plus_player_form,lineup_continuity,1,add,adjusted_defensive_actions_lineup_mean_3,8,0.9242992294273433,False
market_plus_player_form,lineup_continuity,1,add,rating_lineup_std_across_starters_5,8,0.9243147004521453,False
market_plus_player_form,lineup_continuity,1,add,shots_per90_lineup_mean_ewm,8,0.9243285313864509,False
market_plus_player_form,lineup_continuity,1,add,rating_mean_5,8,0.9243297474582952,False
market_plus_player_form,lineup_continuity,1,add,rating_lineup_min_5,8,0.9243309458166991,False
market_plus_player_form,lineup_continuity,1,add,rating_lineup_mean_3,8,0.9243414855435929,False
market_plus_player_form,lineup_continuity,1,add,adjusted_rating_lineup_std_across_starters_5,8,0.9243607258485842,False
market_plus_player_form,lineup_continuity,1,add,rating_lineup_mean_ewm,8,0.9243661246316475,False
market_plus_player_form,lineup_continuity,1,add,adjusted_rating_lineup_mean_std_5,8,0.9244028508536721,False
market_plus_player_form,lineup_continuity,1,add,adjusted_shots_lineup_std_across_starters_5,8,0.9244278720618935,False
market_plus_player_form,lineup_continuity,1,add,fwd_rating_mean_5,8,0.9244394211127293,False
market_plus_player_form,lineup_continuity,1,add,rating_lineup_mean_std_5,8,0.9244457064094447,False
market_plus_player_form,lineup_continuity,1,add,shots_per90_lineup_mean_3,8,0.9244525292694794,False
market_plus_player_form,lineup_continuity,1,add,defensive_actions_per90_lineup_mean_ewm,8,0.9244572031245839,False
market_plus_player_form,lineup_continuity,1,add,adjusted_shots_lineup_mean_std_5,8,0.9244588549596189,False
market_plus_player_form,lineup_continuity,1,add,adjusted_shots_lineup_mean_3,8,0.9244641887794517,False
market_plus_player_form,lineup_continuity,1,add,def_adjusted_defensive_actions_5,8,0.9245023098218985,False
market_plus_player_form,lineup_continuity,1,add,starters_without_history,8,0.9246214176135314,False
market_plus_player_form,lineup_continuity,1,add,shots_per90_sum_5,8,0.9246286885274488,False
market_plus_player_form,lineup_continuity,1,add,adjusted_shots_lineup_mean_5,8,0.9246493344220001,False
market_plus_player_form,lineup_continuity,1,add,fwd_adjusted_shots_5,8,0.9246623304051285,False
market_plus_player_form,lineup_continuity,1,add,gk_saves_per90_5,8,0.9246912799920857,False
market_plus_player_form,lineup_continuity,1,add,elo_rating,8,0.9247306941437958,False
market_plus_player_form,lineup_continuity,1,add,opponent_elo_rating,8,0.9247306941437958,False
market_plus_player_form,lineup_continuity,1,add,elo_difference,8,0.9247306941438054,False
market_plus_player_form,lineup_continuity,1,add,adjusted_rating_lineup_mean_5,8,0.9247848571084614,False
market_plus_player_form,lineup_continuity,1,add,adjusted_rating_lineup_mean_ewm,8,0.9248027206962237,False
market_plus_player_form,lineup_continuity,1,add,fwd_count,8,0.9248327763229856,False
market_plus_player_form,lineup_continuity,1,add,elo_expected_result,8,0.924854617231254,False
market_plus_player_form,lineup_continuity,1,add,def_rating_mean_5,8,0.924990125410409,False
market_plus_player_form,lineup_continuity,1,add,adjusted_defensive_actions_lineup_std_across_starters_5,8,0.9250996898088573,False
market_plus_player_form,lineup_continuity,1,add,def_count,8,0.9251135357694122,False
market_plus_player_form,lineup_continuity,1,add,prior_team_matches,8,0.925200112852837,False
market_plus_player_form,lineup_continuity,1,add,recent_minutes_sum_5,8,0.9252027302977135,False
market_plus_player_form,lineup_continuity,1,add,starters_without_full_window,8,0.9254778575721525,False
market_plus_player_form,lineup_continuity,2,add,adjusted_defensive_actions_lineup_mean_5,9,0.9229918448904517,True
market_plus_player_form,lineup_continuity,2,add,defensive_actions_per90_sum_5,9,0.9230172212665498,False
market_plus_player_form,lineup_continuity,2,remove,mean_pairwise_prior_minutes,7,0.9230201647831353,False
market_plus_player_form,lineup_continuity,2,remove,mean_pairwise_prior_starts,7,0.9230203554954625,False
market_plus_player_form,lineup_continuity,2,remove,missing_regular_starters,7,0.9231881865407695,False
market_plus_player_form,lineup_continuity,2,remove,new_player_pairs,7,0.9231899577328577,False
market_plus_player_form,lineup_continuity,2,add,adjusted_key_passes_lineup_mean_ewm,9,0.9232707235861644,False
market_plus_player_form,lineup_continuity,2,add,key_passes_per90_lineup_mean_ewm,9,0.9232877953326197,False
market_plus_player_form,lineup_continuity,2,add,adjusted_key_passes_lineup_mean_1,9,0.9233249894491065,False
market_plus_player_form,lineup_continuity,2,add,key_passes_per90_lineup_mean_3,9,0.9233507129004297,False
market_plus_player_form,lineup_continuity,2,add,adjusted_key_passes_lineup_mean_3,9,0.9233589407075726,False
market_plus_player_form,lineup_continuity,2,add,adjusted_shots_lineup_mean_1,9,0.9233768008580323,False
market_plus_player_form,lineup_continuity,2,add,mid_adjusted_key_passes_5,9,0.9234137719851551,False
market_plus_player_form,lineup_continuity,2,remove,replacement_quality,7,0.9234320210447686,False
market_plus_player_form,lineup_continuity,2,add,key_passes_per90_lineup_mean_1,9,0.9234339021334894,False
market_plus_player_form,lineup_continuity,2,add,rating_lineup_max_5,9,0.9234586944971233,False
market_plus_player_form,lineup_continuity,2,add,shots_per90_lineup_mean_1,9,0.9234623918338585,False
market_plus_player_form,lineup_continuity,2,add,adjusted_key_passes_lineup_mean_std_5,9,0.9234826615687908,False
market_plus_player_form,lineup_continuity,2,add,rating_lineup_mean_trend_1_5,9,0.9234868749132675,False
market_plus_player_form,lineup_continuity,2,add,key_passes_per90_sum_5,9,0.9234926048207319,False
market_plus_player_form,lineup_continuity,2,add,defensive_actions_per90_lineup_mean_3,9,0.923533921369269,False
market_plus_player_form,lineup_continuity,2,remove,new_starters,7,0.9235350473031239,False
market_plus_player_form,lineup_continuity,2,add,rating_lineup_top3_mean_5,9,0.9235586795569017,False
market_plus_player_form,lineup_continuity,2,add,adjusted_defensive_actions_lineup_mean_std_5,9,0.9235608175953947,False
market_plus_player_form,lineup_continuity,2,add,adjusted_key_passes_lineup_mean_5,9,0.9235623285656065,False
market_plus_player_form,lineup_continuity,2,add,gk_count,9,0.9235675038784696,False
market_plus_player_form,lineup_continuity,2,add,adjusted_key_passes_lineup_std_across_starters_5,9,0.9235786178765248,False
market_plus_player_form,lineup_continuity,2,add,adjusted_defensive_actions_lineup_mean_ewm,9,0.9235893799821513,False
market_plus_player_form,lineup_continuity,2,add,defensive_actions_per90_lineup_mean_1,9,0.9235978597765588,False
market_plus_player_form,lineup_continuity,2,add,adjusted_defensive_actions_lineup_mean_1,9,0.9236093815333574,False
market_plus_player_form,lineup_continuity,2,add,mid_count,9,0.9236127644666408,False
market_plus_player_form,lineup_continuity,2,add,gk_rating_mean_5,9,0.9236274197212571,False
market_plus_player_form,lineup_continuity,2,add,shots_per90_lineup_mean_trend_1_5,9,0.923632272995456,False
market_plus_player_form,lineup_continuity,2,add,adjusted_key_passes_lineup_mean_trend_1_5,9,0.923645460190091,False
market_plus_player_form,lineup_continuity,2,add,adjusted_rating_lineup_std_across_starters_5,9,0.9236496536378305,False
market_plus_player_form,lineup_continuity,2,add,adjusted_shots_lineup_mean_ewm,9,0.9236659928507268,False
market_plus_player_form,lineup_continuity,2,add,mid_rating_mean_5,9,0.9236670223215196,False
market_plus_player_form,lineup_continuity,2,add,key_passes_per90_lineup_mean_trend_1_5,9,0.9236672168327438,False
market_plus_player_form,lineup_continuity,2,remove,retained_starters,7,0.9236705794158399,False
market_plus_player_form,lineup_continuity,2,add,defence_goal_rate_ewm,9,0.9236789599594537,False
market_plus_player_form,lineup_continuity,2,add,adjusted_defensive_actions_lineup_mean_3,9,0.9236911795474897,False
market_plus_player_form,lineup_continuity,2,add,adjusted_rating_lineup_mean_std_5,9,0.9236949169074538,False
market_plus_player_form,lineup_continuity,2,add,adjusted_shots_lineup_mean_trend_1_5,9,0.9237003522783246,False
market_plus_player_form,lineup_continuity,2,add,adjusted_defensive_actions_lineup_mean_trend_1_5,9,0.9237066101279827,False
market_plus_player_form,lineup_continuity,2,add,defensive_actions_per90_lineup_mean_trend_1_5,9,0.9237082415065173,False
market_plus_player_form,lineup_continuity,2,add,adjusted_rating_lineup_mean_trend_1_5,9,0.9237168437954251,False
market_plus_player_form,lineup_continuity,2,add,adjusted_rating_lineup_mean_1,9,0.9237245003487258,False
market_plus_player_form,lineup_continuity,2,add,rating_lineup_std_across_starters_5,9,0.9237246468590928,False
market_plus_player_form,lineup_continuity,2,add,rating_lineup_min_5,9,0.9237306596994537,False
market_plus_player_form,lineup_continuity,2,add,shots_per90_lineup_mean_ewm,9,0.9237324927670211,False
market_plus_player_form,lineup_continuity,2,add,rating_mean_5,9,0.9237505031267041,False
market_plus_player_form,lineup_continuity,2,add,fwd_rating_mean_5,9,0.9237638259404432,False
market_plus_player_form,lineup_continuity,2,add,rating_lineup_mean_ewm,9,0.9237850296758923,False
market_plus_player_form,lineup_continuity,2,add,rating_lineup_mean_std_5,9,0.9237870011906215,False
market_plus_player_form,lineup_continuity,2,add,defensive_actions_per90_lineup_mean_ewm,9,0.9237987714124775,False
market_plus_player_form,lineup_continuity,2,add,shots_per90_lineup_mean_3,9,0.9238319495596741,False
market_plus_player_form,lineup_continuity,2,add,adjusted_shots_lineup_std_across_starters_5,9,0.9238346481221202,False
market_plus_player_form,lineup_continuity,2,add,rating_lineup_mean_3,9,0.9238376856276369,False
market_plus_player_form,lineup_continuity,2,add,adjusted_shots_lineup_mean_std_5,9,0.9238535762639946,False
market_plus_player_form,lineup_continuity,2,add,rating_lineup_mean_1,9,0.9238890362599146,False
market_plus_player_form,lineup_continuity,2,add,adjusted_rating_lineup_mean_3,9,0.9238948197994042,False
market_plus_player_form,lineup_continuity,2,add,adjusted_shots_lineup_mean_3,9,0.9238981423355123,False
market_plus_player_form,lineup_continuity,2,add,def_adjusted_defensive_actions_5,9,0.9239378401302247,False
market_plus_player_form,lineup_continuity,2,add,starters_without_history,9,0.9240259830678299,False
market_plus_player_form,lineup_continuity,2,add,shots_per90_sum_5,9,0.9240617352570895,False
market_plus_player_form,lineup_continuity,2,add,fwd_adjusted_shots_5,9,0.9240800728513654,False
market_plus_player_form,lineup_continuity,2,add,elo_rating,9,0.9240898209608495,False
market_plus_player_form,lineup_continuity,2,add,opponent_elo_rating,9,0.9240898209608495,False
market_plus_player_form,lineup_continuity,2,add,elo_difference,9,0.9240898209608637,False
market_plus_player_form,lineup_continuity,2,add,adjusted_shots_lineup_mean_5,9,0.9240917773751886,False
market_plus_player_form,lineup_continuity,2,add,gk_saves_per90_5,9,0.9241111711372404,False
market_plus_player_form,lineup_continuity,2,remove,expected_goals_strength,7,0.9241552382808311,False
market_plus_player_form,lineup_continuity,2,add,attack_goal_rate_ewm,9,0.9242028670970984,False
market_plus_player_form,lineup_continuity,2,add,elo_expected_result,9,0.9242090240606339,False
market_plus_player_form,lineup_continuity,2,add,fwd_count,9,0.9242763454681127,False
market_plus_player_form,lineup_continuity,2,add,adjusted_defensive_actions_lineup_std_across_starters_5,9,0.924350250939104,False
market_plus_player_form,lineup_continuity,2,add,adjusted_rating_lineup_mean_5,9,0.9244264711346468,False
market_plus_player_form,lineup_continuity,2,add,def_rating_mean_5,9,0.9245006983603088,False
market_plus_player_form,lineup_continuity,2,add,adjusted_rating_lineup_mean_ewm,9,0.9245251112050463,False
market_plus_player_form,lineup_continuity,2,add,def_count,9,0.924533378623326,False
market_plus_player_form,lineup_continuity,2,add,prior_team_matches,9,0.9246540240852501,False
market_plus_player_form,lineup_continuity,2,add,recent_minutes_sum_5,9,0.9246708153437311,False
market_plus_player_form,lineup_continuity,2,add,starters_without_full_window,9,0.9249984423343327,False
market_plus_player_form,lineup_continuity,3,remove,mean_pairwise_prior_starts,8,0.9224825436288321,True
market_plus_player_form,lineup_continuity,3,remove,mean_pairwise_prior_minutes,8,0.9224965429787064,False
market_plus_player_form,lineup_continuity,3,remove,missing_regular_starters,8,0.9225981356792481,False
market_plus_player_form,lineup_continuity,3,remove,new_player_pairs,8,0.9226264724525887,False
market_plus_player_form,lineup_continuity,3,add,adjusted_key_passes_lineup_mean_ewm,10,0.9226275532725561,False
market_plus_player_form,lineup_continuity,3,add,key_passes_per90_lineup_mean_ewm,10,0.9226292569699673,False
market_plus_player_form,lineup_continuity,3,add,key_passes_per90_lineup_mean_3,10,0.9226919266238911,False
market_plus_player_form,lineup_continuity,3,add,adjusted_key_passes_lineup_mean_3,10,0.9227225131567909,False
market_plus_player_form,lineup_continuity,3,add,mid_adjusted_key_passes_5,10,0.9227265903302853,False
market_plus_player_form,lineup_continuity,3,add,adjusted_key_passes_lineup_mean_1,10,0.9227424019582734,False
market_plus_player_form,lineup_continuity,3,remove,replacement_quality,8,0.9228058827386707,False
market_plus_player_form,lineup_continuity,3,add,key_passes_per90_sum_5,10,0.9228110852556022,False
market_plus_player_form,lineup_continuity,3,add,adjusted_shots_lineup_mean_1,10,0.9228139203749626,False
market_plus_player_form,lineup_continuity,3,add,key_passes_per90_lineup_mean_1,10,0.9228431141385736,False
market_plus_player_form,lineup_continuity,3,add,adjusted_key_passes_lineup_mean_std_5,10,0.9228749910689953,False
market_plus_player_form,lineup_continuity,3,add,adjusted_key_passes_lineup_mean_5,10,0.9228792280190314,False
market_plus_player_form,lineup_continuity,3,add,rating_lineup_mean_trend_1_5,10,0.9228857846249299,False
market_plus_player_form,lineup_continuity,3,add,shots_per90_lineup_mean_1,10,0.9228954531329926,False
market_plus_player_form,lineup_continuity,3,add,rating_lineup_max_5,10,0.9228960789981648,False
market_plus_player_form,lineup_continuity,3,add,defensive_actions_per90_lineup_mean_3,10,0.9229011687972397,False
market_plus_player_form,lineup_continuity,3,remove,new_starters,8,0.9229727089831913,False
market_plus_player_form,lineup_continuity,3,add,adjusted_key_passes_lineup_std_across_starters_5,10,0.9229915080605311,False
market_plus_player_form,lineup_continuity,3,add,gk_count,10,0.9229918448904539,False
market_plus_player_form,lineup_continuity,3,add,rating_lineup_top3_mean_5,10,0.9229926072317448,False
market_plus_player_form,lineup_continuity,3,add,mid_count,10,0.9230082587774131,False
market_plus_player_form,lineup_continuity,3,add,adjusted_defensive_actions_lineup_mean_3,10,0.9230435220145107,False
market_plus_player_form,lineup_continuity,3,add,shots_per90_lineup_mean_trend_1_5,10,0.9230481835007494,False
market_plus_player_form,lineup_continuity,3,add,gk_rating_mean_5,10,0.9230534490815295,False
market_plus_player_form,lineup_continuity,3,add,adjusted_key_passes_lineup_mean_trend_1_5,10,0.9230837863657582,False
market_plus_player_form,lineup_continuity,3,add,key_passes_per90_lineup_mean_trend_1_5,10,0.9231012987959165,False
market_plus_player_form,lineup_continuity,3,remove,retained_starters,8,0.9231066833725613,False
market_plus_player_form,lineup_continuity,3,add,adjusted_shots_lineup_mean_ewm,10,0.9231087441403123,False
market_plus_player_form,lineup_continuity,3,add,mid_rating_mean_5,10,0.9231110900135823,False
market_plus_player_form,lineup_continuity,3,add,adjusted_defensive_actions_lineup_mean_1,10,0.9231171076472611,False
market_plus_player_form,lineup_continuity,3,add,adjusted_rating_lineup_std_across_starters_5,10,0.9231226947391289,False
market_plus_player_form,lineup_continuity,3,add,adjusted_shots_lineup_mean_trend_1_5,10,0.9231249588214009,False
market_plus_player_form,lineup_continuity,3,add,defence_goal_rate_ewm,10,0.9231261129957711,False
market_plus_player_form,lineup_continuity,3,add,adjusted_defensive_actions_lineup_mean_trend_1_5,10,0.9231270599711863,False
market_plus_player_form,lineup_continuity,3,add,rating_lineup_std_across_starters_5,10,0.9231277722111462,False
market_plus_player_form,lineup_continuity,3,add,defensive_actions_per90_lineup_mean_trend_1_5,10,0.9231362435468451,False
market_plus_player_form,lineup_continuity,3,add,adjusted_rating_lineup_mean_trend_1_5,10,0.923136683506652,False
market_plus_player_form,lineup_continuity,3,add,adjusted_rating_lineup_mean_1,10,0.9231439042783272,False
market_plus_player_form,lineup_continuity,3,add,defensive_actions_per90_lineup_mean_1,10,0.9231502988354199,False
market_plus_player_form,lineup_continuity,3,add,rating_mean_5,10,0.9231604941239507,False
market_plus_player_form,lineup_continuity,3,add,adjusted_rating_lineup_mean_std_5,10,0.9231625600982762,False
market_plus_player_form,lineup_continuity,3,add,fwd_rating_mean_5,10,0.9231689828665,False
market_plus_player_form,lineup_continuity,3,add,rating_lineup_min_5,10,0.9231710436855436,False
market_plus_player_form,lineup_continuity,3,add,shots_per90_lineup_mean_ewm,10,0.9231853364686058,False
market_plus_player_form,lineup_continuity,3,add,rating_lineup_mean_ewm,10,0.9232076470445139,False
market_plus_player_form,lineup_continuity,3,add,rating_lineup_mean_std_5,10,0.9232290403313457,False
market_plus_player_form,lineup_continuity,3,add,adjusted_defensive_actions_lineup_mean_std_5,10,0.9232318380474909,False
market_plus_player_form,lineup_continuity,3,add,rating_lineup_mean_3,10,0.9232551037117873,False
market_plus_player_form,lineup_continuity,3,add,shots_per90_lineup_mean_3,10,0.9232775024569264,False
market_plus_player_form,lineup_continuity,3,add,rating_lineup_mean_1,10,0.9232921256972313,False
market_plus_player_form,lineup_continuity,3,add,adjusted_shots_lineup_mean_std_5,10,0.9233177120277064,False
market_plus_player_form,lineup_continuity,3,add,adjusted_rating_lineup_mean_3,10,0.923325587685045,False
market_plus_player_form,lineup_continuity,3,add,adjusted_shots_lineup_mean_3,10,0.9233305992883609,False
market_plus_player_form,lineup_continuity,3,add,adjusted_shots_lineup_std_across_starters_5,10,0.9233464668426175,False
market_plus_player_form,lineup_continuity,3,add,starters_without_history,10,0.9234514195629906,False
market_plus_player_form,lineup_continuity,3,add,shots_per90_sum_5,10,0.9234783774252495,False
market_plus_player_form,lineup_continuity,3,add,elo_difference,10,0.9235178414214114,False
market_plus_player_form,lineup_continuity,3,add,elo_rating,10,0.9235178414214136,False
market_plus_player_form,lineup_continuity,3,add,opponent_elo_rating,10,0.9235178414214136,False
market_plus_player_form,lineup_continuity,3,add,fwd_adjusted_shots_5,10,0.9235181766055501,False
market_plus_player_form,lineup_continuity,3,add,gk_saves_per90_5,10,0.9235302466414032,False
market_plus_player_form,lineup_continuity,3,add,adjusted_shots_lineup_mean_5,10,0.9235354721478768,False
market_plus_player_form,lineup_continuity,3,remove,adjusted_defensive_actions_lineup_mean_5,8,0.9235675038784694,False
market_plus_player_form,lineup_continuity,3,add,defensive_actions_per90_sum_5,10,0.9235846912375234,False
market_plus_player_form,lineup_continuity,3,remove,expected_goals_strength,8,0.9236370865639348,False
market_plus_player_form,lineup_continuity,3,add,adjusted_defensive_actions_lineup_mean_ewm,10,0.9236534966992362,False
market_plus_player_form,lineup_continuity,3,add,attack_goal_rate_ewm,10,0.9236575375297312,False
market_plus_player_form,lineup_continuity,3,add,elo_expected_result,10,0.923662321520347,False
market_plus_player_form,lineup_continuity,3,add,fwd_count,10,0.9237087565797011,False
market_plus_player_form,lineup_continuity,3,add,adjusted_rating_lineup_mean_5,10,0.9238274002768914,False
market_plus_player_form,lineup_continuity,3,add,defensive_actions_per90_lineup_mean_ewm,10,0.92386938778667,False
market_plus_player_form,lineup_continuity,3,add,adjusted_rating_lineup_mean_ewm,10,0.9239057943367175,False
market_plus_player_form,lineup_continuity,3,add,def_rating_mean_5,10,0.923959048107573,False
market_plus_player_form,lineup_continuity,3,add,def_count,10,0.9239640811954084,False
market_plus_player_form,lineup_continuity,3,add,def_adjusted_defensive_actions_5,10,0.9240650311067962,False
market_plus_player_form,lineup_continuity,3,add,recent_minutes_sum_5,10,0.9241033212050002,False
market_plus_player_form,lineup_continuity,3,add,prior_team_matches,10,0.924142521795071,False
market_plus_player_form,lineup_continuity,3,add,adjusted_defensive_actions_lineup_std_across_starters_5,10,0.9243206510464568,False
market_plus_player_form,lineup_continuity,3,add,starters_without_full_window,10,0.924451402266506,False
market_plus_player_form,lineup_continuity,4,remove,new_player_pairs,7,0.9221000106691367,False
market_plus_player_form,lineup_continuity,4,remove,missing_regular_starters,7,0.9221140926302678,False
market_plus_player_form,lineup_continuity,4,add,key_passes_per90_lineup_mean_ewm,9,0.9221368709661764,False
market_plus_player_form,lineup_continuity,4,add,adjusted_key_passes_lineup_mean_ewm,9,0.9221566425296215,False
market_plus_player_form,lineup_continuity,4,add,key_passes_per90_lineup_mean_3,9,0.9221830962867197,False
market_plus_player_form,lineup_continuity,4,add,mid_adjusted_key_passes_5,9,0.9222123268325216,False
market_plus_player_form,lineup_continuity,4,add,adjusted_key_passes_lineup_mean_3,9,0.9222144514985057,False
market_plus_player_form,lineup_continuity,4,add,adjusted_key_passes_lineup_mean_1,9,0.9222338299369821,False
market_plus_player_form,lineup_continuity,4,add,key_passes_per90_sum_5,9,0.922304579816549,False
market_plus_player_form,lineup_continuity,4,add,adjusted_shots_lineup_mean_1,9,0.9223068890568563,False
market_plus_player_form,lineup_continuity,4,remove,replacement_quality,7,0.9223078511951613,False
market_plus_player_form,lineup_continuity,4,add,key_passes_per90_lineup_mean_1,9,0.9223560274438845,False
market_plus_player_form,lineup_continuity,4,add,adjusted_key_passes_lineup_mean_5,9,0.9223639570662951,False
market_plus_player_form,lineup_continuity,4,add,rating_lineup_mean_trend_1_5,9,0.9223695013899347,False
market_plus_player_form,lineup_continuity,4,add,rating_lineup_max_5,9,0.9223729249800141,False
market_plus_player_form,lineup_continuity,4,add,adjusted_key_passes_lineup_mean_std_5,9,0.922390452916334,False
market_plus_player_form,lineup_continuity,4,add,shots_per90_lineup_mean_1,9,0.9223926153538009,False
market_plus_player_form,lineup_continuity,4,add,defensive_actions_per90_lineup_mean_3,9,0.9223997491372498,False
market_plus_player_form,lineup_continuity,4,remove,mean_pairwise_prior_minutes,7,0.9224455514361937,False
market_plus_player_form,lineup_continuity,4,remove,new_starters,7,0.9224555048096543,False
market_plus_player_form,lineup_continuity,4,add,rating_lineup_top3_mean_5,9,0.9224681136980317,False
market_plus_player_form,lineup_continuity,4,add,adjusted_key_passes_lineup_std_across_starters_5,9,0.9224789368172528,False
market_plus_player_form,lineup_continuity,4,add,gk_count,9,0.9224825436288322,False
market_plus_player_form,lineup_continuity,4,add,adjusted_defensive_actions_lineup_mean_3,9,0.9225060369935647,False
market_plus_player_form,lineup_continuity,4,add,mid_count,9,0.922522775837175,False
market_plus_player_form,lineup_continuity,4,add,shots_per90_lineup_mean_trend_1_5,9,0.9225407875149633,False
market_plus_player_form,lineup_continuity,4,add,gk_rating_mean_5,9,0.9225432948662202,False
market_plus_player_form,lineup_continuity,4,add,adjusted_key_passes_lineup_mean_trend_1_5,9,0.9225697907101225,False
market_plus_player_form,lineup_continuity,4,remove,retained_starters,7,0.9225705933894159,False
market_plus_player_form,lineup_continuity,4,add,defence_goal_rate_ewm,9,0.9225817668227827,False
market_plus_player_form,lineup_continuity,4,add,key_passes_per90_lineup_mean_trend_1_5,9,0.9225878007899697,False
market_plus_player_form,lineup_continuity,4,add,adjusted_shots_lineup_mean_ewm,9,0.9225895847266211,False
market_plus_player_form,lineup_continuity,4,add,rating_lineup_std_across_starters_5,9,0.9226095336470255,False
market_plus_player_form,lineup_continuity,4,add,adjusted_defensive_actions_lineup_mean_trend_1_5,9,0.9226127950941219,False
market_plus_player_form,lineup_continuity,4,add,adjusted_defensive_actions_lineup_mean_1,9,0.9226131483304687,False
market_plus_player_form,lineup_continuity,4,add,mid_rating_mean_5,9,0.9226133436372219,False
market_plus_player_form,lineup_continuity,4,add,adjusted_rating_lineup_mean_trend_1_5,9,0.9226153157575852,False
market_plus_player_form,lineup_continuity,4,add,adjusted_rating_lineup_std_across_starters_5,9,0.9226160382280141,False
market_plus_player_form,lineup_continuity,4,add,defensive_actions_per90_lineup_mean_trend_1_5,9,0.922619903510356,False
market_plus_player_form,lineup_continuity,4,add,adjusted_shots_lineup_mean_trend_1_5,9,0.9226202541476687,False
market_plus_player_form,lineup_continuity,4,add,rating_lineup_min_5,9,0.9226395498150136,False
market_plus_player_form,lineup_continuity,4,add,adjusted_rating_lineup_mean_std_5,9,0.9226398253085012,False
market_plus_player_form,lineup_continuity,4,add,adjusted_rating_lineup_mean_1,9,0.922640658063586,False
market_plus_player_form,lineup_continuity,4,add,defensive_actions_per90_lineup_mean_1,9,0.9226408532921438,False
market_plus_player_form,lineup_continuity,4,add,rating_mean_5,9,0.9226422091902875,False
market_plus_player_form,lineup_continuity,4,add,shots_per90_lineup_mean_ewm,9,0.9226553226509762,False
market_plus_player_form,lineup_continuity,4,add,fwd_rating_mean_5,9,0.9226719068865417,False
market_plus_player_form,lineup_continuity,4,add,rating_lineup_mean_ewm,9,0.9226787793041897,False
market_plus_player_form,lineup_continuity,4,add,rating_lineup_mean_std_5,9,0.922703888440753,False
market_plus_player_form,lineup_continuity,4,add,rating_lineup_mean_3,9,0.9227138324912445,False
market_plus_player_form,lineup_continuity,4,add,adjusted_defensive_actions_lineup_mean_std_5,9,0.9227311449687092,False
market_plus_player_form,lineup_continuity,4,add,shots_per90_lineup_mean_3,9,0.922745651389187,False
market_plus_player_form,lineup_continuity,4,add,rating_lineup_mean_1,9,0.9227743247513047,False
market_plus_player_form,lineup_continuity,4,add,adjusted_shots_lineup_mean_std_5,9,0.9227816280948709,False
market_plus_player_form,lineup_continuity,4,add,adjusted_rating_lineup_mean_3,9,0.9228057516093359,False
market_plus_player_form,lineup_continuity,4,add,adjusted_shots_lineup_mean_3,9,0.9228122896248402,False
market_plus_player_form,lineup_continuity,4,add,adjusted_shots_lineup_std_across_starters_5,9,0.9228553507748554,False
market_plus_player_form,lineup_continuity,4,add,starters_without_history,9,0.9229120925733596,False
market_plus_player_form,lineup_continuity,4,add,shots_per90_sum_5,9,0.9229714257735476,False
market_plus_player_form,lineup_continuity,4,add,mean_pairwise_prior_starts,9,0.9229918448904524,False
market_plus_player_form,lineup_continuity,4,add,fwd_adjusted_shots_5,9,0.9230029637298763,False
market_plus_player_form,lineup_continuity,4,add,gk_saves_per90_5,9,0.923015884241279,False
market_plus_player_form,lineup_continuity,4,remove,adjusted_defensive_actions_lineup_mean_5,7,0.9230203554954625,False
market_plus_player_form,lineup_continuity,4,add,elo_rating,9,0.9230245548868294,False
market_plus_player_form,lineup_continuity,4,add,opponent_elo_rating,9,0.9230245548868294,False
market_plus_player_form,lineup_continuity,4,add,elo_difference,9,0.9230245548868297,False
market_plus_player_form,lineup_continuity,4,add,adjusted_shots_lineup_mean_5,9,0.9230305150859648,False
market_plus_player_form,lineup_continuity,4,add,defensive_actions_per90_sum_5,9,0.9230688420709144,False
market_plus_player_form,lineup_continuity,4,add,attack_goal_rate_ewm,9,0.9231075456511689,False
market_plus_player_form,lineup_continuity,4,remove,expected_goals_strength,7,0.9231374661253418,False
market_plus_player_form,lineup_continuity,4,add,elo_expected_result,9,0.923156770085692,False
market_plus_player_form,lineup_continuity,4,add,adjusted_defensive_actions_lineup_mean_ewm,9,0.9231661472830461,False
market_plus_player_form,lineup_continuity,4,add,fwd_count,9,0.9232045574917482,False
market_plus_player_form,lineup_continuity,4,add,adjusted_rating_lineup_mean_5,9,0.9233438517463044,False
market_plus_player_form,lineup_continuity,4,add,defensive_actions_per90_lineup_mean_ewm,9,0.9233502168342471,False
market_plus_player_form,lineup_continuity,4,add,def_rating_mean_5,9,0.9234226154362937,False
market_plus_player_form,lineup_continuity,4,add,adjusted_rating_lineup_mean_ewm,9,0.9234276536718652,False
market_plus_player_form,lineup_continuity,4,add,recent_minutes_sum_5,9,0.9234902677115084,False
market_plus_player_form,lineup_continuity,4,add,prior_team_matches,9,0.9234928402227414,False
market_plus_player_form,lineup_continuity,4,add,def_count,9,0.9234973829421179,False
market_plus_player_form,lineup_continuity,4,add,def_adjusted_defensive_actions_5,9,0.9235290728350232,False
market_plus_player_form,lineup_continuity,4,add,adjusted_defensive_actions_lineup_std_across_starters_5,9,0.9238821343505943,False
market_plus_player_form,lineup_continuity,4,add,starters_without_full_window,9,0.923953943618081,False
market_plus_player_form,legacy_player_form,1,remove,starters_without_full_window,6,0.9234194125392412,True
market_plus_player_form,legacy_player_form,1,remove,starters_without_history,6,0.9235925281757577,False
market_plus_player_form,legacy_player_form,1,remove,rating_mean_5,6,0.9238510713617549,False
market_plus_player_form,legacy_player_form,1,remove,shots_per90_sum_5,6,0.923925023210775,False
market_plus_player_form,legacy_player_form,1,add,adjusted_rating_lineup_mean_3,8,0.9240803645381369,False
market_plus_player_form,legacy_player_form,1,remove,recent_minutes_sum_5,6,0.9240973026680643,False
market_plus_player_form,legacy_player_form,1,add,rating_lineup_mean_3,8,0.9241345144854691,False
market_plus_player_form,legacy_player_form,1,add,rating_lineup_mean_1,8,0.9241954416359562,False
market_plus_player_form,legacy_player_form,1,add,attack_goal_rate_ewm,8,0.9241959658630534,False
market_plus_player_form,legacy_player_form,1,add,rating_lineup_mean_trend_1_5,8,0.9242036226195596,False
market_plus_player_form,legacy_player_form,1,add,rating_lineup_top3_mean_5,8,0.9242451423895304,False
market_plus_player_form,legacy_player_form,1,add,adjusted_key_passes_lineup_std_across_starters_5,8,0.9242917511003592,False
market_plus_player_form,legacy_player_form,1,add,rating_lineup_std_across_starters_5,8,0.9243304306715547,False
market_plus_player_form,legacy_player_form,1,add,expected_goals_strength,8,0.9243366525143293,False
market_plus_player_form,legacy_player_form,1,add,rating_lineup_mean_ewm,8,0.9244050673047974,False
market_plus_player_form,legacy_player_form,1,add,adjusted_rating_lineup_mean_1,8,0.9244157553229297,False
market_plus_player_form,legacy_player_form,1,add,new_player_pairs,8,0.924417255143374,False
market_plus_player_form,legacy_player_form,1,add,key_passes_per90_lineup_mean_3,8,0.9244420216914866,False
market_plus_player_form,legacy_player_form,1,add,gk_count,8,0.9244540286245431,False
market_plus_player_form,legacy_player_form,1,add,gk_rating_mean_5,8,0.9244591413341223,False
market_plus_player_form,legacy_player_form,1,add,defensive_actions_per90_lineup_mean_3,8,0.9244889346801861,False
market_plus_player_form,legacy_player_form,1,add,mid_adjusted_key_passes_5,8,0.9244977498586205,False
market_plus_player_form,legacy_player_form,1,add,adjusted_rating_lineup_mean_trend_1_5,8,0.924503356136988,False
market_plus_player_form,legacy_player_form,1,add,adjusted_shots_lineup_mean_1,8,0.9245204685795525,False
market_plus_player_form,legacy_player_form,1,add,adjusted_key_passes_lineup_mean_3,8,0.924525351111209,False
market_plus_player_form,legacy_player_form,1,add,shots_per90_lineup_mean_1,8,0.9245299074820876,False
market_plus_player_form,legacy_player_form,1,add,mid_count,8,0.9245463526954321,False
market_plus_player_form,legacy_player_form,1,add,shots_per90_lineup_mean_trend_1_5,8,0.9245564535199824,False
market_plus_player_form,legacy_player_form,1,add,mid_rating_mean_5,8,0.9245587802229429,False
market_plus_player_form,legacy_player_form,1,add,mean_pairwise_prior_starts,8,0.9245595162547742,False
market_plus_player_form,legacy_player_form,1,add,adjusted_key_passes_lineup_mean_1,8,0.9245681907515992,False
market_plus_player_form,legacy_player_form,1,remove,key_passes_per90_sum_5,6,0.9245756834126437,False
market_plus_player_form,legacy_player_form,1,add,adjusted_shots_lineup_mean_trend_1_5,8,0.9245787132219048,False
market_plus_player_form,legacy_player_form,1,add,mean_pairwise_prior_minutes,8,0.9245848161914283,False
market_plus_player_form,legacy_player_form,1,add,adjusted_rating_lineup_std_across_starters_5,8,0.9245894425670662,False
market_plus_player_form,legacy_player_form,1,add,replacement_quality,8,0.9246002993497144,False
market_plus_player_form,legacy_player_form,1,add,key_passes_per90_lineup_mean_trend_1_5,8,0.9246108967822898,False
market_plus_player_form,legacy_player_form,1,add,adjusted_key_passes_lineup_mean_trend_1_5,8,0.9246121028266587,False
market_plus_player_form,legacy_player_form,1,add,rating_lineup_max_5,8,0.9246143535610958,False
market_plus_player_form,legacy_player_form,1,add,key_passes_per90_lineup_mean_1,8,0.9246308168382392,False
market_plus_player_form,legacy_player_form,1,add,adjusted_defensive_actions_lineup_mean_1,8,0.92464137987249,False
market_plus_player_form,legacy_player_form,1,add,rating_lineup_min_5,8,0.9246447607145505,False
market_plus_player_form,legacy_player_form,1,add,adjusted_defensive_actions_lineup_mean_trend_1_5,8,0.9246457907766501,False
market_plus_player_form,legacy_player_form,1,add,defensive_actions_per90_lineup_mean_1,8,0.9246492343263611,False
market_plus_player_form,legacy_player_form,1,add,defensive_actions_per90_lineup_mean_trend_1_5,8,0.9246514080350552,False
market_plus_player_form,legacy_player_form,1,add,adjusted_key_passes_lineup_mean_std_5,8,0.9246883807067436,False
market_plus_player_form,legacy_player_form,1,add,adjusted_shots_lineup_mean_ewm,8,0.9247097641506095,False
market_plus_player_form,legacy_player_form,1,add,fwd_rating_mean_5,8,0.9247307296486429,False
market_plus_player_form,legacy_player_form,1,add,retained_starters,8,0.9247412294689946,False
market_plus_player_form,legacy_player_form,1,add,adjusted_defensive_actions_lineup_mean_5,8,0.9247498965011547,False
market_plus_player_form,legacy_player_form,1,add,adjusted_defensive_actions_lineup_mean_std_5,8,0.9247897350488246,False
market_plus_player_form,legacy_player_form,1,add,adjusted_rating_lineup_mean_ewm,8,0.9248000957826961,False
market_plus_player_form,legacy_player_form,1,add,defence_goal_rate_ewm,8,0.9248022642456105,False
market_plus_player_form,legacy_player_form,1,add,adjusted_key_passes_lineup_mean_ewm,8,0.9248100529629124,False
market_plus_player_form,legacy_player_form,1,add,adjusted_rating_lineup_mean_std_5,8,0.9248334820529944,False
market_plus_player_form,legacy_player_form,1,add,new_starters,8,0.9248459537839308,False
market_plus_player_form,legacy_player_form,1,add,rating_lineup_mean_std_5,8,0.924846409722184,False
market_plus_player_form,legacy_player_form,1,add,adjusted_defensive_actions_lineup_mean_3,8,0.9248656743338106,False
market_plus_player_form,legacy_player_form,1,add,adjusted_shots_lineup_mean_std_5,8,0.9248746200328957,False
market_plus_player_form,legacy_player_form,1,add,key_passes_per90_lineup_mean_ewm,8,0.9248813530207913,False
market_plus_player_form,legacy_player_form,1,add,shots_per90_lineup_mean_ewm,8,0.9249115962884649,False
market_plus_player_form,legacy_player_form,1,remove,defensive_actions_per90_sum_5,6,0.9249156991237264,False
market_plus_player_form,legacy_player_form,1,add,gk_saves_per90_5,8,0.9249851697593428,False
market_plus_player_form,legacy_player_form,1,add,adjusted_shots_lineup_mean_5,8,0.9249988883808267,False
market_plus_player_form,legacy_player_form,1,add,shots_per90_lineup_mean_3,8,0.9250255253922237,False
market_plus_player_form,legacy_player_form,1,add,adjusted_defensive_actions_lineup_mean_ewm,8,0.9250341211228978,False
market_plus_player_form,legacy_player_form,1,add,fwd_adjusted_shots_5,8,0.9250391802584893,False
market_plus_player_form,legacy_player_form,1,add,def_adjusted_defensive_actions_5,8,0.9250571065883773,False
market_plus_player_form,legacy_player_form,1,add,adjusted_rating_lineup_mean_5,8,0.9250743972459252,False
market_plus_player_form,legacy_player_form,1,add,missing_regular_starters,8,0.9250857672822779,False
market_plus_player_form,legacy_player_form,1,add,adjusted_shots_lineup_mean_3,8,0.9251098807074621,False
market_plus_player_form,legacy_player_form,1,add,fwd_count,8,0.925133903495447,False
market_plus_player_form,legacy_player_form,1,add,adjusted_shots_lineup_std_across_starters_5,8,0.925206434202483,False
market_plus_player_form,legacy_player_form,1,add,defensive_actions_per90_lineup_mean_ewm,8,0.925242095114269,False
market_plus_player_form,legacy_player_form,1,add,elo_difference,8,0.9252423769810587,False
market_plus_player_form,legacy_player_form,1,add,elo_rating,8,0.9252423769810589,False
market_plus_player_form,legacy_player_form,1,add,opponent_elo_rating,8,0.9252423769810589,False
market_plus_player_form,legacy_player_form,1,add,def_count,8,0.9252473898246785,False
market_plus_player_form,legacy_player_form,1,add,adjusted_key_passes_lineup_mean_5,8,0.9252877749201104,False
market_plus_player_form,legacy_player_form,1,add,prior_team_matches,8,0.9253300820028536,False
market_plus_player_form,legacy_player_form,1,add,elo_expected_result,8,0.925385387565077,False
market_plus_player_form,legacy_player_form,1,add,adjusted_defensive_actions_lineup_std_across_starters_5,8,0.9254238475942154,False
market_plus_player_form,legacy_player_form,1,add,def_rating_mean_5,8,0.9255085746196265,False
market_plus_player_form,legacy_player_form,2,remove,starters_without_history,5,0.9228064862369363,True
market_plus_player_form,legacy_player_form,2,remove,recent_minutes_sum_5,5,0.9228068857360128,False
market_plus_player_form,legacy_player_form,2,remove,shots_per90_sum_5,5,0.9228700395127507,False
market_plus_player_form,legacy_player_form,2,remove,rating_mean_5,5,0.9230098327289955,False
market_plus_player_form,legacy_player_form,2,add,adjusted_rating_lineup_mean_3,7,0.9230769531669286,False
market_plus_player_form,legacy_player_form,2,add,rating_lineup_mean_3,7,0.9231026836140694,False
market_plus_player_form,legacy_player_form,2,add,rating_lineup_mean_trend_1_5,7,0.9231623230578674,False
market_plus_player_form,legacy_player_form,2,add,rating_lineup_mean_1,7,0.9231681519486079,False
market_plus_player_form,legacy_player_form,2,add,rating_lineup_top3_mean_5,7,0.9232081146387574,False
market_plus_player_form,legacy_player_form,2,add,attack_goal_rate_ewm,7,0.9232092663601927,False
market_plus_player_form,legacy_player_form,2,add,expected_goals_strength,7,0.9232325210829511,False
market_plus_player_form,legacy_player_form,2,add,rating_lineup_std_across_starters_5,7,0.9232545322175351,False
market_plus_player_form,legacy_player_form,2,add,adjusted_key_passes_lineup_std_across_starters_5,7,0.9232631453978852,False
market_plus_player_form,legacy_player_form,2,add,rating_lineup_mean_ewm,7,0.923368482530931,False
market_plus_player_form,legacy_player_form,2,add,new_player_pairs,7,0.9233790336428426,False
market_plus_player_form,legacy_player_form,2,add,adjusted_rating_lineup_mean_1,7,0.9233983978825651,False
market_plus_player_form,legacy_player_form,2,add,gk_count,7,0.9234194125392412,False
market_plus_player_form,legacy_player_form,2,add,gk_rating_mean_5,7,0.9234395702077696,False
market_plus_player_form,legacy_player_form,2,add,key_passes_per90_lineup_mean_3,7,0.9234530148787761,False
market_plus_player_form,legacy_player_form,2,add,adjusted_rating_lineup_mean_trend_1_5,7,0.923456623847408,False
market_plus_player_form,legacy_player_form,2,add,defensive_actions_per90_lineup_mean_3,7,0.9234791218514149,False
market_plus_player_form,legacy_player_form,2,add,adjusted_shots_lineup_mean_1,7,0.9234876867019083,False
market_plus_player_form,legacy_player_form,2,add,mid_adjusted_key_passes_5,7,0.9234974495544541,False
market_plus_player_form,legacy_player_form,2,add,shots_per90_lineup_mean_1,7,0.9235048335371498,False
market_plus_player_form,legacy_player_form,2,add,shots_per90_lineup_mean_trend_1_5,7,0.9235085705585437,False
market_plus_player_form,legacy_player_form,2,add,mid_count,7,0.9235109740793834,False
market_plus_player_form,legacy_player_form,2,add,adjusted_shots_lineup_mean_trend_1_5,7,0.9235235081597883,False
market_plus_player_form,legacy_player_form,2,add,adjusted_key_passes_lineup_mean_1,7,0.9235265553596859,False
market_plus_player_form,legacy_player_form,2,add,mean_pairwise_prior_starts,7,0.923527225619259,False
market_plus_player_form,legacy_player_form,2,add,mid_rating_mean_5,7,0.9235440773497823,False
market_plus_player_form,legacy_player_form,2,add,adjusted_key_passes_lineup_mean_3,7,0.9235506839154565,False
market_plus_player_form,legacy_player_form,2,add,mean_pairwise_prior_minutes,7,0.9235516852560413,False
market_plus_player_form,legacy_player_form,2,remove,key_passes_per90_sum_5,5,0.9235555977770438,False
market_plus_player_form,legacy_player_form,2,add,adjusted_key_passes_lineup_mean_trend_1_5,7,0.9235756607120613,False
market_plus_player_form,legacy_player_form,2,add,replacement_quality,7,0.9235800852586953,False
market_plus_player_form,legacy_player_form,2,add,key_passes_per90_lineup_mean_1,7,0.9235836606689269,False
market_plus_player_form,legacy_player_form,2,add,rating_lineup_min_5,7,0.9235899622839747,False
market_plus_player_form,legacy_player_form,2,add,rating_lineup_max_5,7,0.9235935943259405,False
market_plus_player_form,legacy_player_form,2,add,key_passes_per90_lineup_mean_trend_1_5,7,0.9235968397371961,False
market_plus_player_form,legacy_player_form,2,add,adjusted_rating_lineup_std_across_starters_5,7,0.9236064698216071,False
market_plus_player_form,legacy_player_form,2,add,adjusted_key_passes_lineup_mean_std_5,7,0.9236077837428711,False
market_plus_player_form,legacy_player_form,2,add,defence_goal_rate_ewm,7,0.9236116667172212,False
market_plus_player_form,legacy_player_form,2,add,adjusted_defensive_actions_lineup_mean_trend_1_5,7,0.9236269645542994,False
market_plus_player_form,legacy_player_form,2,add,defensive_actions_per90_lineup_mean_trend_1_5,7,0.9236305656080337,False
market_plus_player_form,legacy_player_form,2,add,defensive_actions_per90_lineup_mean_1,7,0.9236340873996906,False
market_plus_player_form,legacy_player_form,2,add,adjusted_defensive_actions_lineup_mean_1,7,0.9236406725012093,False
market_plus_player_form,legacy_player_form,2,add,adjusted_shots_lineup_mean_ewm,7,0.9236701434033818,False
market_plus_player_form,legacy_player_form,2,add,adjusted_shots_lineup_mean_std_5,7,0.9237045897240622,False
market_plus_player_form,legacy_player_form,2,add,fwd_rating_mean_5,7,0.9237097681370894,False
market_plus_player_form,legacy_player_form,2,add,adjusted_defensive_actions_lineup_mean_5,7,0.92375191113335,False
market_plus_player_form,legacy_player_form,2,add,adjusted_rating_lineup_mean_ewm,7,0.9237519221933702,False
market_plus_player_form,legacy_player_form,2,add,adjusted_rating_lineup_mean_std_5,7,0.9237693541233978,False
market_plus_player_form,legacy_player_form,2,add,rating_lineup_mean_std_5,7,0.9237829328892216,False
market_plus_player_form,legacy_player_form,2,add,shots_per90_lineup_mean_ewm,7,0.9238060653182562,False
market_plus_player_form,legacy_player_form,2,add,key_passes_per90_lineup_mean_ewm,7,0.9238105916771492,False
market_plus_player_form,legacy_player_form,2,add,adjusted_key_passes_lineup_mean_ewm,7,0.9238138286598814,False
market_plus_player_form,legacy_player_form,2,add,adjusted_defensive_actions_lineup_mean_std_5,7,0.9238311514618767,False
market_plus_player_form,legacy_player_form,2,add,adjusted_defensive_actions_lineup_mean_3,7,0.923857677004859,False
market_plus_player_form,legacy_player_form,2,remove,defensive_actions_per90_sum_5,5,0.9239146217208467,False
market_plus_player_form,legacy_player_form,2,add,gk_saves_per90_5,7,0.923935655812687,False
market_plus_player_form,legacy_player_form,2,add,retained_starters,7,0.9239362459481437,False
market_plus_player_form,legacy_player_form,2,add,adjusted_rating_lineup_mean_5,7,0.9239927511667433,False
market_plus_player_form,legacy_player_form,2,add,fwd_adjusted_shots_5,7,0.924003418429914,False
market_plus_player_form,legacy_player_form,2,add,shots_per90_lineup_mean_3,7,0.9240188718892122,False
market_plus_player_form,legacy_player_form,2,add,adjusted_shots_lineup_mean_5,7,0.9240269556935263,False
market_plus_player_form,legacy_player_form,2,add,adjusted_defensive_actions_lineup_mean_ewm,7,0.9240293215241506,False
market_plus_player_form,legacy_player_form,2,add,def_adjusted_defensive_actions_5,7,0.9240398214401117,False
market_plus_player_form,legacy_player_form,2,add,new_starters,7,0.9240507889967716,False
market_plus_player_form,legacy_player_form,2,add,fwd_count,7,0.9241067944037915,False
market_plus_player_form,legacy_player_form,2,add,elo_rating,7,0.9241594829014647,False
market_plus_player_form,legacy_player_form,2,add,opponent_elo_rating,7,0.9241594829014647,False
market_plus_player_form,legacy_player_form,2,add,elo_difference,7,0.9241594829014648,False
market_plus_player_form,legacy_player_form,2,add,adjusted_shots_lineup_mean_3,7,0.9241739500649702,False
market_plus_player_form,legacy_player_form,2,add,adjusted_shots_lineup_std_across_starters_5,7,0.9242128665368452,False
market_plus_player_form,legacy_player_form,2,add,def_count,7,0.9242222060103773,False
market_plus_player_form,legacy_player_form,2,add,defensive_actions_per90_lineup_mean_ewm,7,0.9242275086327603,False
market_plus_player_form,legacy_player_form,2,add,adjusted_key_passes_lineup_mean_5,7,0.9242835572528092,False
market_plus_player_form,legacy_player_form,2,add,elo_expected_result,7,0.9242906082761082,False
market_plus_player_form,legacy_player_form,2,add,missing_regular_starters,7,0.9244227172181015,False
market_plus_player_form,legacy_player_form,2,add,def_rating_mean_5,7,0.924431376001079,False
market_plus_player_form,legacy_player_form,2,add,starters_without_full_window,7,0.9244540286245435,False
market_plus_player_form,legacy_player_form,2,add,adjusted_defensive_actions_lineup_std_across_starters_5,7,0.9244647710685913,False
market_plus_player_form,legacy_player_form,2,add,prior_team_matches,7,0.9244686339610713,False
market_plus_player_form,legacy_player_form,3,remove,recent_minutes_sum_5,4,0.9221686077032321,True
market_plus_player_form,legacy_player_form,3,remove,shots_per90_sum_5,4,0.9223086153674915,False
market_plus_player_form,legacy_player_form,3,add,expected_goals_strength,6,0.922339379286115,False
market_plus_player_form,legacy_player_form,3,remove,rating_mean_5,4,0.9223985854619247,False
market_plus_player_form,legacy_player_form,3,add,rating_lineup_mean_3,6,0.9225055928077759,False
market_plus_player_form,legacy_player_form,3,add,attack_goal_rate_ewm,6,0.9225193923599333,False
market_plus_player_form,legacy_player_form,3,add,rating_lineup_mean_1,6,0.9225473225225409,False
market_plus_player_form,legacy_player_form,3,add,rating_lineup_mean_trend_1_5,6,0.9225493572360475,False
market_plus_player_form,legacy_player_form,3,add,rating_lineup_top3_mean_5,6,0.9226601295063627,False
market_plus_player_form,legacy_player_form,3,add,adjusted_key_passes_lineup_std_across_starters_5,6,0.9226620828410497,False
market_plus_player_form,legacy_player_form,3,add,rating_lineup_std_across_starters_5,6,0.9227301808420401,False
market_plus_player_form,legacy_player_form,3,add,new_player_pairs,6,0.9227527398134023,False
market_plus_player_form,legacy_player_form,3,add,rating_lineup_mean_ewm,6,0.9227555560409162,False
market_plus_player_form,legacy_player_form,3,add,defence_goal_rate_ewm,6,0.9227724618064377,False
market_plus_player_form,legacy_player_form,3,add,gk_count,6,0.9228064862369363,False
market_plus_player_form,legacy_player_form,3,add,gk_rating_mean_5,6,0.9228156720261069,False
market_plus_player_form,legacy_player_form,3,add,adjusted_rating_lineup_mean_1,6,0.9228347392855625,False
market_plus_player_form,legacy_player_form,3,add,key_passes_per90_lineup_mean_3,6,0.922847745086194,False
market_plus_player_form,legacy_player_form,3,add,adjusted_rating_lineup_mean_trend_1_5,6,0.92284909814015,False
market_plus_player_form,legacy_player_form,3,add,defensive_actions_per90_lineup_mean_3,6,0.9228558047880483,False
market_plus_player_form,legacy_player_form,3,add,mid_adjusted_key_passes_5,6,0.9228622585974672,False
market_plus_player_form,legacy_player_form,3,add,adjusted_shots_lineup_mean_1,6,0.92287986033521,False
market_plus_player_form,legacy_player_form,3,add,mid_count,6,0.9228968322534891,False
market_plus_player_form,legacy_player_form,3,add,shots_per90_lineup_mean_trend_1_5,6,0.9229051400236685,False
market_plus_player_form,legacy_player_form,3,add,adjusted_key_passes_lineup_mean_1,6,0.9229118484721146,False
market_plus_player_form,legacy_player_form,3,add,shots_per90_lineup_mean_1,6,0.9229132567947232,False
market_plus_player_form,legacy_player_form,3,add,mid_rating_mean_5,6,0.9229173898022479,False
market_plus_player_form,legacy_player_form,3,add,mean_pairwise_prior_starts,6,0.9229184150356163,False
market_plus_player_form,legacy_player_form,3,add,adjusted_shots_lineup_mean_trend_1_5,6,0.9229320908018568,False
market_plus_player_form,legacy_player_form,3,remove,key_passes_per90_sum_5,4,0.9229331661492637,False
market_plus_player_form,legacy_player_form,3,add,adjusted_key_passes_lineup_mean_std_5,6,0.9229402392559358,False
market_plus_player_form,legacy_player_form,3,add,adjusted_key_passes_lineup_mean_3,6,0.9229468890031152,False
market_plus_player_form,legacy_player_form,3,add,mean_pairwise_prior_minutes,6,0.9229487146323103,False
market_plus_player_form,legacy_player_form,3,add,adjusted_key_passes_lineup_mean_trend_1_5,6,0.9229710841744903,False
market_plus_player_form,legacy_player_form,3,add,adjusted_rating_lineup_mean_3,6,0.9229759405238919,False
market_plus_player_form,legacy_player_form,3,add,rating_lineup_max_5,6,0.9229840441924146,False
market_plus_player_form,legacy_player_form,3,add,key_passes_per90_lineup_mean_1,6,0.9229846428059132,False
market_plus_player_form,legacy_player_form,3,add,key_passes_per90_lineup_mean_trend_1_5,6,0.9229865496579008,False
market_plus_player_form,legacy_player_form,3,add,adjusted_defensive_actions_lineup_mean_1,6,0.9230069873955459,False
market_plus_player_form,legacy_player_form,3,add,adjusted_defensive_actions_lineup_mean_trend_1_5,6,0.923022850847175,False
market_plus_player_form,legacy_player_form,3,add,defensive_actions_per90_lineup_mean_1,6,0.923025335617638,False
market_plus_player_form,legacy_player_form,3,add,defensive_actions_per90_lineup_mean_trend_1_5,6,0.9230313344079664,False
market_plus_player_form,legacy_player_form,3,add,adjusted_shots_lineup_mean_ewm,6,0.9230703797786293,False
market_plus_player_form,legacy_player_form,3,add,rating_lineup_min_5,6,0.9230732001867653,False
market_plus_player_form,legacy_player_form,3,add,fwd_rating_mean_5,6,0.9230918312678043,False
market_plus_player_form,legacy_player_form,3,add,replacement_quality,6,0.9231235047038289,False
market_plus_player_form,legacy_player_form,3,add,adjusted_key_passes_lineup_mean_ewm,6,0.9231932036292496,False
market_plus_player_form,legacy_player_form,3,add,key_passes_per90_lineup_mean_ewm,6,0.9232118166908412,False
market_plus_player_form,legacy_player_form,3,add,adjusted_rating_lineup_std_across_starters_5,6,0.9232121306231369,False
market_plus_player_form,legacy_player_form,3,add,shots_per90_lineup_mean_ewm,6,0.923249914126987,False
market_plus_player_form,legacy_player_form,3,add,adjusted_shots_lineup_mean_std_5,6,0.9232514715134297,False
market_plus_player_form,legacy_player_form,3,add,retained_starters,6,0.9232942089812186,False
market_plus_player_form,legacy_player_form,3,add,gk_saves_per90_5,6,0.9233158255633965,False
market_plus_player_form,legacy_player_form,3,remove,defensive_actions_per90_sum_5,4,0.9233376892796796,False
market_plus_player_form,legacy_player_form,3,add,new_starters,6,0.9233463874630228,False
market_plus_player_form,legacy_player_form,3,add,fwd_adjusted_shots_5,6,0.9233689674134868,False
market_plus_player_form,legacy_player_form,3,add,adjusted_defensive_actions_lineup_mean_5,6,0.9233735419006786,False
market_plus_player_form,legacy_player_form,3,add,adjusted_defensive_actions_lineup_mean_std_5,6,0.9233804777006652,False
market_plus_player_form,legacy_player_form,3,add,elo_difference,6,0.9234047777057541,False
market_plus_player_form,legacy_player_form,3,add,elo_rating,6,0.9234047777057541,False
market_plus_player_form,legacy_player_form,3,add,opponent_elo_rating,6,0.9234047777057541,False
market_plus_player_form,legacy_player_form,3,add,shots_per90_lineup_mean_3,6,0.9234095375164232,False
market_plus_player_form,legacy_player_form,3,add,starters_without_history,6,0.9234194125392412,False
market_plus_player_form,legacy_player_form,3,add,adjusted_defensive_actions_lineup_mean_ewm,6,0.9234312387865855,False
market_plus_player_form,legacy_player_form,3,add,def_adjusted_defensive_actions_5,6,0.9234443890094843,False
market_plus_player_form,legacy_player_form,3,add,adjusted_defensive_actions_lineup_mean_3,6,0.9234840802256049,False
market_plus_player_form,legacy_player_form,3,add,elo_expected_result,6,0.9234974164481149,False
market_plus_player_form,legacy_player_form,3,add,fwd_count,6,0.9234983107216046,False
market_plus_player_form,legacy_player_form,3,add,adjusted_rating_lineup_mean_std_5,6,0.9235316285296828,False
market_plus_player_form,legacy_player_form,3,add,rating_lineup_mean_std_5,6,0.9235559253773005,False
market_plus_player_form,legacy_player_form,3,add,adjusted_shots_lineup_mean_5,6,0.9235689634414139,False
market_plus_player_form,legacy_player_form,3,add,adjusted_shots_lineup_mean_3,6,0.9235760600456154,False
market_plus_player_form,legacy_player_form,3,add,def_count,6,0.9235787522886231,False
market_plus_player_form,legacy_player_form,3,add,starters_without_full_window,6,0.9235925281757577,False
market_plus_player_form,legacy_player_form,3,add,adjusted_shots_lineup_std_across_starters_5,6,0.9235951658334058,False
market_plus_player_form,legacy_player_form,3,add,adjusted_rating_lineup_mean_ewm,6,0.923645919232022,False
market_plus_player_form,legacy_player_form,3,add,adjusted_rating_lineup_mean_5,6,0.9236750512098942,False
market_plus_player_form,legacy_player_form,3,add,missing_regular_starters,6,0.9236754153271871,False
market_plus_player_form,legacy_player_form,3,add,defensive_actions_per90_lineup_mean_ewm,6,0.9237351581855886,False
market_plus_player_form,legacy_player_form,3,add,prior_team_matches,6,0.9237783055477846,False
market_plus_player_form,legacy_player_form,3,add,adjusted_key_passes_lineup_mean_5,6,0.923870779840597,False
market_plus_player_form,legacy_player_form,3,add,def_rating_mean_5,6,0.9238738675372364,False
market_plus_player_form,legacy_player_form,3,add,adjusted_defensive_actions_lineup_std_across_starters_5,6,0.9239598123357173,False
market_plus_player_form,legacy_player_form,4,add,expected_goals_strength,5,0.9216536473462866,True
market_plus_player_form,legacy_player_form,4,remove,shots_per90_sum_5,3,0.9217113884522448,False
market_plus_player_form,legacy_player_form,4,add,rating_lineup_mean_3,5,0.9218757152167901,False
market_plus_player_form,legacy_player_form,4,add,attack_goal_rate_ewm,5,0.9219048316208138,False
market_plus_player_form,legacy_player_form,4,add,rating_lineup_mean_1,5,0.921910249874017,False
market_plus_player_form,legacy_player_form,4,add,rating_lineup_mean_trend_1_5,5,0.9219127662062774,False
market_plus_player_form,legacy_player_form,4,remove,rating_mean_5,3,0.9219370709182031,False
market_plus_player_form,legacy_player_form,4,add,rating_lineup_std_across_starters_5,5,0.9220580556114844,False
market_plus_player_form,legacy_player_form,4,add,rating_lineup_top3_mean_5,5,0.922060453246798,False
market_plus_player_form,legacy_player_form,4,add,defence_goal_rate_ewm,5,0.9221227304116524,False
market_plus_player_form,legacy_player_form,4,add,rating_lineup_mean_ewm,5,0.9221238724147602,False
market_plus_player_form,legacy_player_form,4,add,gk_count,5,0.9221686077032327,False
market_plus_player_form,legacy_player_form,4,add,mean_pairwise_prior_minutes,5,0.9221874462074124,False
market_plus_player_form,legacy_player_form,4,add,new_player_pairs,5,0.9221930044666524,False
market_plus_player_form,legacy_player_form,4,add,adjusted_key_passes_lineup_std_across_starters_5,5,0.9221955448205095,False
market_plus_player_form,legacy_player_form,4,add,gk_rating_mean_5,5,0.922195659533207,False
market_plus_player_form,legacy_player_form,4,add,adjusted_rating_lineup_mean_1,5,0.9221974563670075,False
market_plus_player_form,legacy_player_form,4,add,key_passes_per90_lineup_mean_3,5,0.9221984414315728,False
market_plus_player_form,legacy_player_form,4,add,defensive_actions_per90_lineup_mean_3,5,0.9222057606271354,False
market_plus_player_form,legacy_player_form,4,add,mean_pairwise_prior_starts,5,0.9222091486443393,False
market_plus_player_form,legacy_player_form,4,add,adjusted_rating_lineup_mean_trend_1_5,5,0.9222131406560597,False
market_plus_player_form,legacy_player_form,4,add,adjusted_shots_lineup_mean_1,5,0.9222505564121972,False
market_plus_player_form,legacy_player_form,4,add,mid_adjusted_key_passes_5,5,0.9222555466873638,False
market_plus_player_form,legacy_player_form,4,add,mid_count,5,0.9222610359506783,False
market_plus_player_form,legacy_player_form,4,add,mid_rating_mean_5,5,0.9222624341373613,False
market_plus_player_form,legacy_player_form,4,add,shots_per90_lineup_mean_trend_1_5,5,0.9222659399151519,False
market_plus_player_form,legacy_player_form,4,add,shots_per90_lineup_mean_1,5,0.9222837797022891,False
market_plus_player_form,legacy_player_form,4,add,adjusted_key_passes_lineup_mean_1,5,0.9222853425573563,False
market_plus_player_form,legacy_player_form,4,add,adjusted_shots_lineup_mean_trend_1_5,5,0.9222948936793192,False
market_plus_player_form,legacy_player_form,4,add,adjusted_key_passes_lineup_mean_std_5,5,0.9223102753669133,False
market_plus_player_form,legacy_player_form,4,add,adjusted_key_passes_lineup_mean_3,5,0.9223160907930206,False
market_plus_player_form,legacy_player_form,4,add,adjusted_key_passes_lineup_mean_trend_1_5,5,0.922331356932991,False
market_plus_player_form,legacy_player_form,4,add,key_passes_per90_lineup_mean_trend_1_5,5,0.9223484508060515,False
market_plus_player_form,legacy_player_form,4,add,key_passes_per90_lineup_mean_1,5,0.9223489916013423,False
market_plus_player_form,legacy_player_form,4,add,adjusted_defensive_actions_lineup_mean_1,5,0.9223491565203008,False
market_plus_player_form,legacy_player_form,4,add,adjusted_rating_lineup_mean_3,5,0.922352572651622,False
market_plus_player_form,legacy_player_form,4,add,adjusted_defensive_actions_lineup_mean_trend_1_5,5,0.9223527492100101,False
market_plus_player_form,legacy_player_form,4,add,defensive_actions_per90_lineup_mean_trend_1_5,5,0.9223595423685698,False
market_plus_player_form,legacy_player_form,4,remove,key_passes_per90_sum_5,3,0.9223621193332588,False
market_plus_player_form,legacy_player_form,4,add,defensive_actions_per90_lineup_mean_1,5,0.9223633323009031,False
market_plus_player_form,legacy_player_form,4,add,rating_lineup_min_5,5,0.9223646576331932,False
market_plus_player_form,legacy_player_form,4,add,replacement_quality,5,0.9224038834988117,False
market_plus_player_form,legacy_player_form,4,add,adjusted_shots_lineup_mean_ewm,5,0.9224365042022296,False
market_plus_player_form,legacy_player_form,4,add,fwd_rating_mean_5,5,0.9224526788553737,False
market_plus_player_form,legacy_player_form,4,add,rating_lineup_max_5,5,0.9224604191773175,False
market_plus_player_form,legacy_player_form,4,add,retained_starters,5,0.9225438230567877,False
market_plus_player_form,legacy_player_form,4,add,adjusted_key_passes_lineup_mean_ewm,5,0.922544092075734,False
market_plus_player_form,legacy_player_form,4,add,key_passes_per90_lineup_mean_ewm,5,0.9225866960726155,False
market_plus_player_form,legacy_player_form,4,add,adjusted_shots_lineup_mean_std_5,5,0.9226083859023566,False
market_plus_player_form,legacy_player_form,4,add,shots_per90_lineup_mean_ewm,5,0.9226220791669447,False
market_plus_player_form,legacy_player_form,4,add,adjusted_rating_lineup_std_across_starters_5,5,0.9226552119763516,False
market_plus_player_form,legacy_player_form,4,add,gk_saves_per90_5,5,0.9226721744716795,False
market_plus_player_form,legacy_player_form,4,add,adjusted_defensive_actions_lineup_mean_std_5,5,0.9226843793283086,False
market_plus_player_form,legacy_player_form,4,add,new_starters,5,0.9227050996921017,False
market_plus_player_form,legacy_player_form,4,add,adjusted_defensive_actions_lineup_mean_5,5,0.9227124406317431,False
market_plus_player_form,legacy_player_form,4,add,fwd_adjusted_shots_5,5,0.9227205440467088,False
market_plus_player_form,legacy_player_form,4,add,adjusted_defensive_actions_lineup_mean_ewm,5,0.9227261738588292,False
market_plus_player_form,legacy_player_form,4,remove,defensive_actions_per90_sum_5,3,0.9227494793345457,False
market_plus_player_form,legacy_player_form,4,add,shots_per90_lineup_mean_3,5,0.9227881490819025,False
market_plus_player_form,legacy_player_form,4,add,def_adjusted_defensive_actions_5,5,0.9227993084629051,False
market_plus_player_form,legacy_player_form,4,add,recent_minutes_sum_5,5,0.9228064862369363,False
market_plus_player_form,legacy_player_form,4,add,starters_without_history,5,0.9228068857360128,False
market_plus_player_form,legacy_player_form,4,add,missing_regular_starters,5,0.9228226818443159,False
market_plus_player_form,legacy_player_form,4,add,elo_rating,5,0.9228269560536665,False
market_plus_player_form,legacy_player_form,4,add,opponent_elo_rating,5,0.9228269560536665,False
market_plus_player_form,legacy_player_form,4,add,elo_difference,5,0.9228269560536666,False
market_plus_player_form,legacy_player_form,4,add,fwd_count,5,0.9228609555128116,False
market_plus_player_form,legacy_player_form,4,add,adjusted_defensive_actions_lineup_mean_3,5,0.9228618422981475,False
market_plus_player_form,legacy_player_form,4,add,adjusted_rating_lineup_mean_std_5,5,0.9228921959419274,False
market_plus_player_form,legacy_player_form,4,add,rating_lineup_mean_std_5,5,0.922910047020971,False
market_plus_player_form,legacy_player_form,4,add,elo_expected_result,5,0.922934815452632,False
market_plus_player_form,legacy_player_form,4,add,def_count,5,0.9229427581502627,False
market_plus_player_form,legacy_player_form,4,add,adjusted_shots_lineup_mean_5,5,0.9229662499243425,False
market_plus_player_form,legacy_player_form,4,add,defensive_actions_per90_lineup_mean_ewm,5,0.9229902910881649,False
market_plus_player_form,legacy_player_form,4,add,adjusted_shots_lineup_mean_3,5,0.9229935821281092,False
market_plus_player_form,legacy_player_form,4,add,adjusted_shots_lineup_std_across_starters_5,5,0.9230244936602682,False
market_plus_player_form,legacy_player_form,4,add,adjusted_rating_lineup_mean_ewm,5,0.9230383598721765,False
market_plus_player_form,legacy_player_form,4,add,adjusted_rating_lineup_mean_5,5,0.9230561080789866,False
market_plus_player_form,legacy_player_form,4,add,prior_team_matches,5,0.9230785637897893,False
market_plus_player_form,legacy_player_form,4,add,def_rating_mean_5,5,0.9232434937497239,False
market_plus_player_form,legacy_player_form,4,add,adjusted_key_passes_lineup_mean_5,5,0.9232524089605938,False
market_plus_player_form,legacy_player_form,4,add,starters_without_full_window,5,0.9233791077936362,False
market_plus_player_form,legacy_player_form,4,add,adjusted_defensive_actions_lineup_std_across_starters_5,5,0.9234314807514901,False
market_plus_player_form,legacy_player_form,5,remove,shots_per90_sum_5,4,0.9211997930750113,False
market_plus_player_form,legacy_player_form,5,remove,rating_mean_5,4,0.9213950199353134,False
market_plus_player_form,legacy_player_form,5,add,rating_lineup_mean_3,6,0.9214785006021624,False
market_plus_player_form,legacy_player_form,5,add,rating_lineup_mean_trend_1_5,6,0.9215359284956417,False
market_plus_player_form,legacy_player_form,5,add,rating_lineup_mean_1,6,0.9215383676484281,False
market_plus_player_form,legacy_player_form,5,add,rating_lineup_std_across_starters_5,6,0.9216264374838605,False
market_plus_player_form,legacy_player_form,5,add,rating_lineup_top3_mean_5,6,0.9216367165652753,False
market_plus_player_form,legacy_player_form,5,add,rating_lineup_mean_ewm,6,0.9216421007192495,False
market_plus_player_form,legacy_player_form,5,add,gk_rating_mean_5,6,0.9216494075292934,False
market_plus_player_form,legacy_player_form,5,add,gk_count,6,0.9216536473462865,False
market_plus_player_form,legacy_player_form,5,add,defensive_actions_per90_lineup_mean_3,6,0.9216598262439419,False
market_plus_player_form,legacy_player_form,5,add,key_passes_per90_lineup_mean_3,6,0.9216724046366865,False
market_plus_player_form,legacy_player_form,5,add,mean_pairwise_prior_minutes,6,0.9216852403898739,False
market_plus_player_form,legacy_player_form,5,add,new_player_pairs,6,0.9216917690211275,False
market_plus_player_form,legacy_player_form,5,add,mean_pairwise_prior_starts,6,0.9217134642001403,False
market_plus_player_form,legacy_player_form,5,add,adjusted_key_passes_lineup_std_across_starters_5,6,0.9217356981069843,False
market_plus_player_form,legacy_player_form,5,add,mid_count,6,0.9217362696705174,False
market_plus_player_form,legacy_player_form,5,add,mid_adjusted_key_passes_5,6,0.9217364117189588,False
market_plus_player_form,legacy_player_form,5,add,mid_rating_mean_5,6,0.9217432921395687,False
market_plus_player_form,legacy_player_form,5,add,defence_goal_rate_ewm,6,0.9217667901127076,False
market_plus_player_form,legacy_player_form,5,add,shots_per90_lineup_mean_1,6,0.92177091081791,False
market_plus_player_form,legacy_player_form,5,add,shots_per90_lineup_mean_trend_1_5,6,0.9217721450995215,False
market_plus_player_form,legacy_player_form,5,add,adjusted_rating_lineup_mean_trend_1_5,6,0.9217733979775615,False
market_plus_player_form,legacy_player_form,5,add,adjusted_key_passes_lineup_mean_1,6,0.9217827904666123,False
market_plus_player_form,legacy_player_form,5,add,adjusted_shots_lineup_mean_1,6,0.9217959597415063,False
market_plus_player_form,legacy_player_form,5,add,adjusted_key_passes_lineup_mean_trend_1_5,6,0.9218154808857162,False
market_plus_player_form,legacy_player_form,5,add,adjusted_key_passes_lineup_mean_std_5,6,0.9218189830707579,False
market_plus_player_form,legacy_player_form,5,add,key_passes_per90_lineup_mean_1,6,0.9218205765230587,False
market_plus_player_form,legacy_player_form,5,add,key_passes_per90_lineup_mean_trend_1_5,6,0.9218207971080709,False
market_plus_player_form,legacy_player_form,5,add,adjusted_key_passes_lineup_mean_3,6,0.9218364982070895,False
market_plus_player_form,legacy_player_form,5,add,adjusted_shots_lineup_mean_trend_1_5,6,0.9218405715933562,False
market_plus_player_form,legacy_player_form,5,add,adjusted_defensive_actions_lineup_mean_trend_1_5,6,0.9218425701985998,False
market_plus_player_form,legacy_player_form,5,remove,key_passes_per90_sum_5,4,0.9218432725318171,False
market_plus_player_form,legacy_player_form,5,add,defensive_actions_per90_lineup_mean_trend_1_5,6,0.921845994251441,False
market_plus_player_form,legacy_player_form,5,add,defensive_actions_per90_lineup_mean_1,6,0.9218497334029518,False
market_plus_player_form,legacy_player_form,5,add,adjusted_defensive_actions_lineup_mean_1,6,0.921850344508403,False
market_plus_player_form,legacy_player_form,5,add,rating_lineup_min_5,6,0.9218785466870834,False
market_plus_player_form,legacy_player_form,5,add,adjusted_rating_lineup_mean_1,6,0.9218797631227724,False
market_plus_player_form,legacy_player_form,5,add,fwd_rating_mean_5,6,0.9218881173619591,False
market_plus_player_form,legacy_player_form,5,add,rating_lineup_max_5,6,0.9219242015309073,False
market_plus_player_form,legacy_player_form,5,add,replacement_quality,6,0.921929603427524,False
market_plus_player_form,legacy_player_form,5,add,retained_starters,6,0.9219485319770644,False
market_plus_player_form,legacy_player_form,5,add,adjusted_shots_lineup_mean_ewm,6,0.921982510542315,False
market_plus_player_form,legacy_player_form,5,add,new_starters,6,0.9220710220606896,False
market_plus_player_form,legacy_player_form,5,add,adjusted_key_passes_lineup_mean_ewm,6,0.922071107647598,False
market_plus_player_form,legacy_player_form,5,add,key_passes_per90_lineup_mean_ewm,6,0.9220737969536351,False
market_plus_player_form,legacy_player_form,5,add,adjusted_rating_lineup_std_across_starters_5,6,0.9220814074025563,False
market_plus_player_form,legacy_player_form,5,add,adjusted_shots_lineup_mean_std_5,6,0.9221302304025845,False
market_plus_player_form,legacy_player_form,5,add,shots_per90_lineup_mean_ewm,6,0.9221484575723903,False
market_plus_player_form,legacy_player_form,5,add,gk_saves_per90_5,6,0.9221657961066692,False
market_plus_player_form,legacy_player_form,5,remove,expected_goals_strength,4,0.9221686077032321,False
market_plus_player_form,legacy_player_form,5,add,elo_difference,6,0.9221707390015765,False
market_plus_player_form,legacy_player_form,5,add,elo_rating,6,0.9221707390015766,False
market_plus_player_form,legacy_player_form,5,add,opponent_elo_rating,6,0.9221707390015766,False
market_plus_player_form,legacy_player_form,5,add,adjusted_defensive_actions_lineup_mean_5,6,0.9221768731487414,False
market_plus_player_form,legacy_player_form,5,add,adjusted_rating_lineup_mean_3,6,0.9221821506765309,False
market_plus_player_form,legacy_player_form,5,remove,defensive_actions_per90_sum_5,4,0.9222020967512053,False
market_plus_player_form,legacy_player_form,5,add,adjusted_defensive_actions_lineup_mean_std_5,6,0.9222189049230476,False
market_plus_player_form,legacy_player_form,5,add,attack_goal_rate_ewm,6,0.9222350272454163,False
market_plus_player_form,legacy_player_form,5,add,adjusted_defensive_actions_lineup_mean_ewm,6,0.9222441468358842,False
market_plus_player_form,legacy_player_form,5,add,fwd_adjusted_shots_5,6,0.9222566360428397,False
market_plus_player_form,legacy_player_form,5,add,shots_per90_lineup_mean_3,6,0.9222617344392456,False
market_plus_player_form,legacy_player_form,5,add,elo_expected_result,6,0.9222815255758594,False
market_plus_player_form,legacy_player_form,5,add,missing_regular_starters,6,0.9222907703307877,False
market_plus_player_form,legacy_player_form,5,add,recent_minutes_sum_5,6,0.922339379286115,False
market_plus_player_form,legacy_player_form,5,add,def_adjusted_defensive_actions_5,6,0.9223544237570935,False
market_plus_player_form,legacy_player_form,5,add,adjusted_defensive_actions_lineup_mean_3,6,0.9223692498283966,False
market_plus_player_form,legacy_player_form,5,add,adjusted_rating_lineup_mean_std_5,6,0.9223741416740723,False
market_plus_player_form,legacy_player_form,5,add,fwd_count,6,0.9223931021386091,False
market_plus_player_form,legacy_player_form,5,add,rating_lineup_mean_std_5,6,0.9224079778480803,False
market_plus_player_form,legacy_player_form,5,add,def_count,6,0.9224562748116043,False
market_plus_player_form,legacy_player_form,5,add,defensive_actions_per90_lineup_mean_ewm,6,0.9224928044835421,False
market_plus_player_form,legacy_player_form,5,add,adjusted_shots_lineup_std_across_starters_5,6,0.9225010097489973,False
market_plus_player_form,legacy_player_form,5,add,adjusted_shots_lineup_mean_5,6,0.9225010112165224,False
market_plus_player_form,legacy_player_form,5,add,prior_team_matches,6,0.9225249716963773,False
market_plus_player_form,legacy_player_form,5,add,adjusted_shots_lineup_mean_3,6,0.9225733892626704,False
market_plus_player_form,legacy_player_form,5,add,starters_without_history,6,0.9225932306417852,False
market_plus_player_form,legacy_player_form,5,add,def_rating_mean_5,6,0.9226960847013261,False
market_plus_player_form,legacy_player_form,5,add,adjusted_key_passes_lineup_mean_5,6,0.9227753881112023,False
market_plus_player_form,legacy_player_form,5,add,adjusted_rating_lineup_mean_5,6,0.9228089392033125,False
market_plus_player_form,legacy_player_form,5,add,adjusted_defensive_actions_lineup_std_across_starters_5,6,0.9228345073514714,False
market_plus_player_form,legacy_player_form,5,add,adjusted_rating_lineup_mean_ewm,6,0.9228542144217646,False
market_plus_player_form,legacy_player_form,5,add,starters_without_full_window,6,0.9229371107589304,False
player_form_lightgbm,legacy_player_form + team_strength,1,add,key_passes_per90_lineup_mean_ewm,16,0.9471834935598809,True
player_form_lightgbm,legacy_player_form + team_strength,1,add,mid_rating_mean_5,16,0.9474121098100589,False
player_form_lightgbm,legacy_player_form + team_strength,1,add,rating_lineup_mean_3,16,0.9475019591083278,False
player_form_lightgbm,legacy_player_form + team_strength,1,add,def_adjusted_defensive_actions_5,16,0.9475437082477429,False
player_form_lightgbm,legacy_player_form + team_strength,1,add,rating_lineup_mean_ewm,16,0.9477358220503085,False
player_form_lightgbm,legacy_player_form + team_strength,1,add,gk_saves_per90_5,16,0.9477694195604192,False
player_form_lightgbm,legacy_player_form + team_strength,1,add,rating_lineup_mean_trend_1_5,16,0.9477712429089181,False
player_form_lightgbm,legacy_player_form + team_strength,1,add,adjusted_defensive_actions_lineup_std_across_starters_5,16,0.9477903364895899,False
player_form_lightgbm,legacy_player_form + team_strength,1,add,adjusted_key_passes_lineup_std_across_starters_5,16,0.9479116115094519,False
player_form_lightgbm,legacy_player_form + team_strength,1,add,key_passes_per90_lineup_mean_1,16,0.947924783463276,False
player_form_lightgbm,legacy_player_form + team_strength,1,remove,defensive_actions_per90_sum_5,14,0.9479256780306785,False
player_form_lightgbm,legacy_player_form + team_strength,1,remove,rating_mean_5,14,0.9479367993282846,False
player_form_lightgbm,legacy_player_form + team_strength,1,add,adjusted_defensive_actions_lineup_mean_3,16,0.9479481003919277,False
player_form_lightgbm,legacy_player_form + team_strength,1,add,rating_lineup_min_5,16,0.947956846276222,False
player_form_lightgbm,legacy_player_form + team_strength,1,add,rating_lineup_max_5,16,0.9479654012010146,False
player_form_lightgbm,legacy_player_form + team_strength,1,remove,expected_goals_strength,14,0.9479944857580733,False
player_form_lightgbm,legacy_player_form + team_strength,1,add,shots_per90_lineup_mean_trend_1_5,16,0.9480094765532445,False
player_form_lightgbm,legacy_player_form + team_strength,1,add,adjusted_defensive_actions_lineup_mean_trend_1_5,16,0.9480316936729657,False
player_form_lightgbm,legacy_player_form + team_strength,1,add,rating_lineup_mean_1,16,0.9480352744431155,False
player_form_lightgbm,legacy_player_form + team_strength,1,add,adjusted_defensive_actions_lineup_mean_1,16,0.9480467615573749,False
player_form_lightgbm,legacy_player_form + team_strength,1,remove,defence_goal_rate_ewm,14,0.9480561865503285,False
player_form_lightgbm,legacy_player_form + team_strength,1,add,new_player_pairs,16,0.9480743760134476,False
player_form_lightgbm,legacy_player_form + team_strength,1,add,missing_regular_starters,16,0.9481328527605831,False
player_form_lightgbm,legacy_player_form + team_strength,1,add,key_passes_per90_lineup_mean_trend_1_5,16,0.9481425603118206,False
player_form_lightgbm,legacy_player_form + team_strength,1,add,adjusted_key_passes_lineup_mean_5,16,0.9481513662135187,False
player_form_lightgbm,legacy_player_form + team_strength,1,remove,shots_per90_sum_5,14,0.9481811780920538,False
player_form_lightgbm,legacy_player_form + team_strength,1,remove,starters_without_full_window,14,0.9482525526124417,False
player_form_lightgbm,legacy_player_form + team_strength,1,add,shots_per90_lineup_mean_1,16,0.9482926941044896,False
player_form_lightgbm,legacy_player_form + team_strength,1,add,adjusted_shots_lineup_mean_trend_1_5,16,0.9483032363416055,False
player_form_lightgbm,legacy_player_form + team_strength,1,add,adjusted_rating_lineup_mean_trend_1_5,16,0.9483225484397897,False
player_form_lightgbm,legacy_player_form + team_strength,1,add,replacement_quality,16,0.9483272575744964,False
player_form_lightgbm,legacy_player_form + team_strength,1,add,rating_lineup_top3_mean_5,16,0.9483506514154323,False
player_form_lightgbm,legacy_player_form + team_strength,1,add,defensive_actions_per90_lineup_mean_1,16,0.9483559326650071,False
player_form_lightgbm,legacy_player_form + team_strength,1,add,adjusted_rating_lineup_std_across_starters_5,16,0.9483624689377256,False
player_form_lightgbm,legacy_player_form + team_strength,1,add,defensive_actions_per90_lineup_mean_ewm,16,0.9483846428688185,False
player_form_lightgbm,legacy_player_form + team_strength,1,remove,opponent_elo_rating,14,0.9484050260056416,False
player_form_lightgbm,legacy_player_form + team_strength,1,add,fwd_adjusted_shots_5,16,0.948428334678828,False
player_form_lightgbm,legacy_player_form + team_strength,1,add,mean_pairwise_prior_starts,16,0.9484304856752929,False
player_form_lightgbm,legacy_player_form + team_strength,1,add,defensive_actions_per90_lineup_mean_trend_1_5,16,0.9484386853079118,False
player_form_lightgbm,legacy_player_form + team_strength,1,add,adjusted_defensive_actions_lineup_mean_ewm,16,0.9484494073575735,False
player_form_lightgbm,legacy_player_form + team_strength,1,remove,recent_minutes_sum_5,14,0.9484642224111839,False
player_form_lightgbm,legacy_player_form + team_strength,1,add,shots_per90_lineup_mean_3,16,0.9484675302491923,False
player_form_lightgbm,legacy_player_form + team_strength,1,add,adjusted_key_passes_lineup_mean_3,16,0.9485087083897341,False
player_form_lightgbm,legacy_player_form + team_strength,1,add,mean_pairwise_prior_minutes,16,0.948512985874447,False
player_form_lightgbm,legacy_player_form + team_strength,1,add,mid_count,16,0.9485364408772511,False
player_form_lightgbm,legacy_player_form + team_strength,1,add,defensive_actions_per90_lineup_mean_3,16,0.9485485554229425,False
player_form_lightgbm,legacy_player_form + team_strength,1,add,new_starters,16,0.9485682796388496,False
player_form_lightgbm,legacy_player_form + team_strength,1,add,rating_lineup_std_across_starters_5,16,0.948573551470942,False
player_form_lightgbm,legacy_player_form + team_strength,1,add,def_count,16,0.9485835137915493,False
player_form_lightgbm,legacy_player_form + team_strength,1,add,shots_per90_lineup_mean_ewm,16,0.9486592142563147,False
player_form_lightgbm,legacy_player_form + team_strength,1,add,adjusted_key_passes_lineup_mean_std_5,16,0.9486612968265811,False
player_form_lightgbm,legacy_player_form + team_strength,1,add,def_rating_mean_5,16,0.9486753840234303,False
player_form_lightgbm,legacy_player_form + team_strength,1,add,adjusted_key_passes_lineup_mean_1,16,0.9486819863986421,False
player_form_lightgbm,legacy_player_form + team_strength,1,add,adjusted_shots_lineup_std_across_starters_5,16,0.948694086408528,False
player_form_lightgbm,legacy_player_form + team_strength,1,add,retained_starters,16,0.9486966431176131,False
player_form_lightgbm,legacy_player_form + team_strength,1,add,key_passes_per90_lineup_mean_3,16,0.9487376153860747,False
player_form_lightgbm,legacy_player_form + team_strength,1,remove,prior_team_matches,14,0.9487441291650323,False
player_form_lightgbm,legacy_player_form + team_strength,1,add,adjusted_shots_lineup_mean_1,16,0.948774489120086,False
player_form_lightgbm,legacy_player_form + team_strength,1,add,fwd_count,16,0.9487800330091156,False
player_form_lightgbm,legacy_player_form + team_strength,1,remove,attack_goal_rate_ewm,14,0.9488034544245909,False
player_form_lightgbm,legacy_player_form + team_strength,1,add,adjusted_key_passes_lineup_mean_trend_1_5,16,0.9488086239342919,False
player_form_lightgbm,legacy_player_form + team_strength,1,add,adjusted_key_passes_lineup_mean_ewm,16,0.9488088830964976,False
player_form_lightgbm,legacy_player_form + team_strength,1,add,adjusted_rating_lineup_mean_1,16,0.9488479832959766,False
player_form_lightgbm,legacy_player_form + team_strength,1,add,adjusted_defensive_actions_lineup_mean_5,16,0.9488494463807897,False
player_form_lightgbm,legacy_player_form + team_strength,1,remove,starters_without_history,14,0.9488550704073543,False
player_form_lightgbm,legacy_player_form + team_strength,1,add,fwd_rating_mean_5,16,0.9488771075520981,False
player_form_lightgbm,legacy_player_form + team_strength,1,add,adjusted_rating_lineup_mean_5,16,0.948879349695299,False
player_form_lightgbm,legacy_player_form + team_strength,1,remove,elo_rating,14,0.9488820124552747,False
player_form_lightgbm,legacy_player_form + team_strength,1,remove,elo_difference,14,0.948893265335951,False
player_form_lightgbm,legacy_player_form + team_strength,1,add,gk_count,16,0.948893265335951,False
player_form_lightgbm,legacy_player_form + team_strength,1,add,adjusted_shots_lineup_mean_ewm,16,0.948898179994307,False
player_form_lightgbm,legacy_player_form + team_strength,1,add,adjusted_rating_lineup_mean_3,16,0.9489352336439265,False
player_form_lightgbm,legacy_player_form + team_strength,1,remove,elo_expected_result,14,0.9489973375506693,False
player_form_lightgbm,legacy_player_form + team_strength,1,add,mid_adjusted_key_passes_5,16,0.9490367905169649,False
player_form_lightgbm,legacy_player_form + team_strength,1,add,rating_lineup_mean_std_5,16,0.9490522843364189,False
player_form_lightgbm,legacy_player_form + team_strength,1,add,adjusted_rating_lineup_mean_std_5,16,0.9490879854247698,False
player_form_lightgbm,legacy_player_form + team_strength,1,add,gk_rating_mean_5,16,0.9491226875598742,False
player_form_lightgbm,legacy_player_form + team_strength,1,add,adjusted_rating_lineup_mean_ewm,16,0.9492424655910704,False
player_form_lightgbm,legacy_player_form + team_strength,1,add,adjusted_shots_lineup_mean_5,16,0.9493489192988644,False
player_form_lightgbm,legacy_player_form + team_strength,1,add,adjusted_shots_lineup_mean_3,16,0.9495614298099514,False
player_form_lightgbm,legacy_player_form + team_strength,1,add,adjusted_defensive_actions_lineup_mean_std_5,16,0.9495697682277782,False
player_form_lightgbm,legacy_player_form + team_strength,1,add,adjusted_shots_lineup_mean_std_5,16,0.9498261055622559,False
player_form_lightgbm,legacy_player_form + team_strength,1,remove,key_passes_per90_sum_5,14,0.9519556090352677,False
player_form_lightgbm,legacy_player_form + team_strength,2,add,adjusted_defensive_actions_lineup_mean_1,17,0.9460165751401481,True
player_form_lightgbm,legacy_player_form + team_strength,2,add,def_adjusted_defensive_actions_5,17,0.9461053288644287,False
player_form_lightgbm,legacy_player_form + team_strength,2,add,rating_lineup_mean_trend_1_5,17,0.9461112165360259,False
player_form_lightgbm,legacy_player_form + team_strength,2,add,adjusted_defensive_actions_lineup_mean_trend_1_5,17,0.9462022744470272,False
player_form_lightgbm,legacy_player_form + team_strength,2,remove,defence_goal_rate_ewm,15,0.946275501705746,False
player_form_lightgbm,legacy_player_form + team_strength,2,remove,expected_goals_strength,15,0.9462764157517357,False
player_form_lightgbm,legacy_player_form + team_strength,2,add,adjusted_key_passes_lineup_std_across_starters_5,17,0.9462977543429605,False
player_form_lightgbm,legacy_player_form + team_strength,2,add,rating_lineup_mean_3,17,0.9463526497566666,False
player_form_lightgbm,legacy_player_form + team_strength,2,add,adjusted_rating_lineup_std_across_starters_5,17,0.9464705755809523,False
player_form_lightgbm,legacy_player_form + team_strength,2,add,mid_rating_mean_5,17,0.9464715940743871,False
player_form_lightgbm,legacy_player_form + team_strength,2,add,gk_saves_per90_5,17,0.9465882173254747,False
player_form_lightgbm,legacy_player_form + team_strength,2,add,rating_lineup_mean_1,17,0.946589819567278,False
player_form_lightgbm,legacy_player_form + team_strength,2,add,adjusted_defensive_actions_lineup_std_across_starters_5,17,0.9466711342063777,False
player_form_lightgbm,legacy_player_form + team_strength,2,add,new_player_pairs,17,0.9466860021829306,False
player_form_lightgbm,legacy_player_form + team_strength,2,add,rating_lineup_max_5,17,0.9467137606199563,False
player_form_lightgbm,legacy_player_form + team_strength,2,add,mean_pairwise_prior_starts,17,0.9467368177770288,False
player_form_lightgbm,legacy_player_form + team_strength,2,add,rating_lineup_top3_mean_5,17,0.9467441996425844,False
player_form_lightgbm,legacy_player_form + team_strength,2,add,shots_per90_lineup_mean_trend_1_5,17,0.9467581473025116,False
player_form_lightgbm,legacy_player_form + team_strength,2,add,rating_lineup_mean_ewm,17,0.9467751000837774,False
player_form_lightgbm,legacy_player_form + team_strength,2,add,retained_starters,17,0.9468336871728147,False
player_form_lightgbm,legacy_player_form + team_strength,2,remove,opponent_elo_rating,15,0.9468486866196685,False
player_form_lightgbm,legacy_player_form + team_strength,2,add,adjusted_rating_lineup_mean_trend_1_5,17,0.9468491089026503,False
player_form_lightgbm,legacy_player_form + team_strength,2,add,def_count,17,0.9468527852766296,False
player_form_lightgbm,legacy_player_form + team_strength,2,add,fwd_adjusted_shots_5,17,0.9468545576698686,False
player_form_lightgbm,legacy_player_form + team_strength,2,add,shots_per90_lineup_mean_1,17,0.9468611273228322,False
player_form_lightgbm,legacy_player_form + team_strength,2,add,adjusted_defensive_actions_lineup_mean_ewm,17,0.9468671515550703,False
player_form_lightgbm,legacy_player_form + team_strength,2,remove,recent_minutes_sum_5,15,0.9468771131618079,False
player_form_lightgbm,legacy_player_form + team_strength,2,remove,rating_mean_5,15,0.9468801150968411,False
player_form_lightgbm,legacy_player_form + team_strength,2,add,defensive_actions_per90_lineup_mean_trend_1_5,17,0.9469659308509712,False
player_form_lightgbm,legacy_player_form + team_strength,2,add,adjusted_rating_lineup_mean_1,17,0.9469731820640173,False
player_form_lightgbm,legacy_player_form + team_strength,2,add,adjusted_key_passes_lineup_mean_std_5,17,0.9469796086916544,False
player_form_lightgbm,legacy_player_form + team_strength,2,add,rating_lineup_min_5,17,0.9469981096015267,False
player_form_lightgbm,legacy_player_form + team_strength,2,add,mean_pairwise_prior_minutes,17,0.947016547077957,False
player_form_lightgbm,legacy_player_form + team_strength,2,add,shots_per90_lineup_mean_3,17,0.9470173589829984,False
player_form_lightgbm,legacy_player_form + team_strength,2,add,new_starters,17,0.9470307062125868,False
player_form_lightgbm,legacy_player_form + team_strength,2,add,defensive_actions_per90_lineup_mean_1,17,0.9470368638829259,False
player_form_lightgbm,legacy_player_form + team_strength,2,add,fwd_count,17,0.9470611447139617,False
player_form_lightgbm,legacy_player_form + team_strength,2,add,defensive_actions_per90_lineup_mean_ewm,17,0.9470762206536947,False
player_form_lightgbm,legacy_player_form + team_strength,2,add,key_passes_per90_lineup_mean_1,17,0.9470911124710231,False
player_form_lightgbm,legacy_player_form + team_strength,2,add,missing_regular_starters,17,0.9471195959459847,False
player_form_lightgbm,legacy_player_form + team_strength,2,add,replacement_quality,17,0.9471725912644933,False
player_form_lightgbm,legacy_player_form + team_strength,2,remove,elo_rating,15,0.9471773579477731,False
player_form_lightgbm,legacy_player_form + team_strength,2,remove,elo_difference,15,0.9471834935598809,False
player_form_lightgbm,legacy_player_form + team_strength,2,add,gk_count,17,0.9471834935598809,False
player_form_lightgbm,legacy_player_form + team_strength,2,remove,starters_without_history,15,0.9472214053200143,False
player_form_lightgbm,legacy_player_form + team_strength,2,add,key_passes_per90_lineup_mean_3,17,0.947227892032853,False
player_form_lightgbm,legacy_player_form + team_strength,2,add,defensive_actions_per90_lineup_mean_3,17,0.9472353443779906,False
player_form_lightgbm,legacy_player_form + team_strength,2,add,mid_count,17,0.9472572803653356,False
player_form_lightgbm,legacy_player_form + team_strength,2,add,def_rating_mean_5,17,0.9472622640487498,False
player_form_lightgbm,legacy_player_form + team_strength,2,add,adjusted_key_passes_lineup_mean_1,17,0.9472699104141511,False
player_form_lightgbm,legacy_player_form + team_strength,2,remove,shots_per90_sum_5,15,0.9472971337332148,False
player_form_lightgbm,legacy_player_form + team_strength,2,remove,starters_without_full_window,15,0.9473019097475288,False
player_form_lightgbm,legacy_player_form + team_strength,2,add,adjusted_defensive_actions_lineup_mean_3,17,0.9473222560230222,False
player_form_lightgbm,legacy_player_form + team_strength,2,add,adjusted_shots_lineup_std_across_starters_5,17,0.9473332687299186,False
player_form_lightgbm,legacy_player_form + team_strength,2,add,key_passes_per90_lineup_mean_trend_1_5,17,0.9473337722317692,False
player_form_lightgbm,legacy_player_form + team_strength,2,add,rating_lineup_std_across_starters_5,17,0.9473651562505314,False
player_form_lightgbm,legacy_player_form + team_strength,2,add,fwd_rating_mean_5,17,0.947421724631389,False
player_form_lightgbm,legacy_player_form + team_strength,2,add,adjusted_key_passes_lineup_mean_3,17,0.9474303417640436,False
player_form_lightgbm,legacy_player_form + team_strength,2,remove,elo_expected_result,15,0.9474400178960672,False
player_form_lightgbm,legacy_player_form + team_strength,2,add,rating_lineup_mean_std_5,17,0.9474749180740096,False
player_form_lightgbm,legacy_player_form + team_strength,2,add,adjusted_shots_lineup_mean_1,17,0.9475045885645363,False
player_form_lightgbm,legacy_player_form + team_strength,2,remove,defensive_actions_per90_sum_5,15,0.9475051382613002,False
player_form_lightgbm,legacy_player_form + team_strength,2,add,gk_rating_mean_5,17,0.9475194029014269,False
player_form_lightgbm,legacy_player_form + team_strength,2,add,adjusted_rating_lineup_mean_5,17,0.9475404534016352,False
player_form_lightgbm,legacy_player_form + team_strength,2,add,adjusted_shots_lineup_mean_trend_1_5,17,0.9475470245783217,False
player_form_lightgbm,legacy_player_form + team_strength,2,remove,prior_team_matches,15,0.9475717936170289,False
player_form_lightgbm,legacy_player_form + team_strength,2,add,adjusted_key_passes_lineup_mean_ewm,17,0.9475803688907618,False
player_form_lightgbm,legacy_player_form + team_strength,2,add,adjusted_rating_lineup_mean_3,17,0.947634488848139,False
player_form_lightgbm,legacy_player_form + team_strength,2,add,adjusted_defensive_actions_lineup_mean_5,17,0.9476516784305844,False
player_form_lightgbm,legacy_player_form + team_strength,2,add,adjusted_key_passes_lineup_mean_trend_1_5,17,0.9476618180729891,False
player_form_lightgbm,legacy_player_form + team_strength,2,add,adjusted_key_passes_lineup_mean_5,17,0.9476878143726997,False
player_form_lightgbm,legacy_player_form + team_strength,2,add,adjusted_rating_lineup_mean_ewm,17,0.9477133188590399,False
player_form_lightgbm,legacy_player_form + team_strength,2,remove,key_passes_per90_sum_5,15,0.9477344115023139,False
player_form_lightgbm,legacy_player_form + team_strength,2,add,adjusted_rating_lineup_mean_std_5,17,0.9477362828845461,False
player_form_lightgbm,legacy_player_form + team_strength,2,remove,attack_goal_rate_ewm,15,0.947770207042259,False
player_form_lightgbm,legacy_player_form + team_strength,2,add,shots_per90_lineup_mean_ewm,17,0.947781866761143,False
player_form_lightgbm,legacy_player_form + team_strength,2,add,adjusted_shots_lineup_mean_std_5,17,0.948017963671663,False
player_form_lightgbm,legacy_player_form + team_strength,2,add,adjusted_shots_lineup_mean_5,17,0.9481331678559161,False
player_form_lightgbm,legacy_player_form + team_strength,2,add,adjusted_defensive_actions_lineup_mean_std_5,17,0.9481731653569946,False
player_form_lightgbm,legacy_player_form + team_strength,2,add,mid_adjusted_key_passes_5,17,0.948179274968451,False
player_form_lightgbm,legacy_player_form + team_strength,2,add,adjusted_shots_lineup_mean_ewm,17,0.9486115188401936,False
player_form_lightgbm,legacy_player_form + team_strength,2,add,adjusted_shots_lineup_mean_3,17,0.9487788990562052,False
player_form_lightgbm,legacy_player_form + team_strength,2,remove,key_passes_per90_lineup_mean_ewm,15,0.948893265335951,False
player_form_lightgbm,legacy_player_form + team_strength,3,add,rating_lineup_mean_3,18,0.9449686402071291,True
player_form_lightgbm,legacy_player_form + team_strength,3,add,adjusted_rating_lineup_std_across_starters_5,18,0.9452228191386607,False
player_form_lightgbm,legacy_player_form + team_strength,3,add,gk_saves_per90_5,18,0.9452921082800196,False
player_form_lightgbm,legacy_player_form + team_strength,3,add,def_adjusted_defensive_actions_5,18,0.9452960189901436,False
player_form_lightgbm,legacy_player_form + team_strength,3,remove,rating_mean_5,16,0.9456484009902483,False
player_form_lightgbm,legacy_player_form + team_strength,3,add,new_player_pairs,18,0.9456884064694056,False
player_form_lightgbm,legacy_player_form + team_strength,3,add,rating_lineup_top3_mean_5,18,0.9456887565071282,False
player_form_lightgbm,legacy_player_form + team_strength,3,remove,recent_minutes_sum_5,16,0.9457972884957951,False
player_form_lightgbm,legacy_player_form + team_strength,3,remove,opponent_elo_rating,16,0.9458061901396585,False
player_form_lightgbm,legacy_player_form + team_strength,3,add,rating_lineup_std_across_starters_5,18,0.9458179039459966,False
player_form_lightgbm,legacy_player_form + team_strength,3,add,key_passes_per90_lineup_mean_1,18,0.9458200645397463,False
player_form_lightgbm,legacy_player_form + team_strength,3,add,missing_regular_starters,18,0.9458430977932304,False
player_form_lightgbm,legacy_player_form + team_strength,3,remove,expected_goals_strength,16,0.9458724434694197,False
player_form_lightgbm,legacy_player_form + team_strength,3,add,rating_lineup_min_5,18,0.9458778154067249,False
player_form_lightgbm,legacy_player_form + team_strength,3,add,mean_pairwise_prior_starts,18,0.9459156446997377,False
player_form_lightgbm,legacy_player_form + team_strength,3,remove,defensive_actions_per90_sum_5,16,0.9459234339872662,False
player_form_lightgbm,legacy_player_form + team_strength,3,add,retained_starters,18,0.945933623666439,False
player_form_lightgbm,legacy_player_form + team_strength,3,remove,defence_goal_rate_ewm,16,0.9459352732222277,False
player_form_lightgbm,legacy_player_form + team_strength,3,add,rating_lineup_mean_ewm,18,0.9459399001907183,False
player_form_lightgbm,legacy_player_form + team_strength,3,add,mid_count,18,0.9459671882511469,False
player_form_lightgbm,legacy_player_form + team_strength,3,add,rating_lineup_mean_trend_1_5,18,0.9459688862390813,False
player_form_lightgbm,legacy_player_form + team_strength,3,add,mean_pairwise_prior_minutes,18,0.9459951802813544,False
player_form_lightgbm,legacy_player_form + team_strength,3,remove,elo_difference,16,0.9460165751401481,False
player_form_lightgbm,legacy_player_form + team_strength,3,add,gk_count,18,0.9460165751401481,False
player_form_lightgbm,legacy_player_form + team_strength,3,remove,elo_rating,16,0.9460193339339549,False
player_form_lightgbm,legacy_player_form + team_strength,3,add,adjusted_defensive_actions_lineup_std_across_starters_5,18,0.9460771834965349,False
player_form_lightgbm,legacy_player_form + team_strength,3,add,adjusted_defensive_actions_lineup_mean_3,18,0.946084636433929,False
player_form_lightgbm,legacy_player_form + team_strength,3,remove,starters_without_history,16,0.9460866636061473,False
player_form_lightgbm,legacy_player_form + team_strength,3,add,shots_per90_lineup_mean_1,18,0.9461283125961917,False
player_form_lightgbm,legacy_player_form + team_strength,3,remove,elo_expected_result,16,0.9461457170456167,False
player_form_lightgbm,legacy_player_form + team_strength,3,add,fwd_count,18,0.9461517919077163,False
player_form_lightgbm,legacy_player_form + team_strength,3,add,def_rating_mean_5,18,0.9461559081511737,False
player_form_lightgbm,legacy_player_form + team_strength,3,add,adjusted_rating_lineup_mean_trend_1_5,18,0.9461562182433851,False
player_form_lightgbm,legacy_player_form + team_strength,3,add,adjusted_defensive_actions_lineup_mean_trend_1_5,18,0.9461681054283236,False
player_form_lightgbm,legacy_player_form + team_strength,3,add,defensive_actions_per90_lineup_mean_ewm,18,0.9461999202027476,False
player_form_lightgbm,legacy_player_form + team_strength,3,add,adjusted_key_passes_lineup_mean_std_5,18,0.946242769601115,False
player_form_lightgbm,legacy_player_form + team_strength,3,add,gk_rating_mean_5,18,0.9462470348612135,False
player_form_lightgbm,legacy_player_form + team_strength,3,add,adjusted_shots_lineup_mean_1,18,0.9462677246055436,False
player_form_lightgbm,legacy_player_form + team_strength,3,remove,starters_without_full_window,16,0.946275288544326,False
player_form_lightgbm,legacy_player_form + team_strength,3,add,defensive_actions_per90_lineup_mean_trend_1_5,18,0.9462832353214338,False
player_form_lightgbm,legacy_player_form + team_strength,3,add,rating_lineup_mean_1,18,0.9462852714514504,False
player_form_lightgbm,legacy_player_form + team_strength,3,add,adjusted_key_passes_lineup_mean_3,18,0.9463001418962507,False
player_form_lightgbm,legacy_player_form + team_strength,3,add,adjusted_defensive_actions_lineup_mean_ewm,18,0.9463007288130265,False
player_form_lightgbm,legacy_player_form + team_strength,3,add,new_starters,18,0.9463186986101059,False
player_form_lightgbm,legacy_player_form + team_strength,3,add,mid_rating_mean_5,18,0.9463331320963165,False
player_form_lightgbm,legacy_player_form + team_strength,3,add,def_count,18,0.9464030752347481,False
player_form_lightgbm,legacy_player_form + team_strength,3,add,adjusted_rating_lineup_mean_1,18,0.946424830852324,False
player_form_lightgbm,legacy_player_form + team_strength,3,add,adjusted_key_passes_lineup_std_across_starters_5,18,0.9464676727162944,False
player_form_lightgbm,legacy_player_form + team_strength,3,add,shots_per90_lineup_mean_trend_1_5,18,0.9464724106207316,False
player_form_lightgbm,legacy_player_form + team_strength,3,add,rating_lineup_max_5,18,0.9465018510671475,False
player_form_lightgbm,legacy_player_form + team_strength,3,add,defensive_actions_per90_lineup_mean_3,18,0.9465166899500264,False
player_form_lightgbm,legacy_player_form + team_strength,3,remove,prior_team_matches,16,0.9465412862669396,False
player_form_lightgbm,legacy_player_form + team_strength,3,add,defensive_actions_per90_lineup_mean_1,18,0.9465452842662774,False
player_form_lightgbm,legacy_player_form + team_strength,3,add,adjusted_key_passes_lineup_mean_1,18,0.9465559812160964,False
player_form_lightgbm,legacy_player_form + team_strength,3,add,replacement_quality,18,0.9465626711734569,False
player_form_lightgbm,legacy_player_form + team_strength,3,add,adjusted_defensive_actions_lineup_mean_5,18,0.9465904550761013,False
player_form_lightgbm,legacy_player_form + team_strength,3,add,adjusted_shots_lineup_mean_trend_1_5,18,0.9466222732888818,False
player_form_lightgbm,legacy_player_form + team_strength,3,add,adjusted_shots_lineup_std_across_starters_5,18,0.9467072651356203,False
player_form_lightgbm,legacy_player_form + team_strength,3,add,fwd_adjusted_shots_5,18,0.9467218412535701,False
player_form_lightgbm,legacy_player_form + team_strength,3,add,key_passes_per90_lineup_mean_trend_1_5,18,0.9467249102677623,False
player_form_lightgbm,legacy_player_form + team_strength,3,add,key_passes_per90_lineup_mean_3,18,0.9467394168512923,False
player_form_lightgbm,legacy_player_form + team_strength,3,add,shots_per90_lineup_mean_3,18,0.9467738532622467,False
player_form_lightgbm,legacy_player_form + team_strength,3,add,adjusted_rating_lineup_mean_ewm,18,0.9467784784429176,False
player_form_lightgbm,legacy_player_form + team_strength,3,add,adjusted_rating_lineup_mean_5,18,0.9467939050184176,False
player_form_lightgbm,legacy_player_form + team_strength,3,add,adjusted_key_passes_lineup_mean_ewm,18,0.9467963666617989,False
player_form_lightgbm,legacy_player_form + team_strength,3,add,adjusted_rating_lineup_mean_3,18,0.9468213496240041,False
player_form_lightgbm,legacy_player_form + team_strength,3,add,rating_lineup_mean_std_5,18,0.946840657297607,False
player_form_lightgbm,legacy_player_form + team_strength,3,add,fwd_rating_mean_5,18,0.9468411000964256,False
player_form_lightgbm,legacy_player_form + team_strength,3,add,shots_per90_lineup_mean_ewm,18,0.9468879575700581,False
player_form_lightgbm,legacy_player_form + team_strength,3,add,mid_adjusted_key_passes_5,18,0.9470536800437408,False
player_form_lightgbm,legacy_player_form + team_strength,3,add,adjusted_shots_lineup_mean_std_5,18,0.9470663063743874,False
player_form_lightgbm,legacy_player_form + team_strength,3,add,adjusted_rating_lineup_mean_std_5,18,0.9471055147094463,False
player_form_lightgbm,legacy_player_form + team_strength,3,remove,shots_per90_sum_5,16,0.9471229209769924,False
player_form_lightgbm,legacy_player_form + team_strength,3,add,adjusted_shots_lineup_mean_5,18,0.9471668264505846,False
player_form_lightgbm,legacy_player_form + team_strength,3,remove,adjusted_defensive_actions_lineup_mean_1,16,0.9471834935598809,False
player_form_lightgbm,legacy_player_form + team_strength,3,add,adjusted_key_passes_lineup_mean_5,18,0.9472544055717158,False
player_form_lightgbm,legacy_player_form + team_strength,3,add,adjusted_key_passes_lineup_mean_trend_1_5,18,0.9472642452293062,False
player_form_lightgbm,legacy_player_form + team_strength,3,remove,key_passes_per90_sum_5,16,0.9472885563644785,False
player_form_lightgbm,legacy_player_form + team_strength,3,add,adjusted_shots_lineup_mean_ewm,18,0.9474761435930044,False
player_form_lightgbm,legacy_player_form + team_strength,3,remove,attack_goal_rate_ewm,16,0.9476316250204517,False
player_form_lightgbm,legacy_player_form + team_strength,3,add,adjusted_defensive_actions_lineup_mean_std_5,18,0.9477598513956386,False
player_form_lightgbm,legacy_player_form + team_strength,3,remove,key_passes_per90_lineup_mean_ewm,16,0.9480467615573749,False
player_form_lightgbm,legacy_player_form + team_strength,3,add,adjusted_shots_lineup_mean_3,18,0.948192790785487,False
player_form_lightgbm,legacy_player_form + team_strength,4,add,adjusted_rating_lineup_std_across_starters_5,19,0.9442017760152737,True
player_form_lightgbm,legacy_player_form + team_strength,4,remove,recent_minutes_sum_5,17,0.9442243744246857,False
player_form_lightgbm,legacy_player_form + team_strength,4,add,def_adjusted_defensive_actions_5,19,0.9443081172699368,False
player_form_lightgbm,legacy_player_form + team_strength,4,add,new_player_pairs,19,0.9445672797241524,False
player_form_lightgbm,legacy_player_form + team_strength,4,remove,expected_goals_strength,17,0.94457430342862,False
player_form_lightgbm,legacy_player_form + team_strength,4,add,rating_lineup_std_across_starters_5,19,0.944599587905125,False
player_form_lightgbm,legacy_player_form + team_strength,4,remove,rating_mean_5,17,0.9446499968532777,False
player_form_lightgbm,legacy_player_form + team_strength,4,remove,opponent_elo_rating,17,0.9446595697147313,False
player_form_lightgbm,legacy_player_form + team_strength,4,add,missing_regular_starters,19,0.944723844489661,False
player_form_lightgbm,legacy_player_form + team_strength,4,add,rating_lineup_mean_trend_1_5,19,0.944754228125249,False
player_form_lightgbm,legacy_player_form + team_strength,4,add,gk_saves_per90_5,19,0.944778164376487,False
player_form_lightgbm,legacy_player_form + team_strength,4,add,mid_count,19,0.9448385981986106,False
player_form_lightgbm,legacy_player_form + team_strength,4,add,rating_lineup_mean_1,19,0.9448395656264184,False
player_form_lightgbm,legacy_player_form + team_strength,4,remove,defence_goal_rate_ewm,17,0.944857556123837,False
player_form_lightgbm,legacy_player_form + team_strength,4,add,new_starters,19,0.944870048513381,False
player_form_lightgbm,legacy_player_form + team_strength,4,add,mean_pairwise_prior_starts,19,0.9448786290070844,False
player_form_lightgbm,legacy_player_form + team_strength,4,add,adjusted_defensive_actions_lineup_mean_3,19,0.9449131375626585,False
player_form_lightgbm,legacy_player_form + team_strength,4,add,retained_starters,19,0.9449199844894365,False
player_form_lightgbm,legacy_player_form + team_strength,4,add,fwd_count,19,0.9449606469167773,False
player_form_lightgbm,legacy_player_form + team_strength,4,remove,elo_difference,17,0.9449686402071291,False
player_form_lightgbm,legacy_player_form + team_strength,4,add,gk_count,19,0.9449686402071291,False
player_form_lightgbm,legacy_player_form + team_strength,4,remove,elo_rating,17,0.9449712967758808,False
player_form_lightgbm,legacy_player_form + team_strength,4,remove,defensive_actions_per90_sum_5,17,0.944973520784689,False
player_form_lightgbm,legacy_player_form + team_strength,4,add,mean_pairwise_prior_minutes,19,0.9449785136509187,False
player_form_lightgbm,legacy_player_form + team_strength,4,add,key_passes_per90_lineup_mean_1,19,0.9449786845517384,False
player_form_lightgbm,legacy_player_form + team_strength,4,remove,elo_expected_result,17,0.9450480124145306,False
player_form_lightgbm,legacy_player_form + team_strength,4,add,def_count,19,0.945053891321511,False
player_form_lightgbm,legacy_player_form + team_strength,4,add,mid_rating_mean_5,19,0.9450542213238396,False
player_form_lightgbm,legacy_player_form + team_strength,4,remove,starters_without_history,17,0.9450799317845682,False
player_form_lightgbm,legacy_player_form + team_strength,4,add,adjusted_shots_lineup_mean_trend_1_5,19,0.945204881387568,False
player_form_lightgbm,legacy_player_form + team_strength,4,add,rating_lineup_min_5,19,0.9452289784641394,False
player_form_lightgbm,legacy_player_form + team_strength,4,add,shots_per90_lineup_mean_1,19,0.9452348240474393,False
player_form_lightgbm,legacy_player_form + team_strength,4,add,rating_lineup_top3_mean_5,19,0.9452398134316753,False
player_form_lightgbm,legacy_player_form + team_strength,4,add,adjusted_defensive_actions_lineup_std_across_starters_5,19,0.9452704226215101,False
player_form_lightgbm,legacy_player_form + team_strength,4,add,adjusted_rating_lineup_mean_trend_1_5,19,0.9452712904558465,False
player_form_lightgbm,legacy_player_form + team_strength,4,add,def_rating_mean_5,19,0.9452721170322655,False
player_form_lightgbm,legacy_player_form + team_strength,4,remove,starters_without_full_window,17,0.9452816959061543,False
player_form_lightgbm,legacy_player_form + team_strength,4,add,adjusted_rating_lineup_mean_1,19,0.9452985563750782,False
player_form_lightgbm,legacy_player_form + team_strength,4,add,adjusted_key_passes_lineup_std_across_starters_5,19,0.9453082899347022,False
player_form_lightgbm,legacy_player_form + team_strength,4,add,adjusted_defensive_actions_lineup_mean_trend_1_5,19,0.9453084656913038,False
player_form_lightgbm,legacy_player_form + team_strength,4,add,adjusted_defensive_actions_lineup_mean_5,19,0.9453139026270169,False
player_form_lightgbm,legacy_player_form + team_strength,4,add,adjusted_key_passes_lineup_mean_std_5,19,0.9453197677555578,False
player_form_lightgbm,legacy_player_form + team_strength,4,add,defensive_actions_per90_lineup_mean_ewm,19,0.9453418219004123,False
player_form_lightgbm,legacy_player_form + team_strength,4,add,shots_per90_lineup_mean_trend_1_5,19,0.9453556957676506,False
player_form_lightgbm,legacy_player_form + team_strength,4,add,adjusted_defensive_actions_lineup_mean_ewm,19,0.9453698143425675,False
player_form_lightgbm,legacy_player_form + team_strength,4,remove,shots_per90_sum_5,17,0.9453716202842173,False
player_form_lightgbm,legacy_player_form + team_strength,4,add,key_passes_per90_lineup_mean_3,19,0.9454058672498675,False
player_form_lightgbm,legacy_player_form + team_strength,4,add,replacement_quality,19,0.9454157508405221,False
player_form_lightgbm,legacy_player_form + team_strength,4,add,rating_lineup_mean_ewm,19,0.9454659558753566,False
player_form_lightgbm,legacy_player_form + team_strength,4,add,defensive_actions_per90_lineup_mean_1,19,0.9454720001708248,False
player_form_lightgbm,legacy_player_form + team_strength,4,remove,prior_team_matches,17,0.9454791737423126,False
player_form_lightgbm,legacy_player_form + team_strength,4,add,fwd_adjusted_shots_5,19,0.9454832753724282,False
player_form_lightgbm,legacy_player_form + team_strength,4,add,rating_lineup_max_5,19,0.9454847941639328,False
player_form_lightgbm,legacy_player_form + team_strength,4,add,adjusted_key_passes_lineup_mean_1,19,0.9454945058469644,False
player_form_lightgbm,legacy_player_form + team_strength,4,add,adjusted_shots_lineup_std_across_starters_5,19,0.9455020224953347,False
player_form_lightgbm,legacy_player_form + team_strength,4,add,adjusted_rating_lineup_mean_std_5,19,0.9455286588853247,False
player_form_lightgbm,legacy_player_form + team_strength,4,add,adjusted_shots_lineup_mean_1,19,0.9455303240889025,False
player_form_lightgbm,legacy_player_form + team_strength,4,add,adjusted_key_passes_lineup_mean_3,19,0.9455319120178101,False
player_form_lightgbm,legacy_player_form + team_strength,4,add,defensive_actions_per90_lineup_mean_3,19,0.9455548957937447,False
player_form_lightgbm,legacy_player_form + team_strength,4,add,rating_lineup_mean_std_5,19,0.945602630912033,False
player_form_lightgbm,legacy_player_form + team_strength,4,add,key_passes_per90_lineup_mean_trend_1_5,19,0.9456283084909685,False
player_form_lightgbm,legacy_player_form + team_strength,4,add,shots_per90_lineup_mean_3,19,0.9456576609683682,False
player_form_lightgbm,legacy_player_form + team_strength,4,add,adjusted_key_passes_lineup_mean_5,19,0.9456582135624572,False
player_form_lightgbm,legacy_player_form + team_strength,4,add,shots_per90_lineup_mean_ewm,19,0.945816207621563,False
player_form_lightgbm,legacy_player_form + team_strength,4,add,defensive_actions_per90_lineup_mean_trend_1_5,19,0.9458642436424959,False
player_form_lightgbm,legacy_player_form + team_strength,4,add,mid_adjusted_key_passes_5,19,0.9458998881630558,False
player_form_lightgbm,legacy_player_form + team_strength,4,add,adjusted_shots_lineup_mean_std_5,19,0.945911582473481,False
player_form_lightgbm,legacy_player_form + team_strength,4,remove,attack_goal_rate_ewm,17,0.9459219324784776,False
player_form_lightgbm,legacy_player_form + team_strength,4,add,adjusted_rating_lineup_mean_5,19,0.9459231760770246,False
player_form_lightgbm,legacy_player_form + team_strength,4,add,adjusted_shots_lineup_mean_5,19,0.9459415488681633,False
player_form_lightgbm,legacy_player_form + team_strength,4,add,gk_rating_mean_5,19,0.9459798408106177,False
player_form_lightgbm,legacy_player_form + team_strength,4,remove,key_passes_per90_sum_5,17,0.9459932716818267,False
player_form_lightgbm,legacy_player_form + team_strength,4,remove,rating_lineup_mean_3,17,0.9460165751401481,False
player_form_lightgbm,legacy_player_form + team_strength,4,add,adjusted_key_passes_lineup_mean_trend_1_5,19,0.9460242315622726,False
player_form_lightgbm,legacy_player_form + team_strength,4,add,fwd_rating_mean_5,19,0.9460356356629098,False
player_form_lightgbm,legacy_player_form + team_strength,4,add,adjusted_rating_lineup_mean_ewm,19,0.946075400203789,False
player_form_lightgbm,legacy_player_form + team_strength,4,add,adjusted_key_passes_lineup_mean_ewm,19,0.9461951159968554,False
player_form_lightgbm,legacy_player_form + team_strength,4,add,adjusted_rating_lineup_mean_3,19,0.9463475147305558,False
player_form_lightgbm,legacy_player_form + team_strength,4,remove,adjusted_defensive_actions_lineup_mean_1,17,0.9463526497566666,False
player_form_lightgbm,legacy_player_form + team_strength,4,add,adjusted_defensive_actions_lineup_mean_std_5,19,0.946417613524366,False
player_form_lightgbm,legacy_player_form + team_strength,4,add,adjusted_shots_lineup_mean_ewm,19,0.9466491165040665,False
player_form_lightgbm,legacy_player_form + team_strength,4,remove,key_passes_per90_lineup_mean_ewm,17,0.9466746655900835,False
player_form_lightgbm,legacy_player_form + team_strength,4,add,adjusted_shots_lineup_mean_3,19,0.9469275612938788,False
player_form_lightgbm,legacy_player_form + team_strength,5,remove,rating_mean_5,18,0.9438348024890704,False
player_form_lightgbm,legacy_player_form + team_strength,5,add,new_player_pairs,20,0.9438909705474627,False
player_form_lightgbm,legacy_player_form + team_strength,5,remove,recent_minutes_sum_5,18,0.9439927828532055,False
player_form_lightgbm,legacy_player_form + team_strength,5,add,key_passes_per90_lineup_mean_1,20,0.9440062020533169,False
player_form_lightgbm,legacy_player_form + team_strength,5,remove,defence_goal_rate_ewm,18,0.9440417669330625,False
player_form_lightgbm,legacy_player_form + team_strength,5,add,rating_lineup_top3_mean_5,20,0.9441060673572278,False
player_form_lightgbm,legacy_player_form + team_strength,5,remove,expected_goals_strength,18,0.944132361529131,False
player_form_lightgbm,legacy_player_form + team_strength,5,remove,elo_expected_result,18,0.9441632052735114,False
player_form_lightgbm,legacy_player_form + team_strength,5,add,def_adjusted_defensive_actions_5,20,0.9441664768208824,False
player_form_lightgbm,legacy_player_form + team_strength,5,remove,elo_difference,18,0.9442017760152737,False
player_form_lightgbm,legacy_player_form + team_strength,5,add,gk_count,20,0.9442017760152737,False
player_form_lightgbm,legacy_player_form + team_strength,5,remove,elo_rating,18,0.9442039452181987,False
player_form_lightgbm,legacy_player_form + team_strength,5,remove,opponent_elo_rating,18,0.9442186540498632,False
player_form_lightgbm,legacy_player_form + team_strength,5,remove,starters_without_history,18,0.94429263714776,False
player_form_lightgbm,legacy_player_form + team_strength,5,add,missing_regular_starters,20,0.9443016479196651,False
player_form_lightgbm,legacy_player_form + team_strength,5,add,new_starters,20,0.9443874256049967,False
player_form_lightgbm,legacy_player_form + team_strength,5,add,mean_pairwise_prior_starts,20,0.944395563134315,False
player_form_lightgbm,legacy_player_form + team_strength,5,add,mid_count,20,0.9443959978777692,False
player_form_lightgbm,legacy_player_form + team_strength,5,add,rating_lineup_max_5,20,0.9444010704663202,False
player_form_lightgbm,legacy_player_form + team_strength,5,add,mean_pairwise_prior_minutes,20,0.9444230805365421,False
player_form_lightgbm,legacy_player_form + team_strength,5,add,adjusted_defensive_actions_lineup_mean_3,20,0.9444396994170259,False
player_form_lightgbm,legacy_player_form + team_strength,5,add,retained_starters,20,0.9444503740781551,False
player_form_lightgbm,legacy_player_form + team_strength,5,add,fwd_count,20,0.9444586310506271,False
player_form_lightgbm,legacy_player_form + team_strength,5,add,rating_lineup_mean_trend_1_5,20,0.9444920961886112,False
player_form_lightgbm,legacy_player_form + team_strength,5,remove,defensive_actions_per90_sum_5,18,0.9444939957814045,False
player_form_lightgbm,legacy_player_form + team_strength,5,add,adjusted_defensive_actions_lineup_mean_5,20,0.9445012651170035,False
player_form_lightgbm,legacy_player_form + team_strength,5,add,gk_saves_per90_5,20,0.9445644246850164,False
player_form_lightgbm,legacy_player_form + team_strength,5,add,rating_lineup_mean_ewm,20,0.9446288561065563,False
player_form_lightgbm,legacy_player_form + team_strength,5,add,rating_lineup_std_across_starters_5,20,0.9446342122956144,False
player_form_lightgbm,legacy_player_form + team_strength,5,add,rating_lineup_min_5,20,0.9446423256525327,False
player_form_lightgbm,legacy_player_form + team_strength,5,add,adjusted_key_passes_lineup_mean_1,20,0.9446429666067104,False
player_form_lightgbm,legacy_player_form + team_strength,5,add,rating_lineup_mean_1,20,0.9446478782978915,False
player_form_lightgbm,legacy_player_form + team_strength,5,add,shots_per90_lineup_mean_trend_1_5,20,0.944686791003304,False
player_form_lightgbm,legacy_player_form + team_strength,5,add,mid_rating_mean_5,20,0.9447037917227135,False
player_form_lightgbm,legacy_player_form + team_strength,5,add,adjusted_shots_lineup_std_across_starters_5,20,0.9447298688276379,False
player_form_lightgbm,legacy_player_form + team_strength,5,add,adjusted_rating_lineup_mean_1,20,0.9447654879056311,False
player_form_lightgbm,legacy_player_form + team_strength,5,add,defensive_actions_per90_lineup_mean_3,20,0.94476676991696,False
player_form_lightgbm,legacy_player_form + team_strength,5,add,adjusted_defensive_actions_lineup_mean_trend_1_5,20,0.9447682526493509,False
player_form_lightgbm,legacy_player_form + team_strength,5,add,def_rating_mean_5,20,0.9447776293637311,False
player_form_lightgbm,legacy_player_form + team_strength,5,add,shots_per90_lineup_mean_1,20,0.9447889664484058,False
player_form_lightgbm,legacy_player_form + team_strength,5,remove,starters_without_full_window,18,0.9447916968952674,False
player_form_lightgbm,legacy_player_form + team_strength,5,add,adjusted_shots_lineup_mean_trend_1_5,20,0.9448025422559313,False
player_form_lightgbm,legacy_player_form + team_strength,5,add,replacement_quality,20,0.9448163464895818,False
player_form_lightgbm,legacy_player_form + team_strength,5,add,adjusted_rating_lineup_mean_trend_1_5,20,0.9448237134983924,False
player_form_lightgbm,legacy_player_form + team_strength,5,remove,prior_team_matches,18,0.9448547165292025,False
player_form_lightgbm,legacy_player_form + team_strength,5,add,adjusted_key_passes_lineup_std_across_starters_5,20,0.9448646701535233,False
player_form_lightgbm,legacy_player_form + team_strength,5,add,adjusted_key_passes_lineup_mean_3,20,0.9448669395033422,False
player_form_lightgbm,legacy_player_form + team_strength,5,add,adjusted_defensive_actions_lineup_std_across_starters_5,20,0.9448743560192956,False
player_form_lightgbm,legacy_player_form + team_strength,5,add,def_count,20,0.9448777970589661,False
player_form_lightgbm,legacy_player_form + team_strength,5,remove,adjusted_rating_lineup_std_across_starters_5,18,0.9449686402071291,False
player_form_lightgbm,legacy_player_form + team_strength,5,add,defensive_actions_per90_lineup_mean_1,20,0.9449882332687549,False
player_form_lightgbm,legacy_player_form + team_strength,5,add,adjusted_key_passes_lineup_mean_std_5,20,0.9450126476222521,False
player_form_lightgbm,legacy_player_form + team_strength,5,remove,shots_per90_sum_5,18,0.9450392003444906,False
player_form_lightgbm,legacy_player_form + team_strength,5,add,mid_adjusted_key_passes_5,20,0.9450396758237454,False
player_form_lightgbm,legacy_player_form + team_strength,5,add,fwd_adjusted_shots_5,20,0.9450845256094604,False
player_form_lightgbm,legacy_player_form + team_strength,5,add,adjusted_shots_lineup_mean_5,20,0.9451017982284837,False
player_form_lightgbm,legacy_player_form + team_strength,5,add,defensive_actions_per90_lineup_mean_ewm,20,0.9451354694337514,False
player_form_lightgbm,legacy_player_form + team_strength,5,add,shots_per90_lineup_mean_ewm,20,0.9451475713822244,False
player_form_lightgbm,legacy_player_form + team_strength,5,add,adjusted_rating_lineup_mean_ewm,20,0.9451612115011792,False
player_form_lightgbm,legacy_player_form + team_strength,5,add,adjusted_defensive_actions_lineup_mean_ewm,20,0.9451748619821871,False
player_form_lightgbm,legacy_player_form + team_strength,5,add,adjusted_key_passes_lineup_mean_5,20,0.9452088475515585,False
player_form_lightgbm,legacy_player_form + team_strength,5,remove,rating_lineup_mean_3,18,0.9452228191386607,False
player_form_lightgbm,legacy_player_form + team_strength,5,add,adjusted_rating_lineup_mean_std_5,20,0.9452375660301957,False
player_form_lightgbm,legacy_player_form + team_strength,5,add,adjusted_shots_lineup_mean_1,20,0.9452507763805237,False
player_form_lightgbm,legacy_player_form + team_strength,5,remove,key_passes_per90_sum_5,18,0.9452703886075932,False
player_form_lightgbm,legacy_player_form + team_strength,5,add,key_passes_per90_lineup_mean_trend_1_5,20,0.945372290469876,False
player_form_lightgbm,legacy_player_form + team_strength,5,add,defensive_actions_per90_lineup_mean_trend_1_5,20,0.9454062692753868,False
player_form_lightgbm,legacy_player_form + team_strength,5,add,adjusted_rating_lineup_mean_5,20,0.9454383895089227,False
player_form_lightgbm,legacy_player_form + team_strength,5,add,shots_per90_lineup_mean_3,20,0.945449079632297,False
player_form_lightgbm,legacy_player_form + team_strength,5,add,adjusted_shots_lineup_mean_std_5,20,0.9455005571086411,False
player_form_lightgbm,legacy_player_form + team_strength,5,add,key_passes_per90_lineup_mean_3,20,0.9455038962447093,False
player_form_lightgbm,legacy_player_form + team_strength,5,add,fwd_rating_mean_5,20,0.9455295509071896,False
player_form_lightgbm,legacy_player_form + team_strength,5,remove,attack_goal_rate_ewm,18,0.9455836714230886,False
player_form_lightgbm,legacy_player_form + team_strength,5,add,adjusted_key_passes_lineup_mean_ewm,20,0.94559148569595,False
player_form_lightgbm,legacy_player_form + team_strength,5,add,adjusted_key_passes_lineup_mean_trend_1_5,20,0.9455950152876893,False
player_form_lightgbm,legacy_player_form + team_strength,5,add,gk_rating_mean_5,20,0.9457652834117678,False
player_form_lightgbm,legacy_player_form + team_strength,5,remove,adjusted_defensive_actions_lineup_mean_1,18,0.9457910557642046,False
player_form_lightgbm,legacy_player_form + team_strength,5,add,adjusted_defensive_actions_lineup_mean_std_5,20,0.9458402135436039,False
player_form_lightgbm,legacy_player_form + team_strength,5,add,rating_lineup_mean_std_5,20,0.9459505776959996,False
player_form_lightgbm,legacy_player_form + team_strength,5,add,adjusted_shots_lineup_mean_ewm,20,0.9459963240023286,False
player_form_lightgbm,legacy_player_form + team_strength,5,add,adjusted_rating_lineup_mean_3,20,0.9460015562831574,False
player_form_lightgbm,legacy_player_form + team_strength,5,remove,key_passes_per90_lineup_mean_ewm,18,0.9460813215226981,False
player_form_lightgbm,legacy_player_form + team_strength,5,add,adjusted_shots_lineup_mean_3,20,0.9463867405757844,False
player_form_lightgbm,team_strength + lineup_continuity + recency,1,remove,rating_lineup_mean_std_5,31,0.9440590981927175,True
player_form_lightgbm,team_strength + lineup_continuity + recency,1,remove,defence_goal_rate_ewm,31,0.9441929924524726,False
player_form_lightgbm,team_strength + lineup_continuity + recency,1,remove,expected_goals_strength,31,0.9443092347350245,False
player_form_lightgbm,team_strength + lineup_continuity + recency,1,add,adjusted_rating_lineup_mean_1,33,0.9443245833888587,False
player_form_lightgbm,team_strength + lineup_continuity + recency,1,add,gk_saves_per90_5,33,0.9444369215261277,False
player_form_lightgbm,team_strength + lineup_continuity + recency,1,add,shots_per90_sum_5,33,0.944628169306482,False
player_form_lightgbm,team_strength + lineup_continuity + recency,1,add,rating_lineup_min_5,33,0.944630681001306,False
player_form_lightgbm,team_strength + lineup_continuity + recency,1,add,adjusted_defensive_actions_lineup_mean_3,33,0.9446507698250369,False
player_form_lightgbm,team_strength + lineup_continuity + recency,1,add,adjusted_rating_lineup_mean_trend_1_5,33,0.9446577273576069,False
player_form_lightgbm,team_strength + lineup_continuity + recency,1,remove,defensive_actions_per90_lineup_mean_3,31,0.9446763825365089,False
player_form_lightgbm,team_strength + lineup_continuity + recency,1,add,def_adjusted_defensive_actions_5,33,0.9446876821532475,False
player_form_lightgbm,team_strength + lineup_continuity + recency,1,add,adjusted_defensive_actions_lineup_mean_ewm,33,0.9446939541420654,False
player_form_lightgbm,team_strength + lineup_continuity + recency,1,add,adjusted_shots_lineup_mean_3,33,0.9447052962506486,False
player_form_lightgbm,team_strength + lineup_continuity + recency,1,add,adjusted_rating_lineup_std_across_starters_5,33,0.944735985555094,False
player_form_lightgbm,team_strength + lineup_continuity + recency,1,remove,new_starters,31,0.9447482350072408,False
player_form_lightgbm,team_strength + lineup_continuity + recency,1,add,adjusted_defensive_actions_lineup_mean_5,33,0.9447514604435878,False
player_form_lightgbm,team_strength + lineup_continuity + recency,1,remove,replacement_quality,31,0.9447564409519734,False
player_form_lightgbm,team_strength + lineup_continuity + recency,1,remove,defensive_actions_per90_lineup_mean_trend_1_5,31,0.9447778269605764,False
player_form_lightgbm,team_strength + lineup_continuity + recency,1,remove,defensive_actions_per90_lineup_mean_ewm,31,0.9447778484499398,False
player_form_lightgbm,team_strength + lineup_continuity + recency,1,add,rating_lineup_top3_mean_5,33,0.944792192359982,False
player_form_lightgbm,team_strength + lineup_continuity + recency,1,add,mid_rating_mean_5,33,0.9447979593590532,False
player_form_lightgbm,team_strength + lineup_continuity + recency,1,remove,shots_per90_lineup_mean_ewm,31,0.9448264193056802,False
player_form_lightgbm,team_strength + lineup_continuity + recency,1,remove,retained_starters,31,0.9448301762716361,False
player_form_lightgbm,team_strength + lineup_continuity + recency,1,remove,missing_regular_starters,31,0.9448375150854769,False
player_form_lightgbm,team_strength + lineup_continuity + recency,1,add,rating_lineup_std_across_starters_5,33,0.944847041188907,False
player_form_lightgbm,team_strength + lineup_continuity + recency,1,remove,prior_team_matches,31,0.9448474003682732,False
player_form_lightgbm,team_strength + lineup_continuity + recency,1,add,adjusted_key_passes_lineup_mean_1,33,0.9448552818323595,False
player_form_lightgbm,team_strength + lineup_continuity + recency,1,add,defensive_actions_per90_sum_5,33,0.9448626133226445,False
player_form_lightgbm,team_strength + lineup_continuity + recency,1,add,adjusted_shots_lineup_std_across_starters_5,33,0.9448646446911149,False
player_form_lightgbm,team_strength + lineup_continuity + recency,1,remove,mean_pairwise_prior_minutes,31,0.9448825835375017,False
player_form_lightgbm,team_strength + lineup_continuity + recency,1,add,starters_without_full_window,33,0.9448952680934397,False
player_form_lightgbm,team_strength + lineup_continuity + recency,1,add,adjusted_shots_lineup_mean_ewm,33,0.9449491312594074,False
player_form_lightgbm,team_strength + lineup_continuity + recency,1,add,rating_lineup_max_5,33,0.9449504623244178,False
player_form_lightgbm,team_strength + lineup_continuity + recency,1,remove,rating_lineup_mean_3,31,0.9449723119591283,False
player_form_lightgbm,team_strength + lineup_continuity + recency,1,add,adjusted_shots_lineup_mean_trend_1_5,33,0.9450381594361648,False
player_form_lightgbm,team_strength + lineup_continuity + recency,1,add,starters_without_history,33,0.9450396228035216,False
player_form_lightgbm,team_strength + lineup_continuity + recency,1,add,adjusted_key_passes_lineup_mean_trend_1_5,33,0.9450401467752695,False
player_form_lightgbm,team_strength + lineup_continuity + recency,1,remove,elo_difference,31,0.9450553860537407,False
player_form_lightgbm,team_strength + lineup_continuity + recency,1,remove,elo_rating,31,0.9450553860537407,False
player_form_lightgbm,team_strength + lineup_continuity + recency,1,add,gk_count,33,0.9450553860537407,False
player_form_lightgbm,team_strength + lineup_continuity + recency,1,add,def_count,33,0.9450624186633345,False
player_form_lightgbm,team_strength + lineup_continuity + recency,1,add,adjusted_defensive_actions_lineup_mean_1,33,0.945071178185253,False
player_form_lightgbm,team_strength + lineup_continuity + recency,1,add,fwd_count,33,0.9450856323481729,False
player_form_lightgbm,team_strength + lineup_continuity + recency,1,add,mid_count,33,0.9450884918965177,False
player_form_lightgbm,team_strength + lineup_continuity + recency,1,remove,rating_lineup_mean_1,31,0.9451003369611133,False
player_form_lightgbm,team_strength + lineup_continuity + recency,1,add,adjusted_defensive_actions_lineup_mean_trend_1_5,33,0.9451069897436237,False
player_form_lightgbm,team_strength + lineup_continuity + recency,1,add,adjusted_rating_lineup_mean_std_5,33,0.9451116561495533,False
player_form_lightgbm,team_strength + lineup_continuity + recency,1,add,adjusted_shots_lineup_mean_5,33,0.945112302764202,False
player_form_lightgbm,team_strength + lineup_continuity + recency,1,remove,mean_pairwise_prior_starts,31,0.9451151122464094,False
player_form_lightgbm,team_strength + lineup_continuity + recency,1,add,rating_mean_5,33,0.9451247240735382,False
player_form_lightgbm,team_strength + lineup_continuity + recency,1,add,def_rating_mean_5,33,0.9451398296272446,False
player_form_lightgbm,team_strength + lineup_continuity + recency,1,remove,elo_expected_result,31,0.9451640349959172,False
player_form_lightgbm,team_strength + lineup_continuity + recency,1,add,mid_adjusted_key_passes_5,33,0.9451732269398895,False
player_form_lightgbm,team_strength + lineup_continuity + recency,1,add,adjusted_key_passes_lineup_mean_ewm,33,0.9451896247130072,False
player_form_lightgbm,team_strength + lineup_continuity + recency,1,remove,key_passes_per90_lineup_mean_trend_1_5,31,0.9451977943901949,False
player_form_lightgbm,team_strength + lineup_continuity + recency,1,remove,key_passes_per90_lineup_mean_3,31,0.9452170018701165,False
player_form_lightgbm,team_strength + lineup_continuity + recency,1,remove,shots_per90_lineup_mean_trend_1_5,31,0.9452227839363092,False
player_form_lightgbm,team_strength + lineup_continuity + recency,1,remove,opponent_elo_rating,31,0.9452232043732491,False
player_form_lightgbm,team_strength + lineup_continuity + recency,1,remove,rating_lineup_mean_ewm,31,0.9452332282766469,False
player_form_lightgbm,team_strength + lineup_continuity + recency,1,remove,shots_per90_lineup_mean_3,31,0.9452332700263717,False
player_form_lightgbm,team_strength + lineup_continuity + recency,1,add,fwd_adjusted_shots_5,33,0.9452583390683167,False
player_form_lightgbm,team_strength + lineup_continuity + recency,1,remove,defensive_actions_per90_lineup_mean_1,31,0.945313240700228,False
player_form_lightgbm,team_strength + lineup_continuity + recency,1,add,adjusted_defensive_actions_lineup_std_across_starters_5,33,0.9453196673168028,False
player_form_lightgbm,team_strength + lineup_continuity + recency,1,remove,new_player_pairs,31,0.9453323698605767,False
player_form_lightgbm,team_strength + lineup_continuity + recency,1,remove,key_passes_per90_lineup_mean_1,31,0.9453480674660775,False
player_form_lightgbm,team_strength + lineup_continuity + recency,1,add,adjusted_rating_lineup_mean_ewm,33,0.9453901359586055,False
player_form_lightgbm,team_strength + lineup_continuity + recency,1,add,recent_minutes_sum_5,33,0.9454681592556213,False
player_form_lightgbm,team_strength + lineup_continuity + recency,1,add,adjusted_key_passes_lineup_std_across_starters_5,33,0.9455001204933358,False
player_form_lightgbm,team_strength + lineup_continuity + recency,1,remove,shots_per90_lineup_mean_1,31,0.9455202074550704,False
player_form_lightgbm,team_strength + lineup_continuity + recency,1,add,adjusted_key_passes_lineup_mean_std_5,33,0.9455720428261243,False
player_form_lightgbm,team_strength + lineup_continuity + recency,1,add,adjusted_rating_lineup_mean_3,33,0.9455736987817986,False
player_form_lightgbm,team_strength + lineup_continuity + recency,1,add,adjusted_shots_lineup_mean_std_5,33,0.9455819097326281,False
player_form_lightgbm,team_strength + lineup_continuity + recency,1,add,key_passes_per90_sum_5,33,0.945597196397214,False
player_form_lightgbm,team_strength + lineup_continuity + recency,1,add,gk_rating_mean_5,33,0.9456053519340104,False
player_form_lightgbm,team_strength + lineup_continuity + recency,1,add,fwd_rating_mean_5,33,0.9456610271030281,False
player_form_lightgbm,team_strength + lineup_continuity + recency,1,add,adjusted_key_passes_lineup_mean_3,33,0.9457433329827676,False
player_form_lightgbm,team_strength + lineup_continuity + recency,1,add,adjusted_shots_lineup_mean_1,33,0.9458110047669128,False
player_form_lightgbm,team_strength + lineup_continuity + recency,1,add,adjusted_key_passes_lineup_mean_5,33,0.9458561261356295,False
player_form_lightgbm,team_strength + lineup_continuity + recency,1,add,adjusted_rating_lineup_mean_5,33,0.945907922905759,False
player_form_lightgbm,team_strength + lineup_continuity + recency,1,add,adjusted_defensive_actions_lineup_mean_std_5,33,0.9459950815467963,False
player_form_lightgbm,team_strength + lineup_continuity + recency,1,remove,attack_goal_rate_ewm,31,0.946048420290915,False
player_form_lightgbm,team_strength + lineup_continuity + recency,1,remove,rating_lineup_mean_trend_1_5,31,0.9464825304141529,False
player_form_lightgbm,team_strength + lineup_continuity + recency,1,remove,key_passes_per90_lineup_mean_ewm,31,0.9465266659458504,False
player_form_lightgbm,team_strength + lineup_continuity + recency,2,remove,defence_goal_rate_ewm,30,0.943496778696814,True
player_form_lightgbm,team_strength + lineup_continuity + recency,2,add,gk_saves_per90_5,32,0.9436006606373577,False
player_form_lightgbm,team_strength + lineup_continuity + recency,2,remove,defensive_actions_per90_lineup_mean_3,30,0.9436149757097405,False
player_form_lightgbm,team_strength + lineup_continuity + recency,2,add,rating_lineup_top3_mean_5,32,0.9436607296694584,False
player_form_lightgbm,team_strength + lineup_continuity + recency,2,remove,expected_goals_strength,30,0.9438137299525697,False
player_form_lightgbm,team_strength + lineup_continuity + recency,2,add,adjusted_defensive_actions_lineup_mean_ewm,32,0.9438140470364266,False
player_form_lightgbm,team_strength + lineup_continuity + recency,2,remove,shots_per90_lineup_mean_ewm,30,0.9438280934375596,False
player_form_lightgbm,team_strength + lineup_continuity + recency,2,add,adjusted_rating_lineup_std_across_starters_5,32,0.9438542461037711,False
player_form_lightgbm,team_strength + lineup_continuity + recency,2,add,adjusted_rating_lineup_mean_1,32,0.9438935260359604,False
player_form_lightgbm,team_strength + lineup_continuity + recency,2,add,adjusted_defensive_actions_lineup_mean_5,32,0.9439471690251162,False
player_form_lightgbm,team_strength + lineup_continuity + recency,2,add,adjusted_shots_lineup_mean_3,32,0.9439533906249462,False
player_form_lightgbm,team_strength + lineup_continuity + recency,2,remove,retained_starters,30,0.9439557497850056,False
player_form_lightgbm,team_strength + lineup_continuity + recency,2,add,mid_count,32,0.9439708255413498,False
player_form_lightgbm,team_strength + lineup_continuity + recency,2,add,adjusted_defensive_actions_lineup_mean_3,32,0.9439728523408775,False
player_form_lightgbm,team_strength + lineup_continuity + recency,2,remove,new_starters,30,0.9439788366006795,False
player_form_lightgbm,team_strength + lineup_continuity + recency,2,add,mid_rating_mean_5,32,0.944047238434186,False
player_form_lightgbm,team_strength + lineup_continuity + recency,2,remove,mean_pairwise_prior_minutes,30,0.944047377986767,False
player_form_lightgbm,team_strength + lineup_continuity + recency,2,add,starters_without_history,32,0.9440494645801492,False
player_form_lightgbm,team_strength + lineup_continuity + recency,2,remove,elo_difference,30,0.9440590981927175,False
player_form_lightgbm,team_strength + lineup_continuity + recency,2,remove,elo_rating,30,0.9440590981927175,False
player_form_lightgbm,team_strength + lineup_continuity + recency,2,add,gk_count,32,0.9440590981927175,False
player_form_lightgbm,team_strength + lineup_continuity + recency,2,add,fwd_count,32,0.9440619835277256,False
player_form_lightgbm,team_strength + lineup_continuity + recency,2,remove,missing_regular_starters,30,0.944102283283181,False
player_form_lightgbm,team_strength + lineup_continuity + recency,2,remove,replacement_quality,30,0.9441029234834795,False
player_form_lightgbm,team_strength + lineup_continuity + recency,2,remove,defensive_actions_per90_lineup_mean_trend_1_5,30,0.94412223846929,False
player_form_lightgbm,team_strength + lineup_continuity + recency,2,add,shots_per90_sum_5,32,0.9441273191811823,False
player_form_lightgbm,team_strength + lineup_continuity + recency,2,add,adjusted_shots_lineup_mean_ewm,32,0.9441399932581593,False
player_form_lightgbm,team_strength + lineup_continuity + recency,2,add,adjusted_shots_lineup_std_across_starters_5,32,0.9441416765978059,False
player_form_lightgbm,team_strength + lineup_continuity + recency,2,remove,elo_expected_result,30,0.9441541033679396,False
player_form_lightgbm,team_strength + lineup_continuity + recency,2,add,rating_lineup_std_across_starters_5,32,0.9441699783552245,False
player_form_lightgbm,team_strength + lineup_continuity + recency,2,add,rating_lineup_min_5,32,0.9441994599143739,False
player_form_lightgbm,team_strength + lineup_continuity + recency,2,add,adjusted_rating_lineup_mean_trend_1_5,32,0.9442001758280238,False
player_form_lightgbm,team_strength + lineup_continuity + recency,2,remove,prior_team_matches,30,0.9442059433711297,False
player_form_lightgbm,team_strength + lineup_continuity + recency,2,remove,defensive_actions_per90_lineup_mean_1,30,0.9442168546652736,False
player_form_lightgbm,team_strength + lineup_continuity + recency,2,remove,rating_lineup_mean_1,30,0.9442415259532391,False
player_form_lightgbm,team_strength + lineup_continuity + recency,2,remove,key_passes_per90_lineup_mean_1,30,0.944244761454407,False
player_form_lightgbm,team_strength + lineup_continuity + recency,2,add,adjusted_defensive_actions_lineup_mean_1,32,0.9442646349111825,False
player_form_lightgbm,team_strength + lineup_continuity + recency,2,add,defensive_actions_per90_sum_5,32,0.9442704149424339,False
player_form_lightgbm,team_strength + lineup_continuity + recency,2,add,rating_lineup_max_5,32,0.9442717028435906,False
player_form_lightgbm,team_strength + lineup_continuity + recency,2,remove,rating_lineup_mean_3,30,0.9442904147618056,False
player_form_lightgbm,team_strength + lineup_continuity + recency,2,add,starters_without_full_window,32,0.944299382971534,False
player_form_lightgbm,team_strength + lineup_continuity + recency,2,add,adjusted_defensive_actions_lineup_mean_trend_1_5,32,0.9443461150789211,False
player_form_lightgbm,team_strength + lineup_continuity + recency,2,add,recent_minutes_sum_5,32,0.9443633703127035,False
player_form_lightgbm,team_strength + lineup_continuity + recency,2,remove,defensive_actions_per90_lineup_mean_ewm,30,0.9443670462999603,False
player_form_lightgbm,team_strength + lineup_continuity + recency,2,add,adjusted_shots_lineup_mean_5,32,0.9443677507329487,False
player_form_lightgbm,team_strength + lineup_continuity + recency,2,add,def_rating_mean_5,32,0.94437866632559,False
player_form_lightgbm,team_strength + lineup_continuity + recency,2,remove,key_passes_per90_lineup_mean_3,30,0.9443854391921775,False
player_form_lightgbm,team_strength + lineup_continuity + recency,2,remove,rating_lineup_mean_ewm,30,0.9444324086854923,False
player_form_lightgbm,team_strength + lineup_continuity + recency,2,add,mid_adjusted_key_passes_5,32,0.9444361158626482,False
player_form_lightgbm,team_strength + lineup_continuity + recency,2,add,adjusted_key_passes_lineup_mean_1,32,0.9444362362942502,False
player_form_lightgbm,team_strength + lineup_continuity + recency,2,add,adjusted_shots_lineup_mean_std_5,32,0.944468645467533,False
player_form_lightgbm,team_strength + lineup_continuity + recency,2,add,adjusted_key_passes_lineup_mean_trend_1_5,32,0.9444719305011137,False
player_form_lightgbm,team_strength + lineup_continuity + recency,2,remove,opponent_elo_rating,30,0.9444811303693381,False
player_form_lightgbm,team_strength + lineup_continuity + recency,2,add,adjusted_key_passes_lineup_mean_ewm,32,0.9444889994278787,False
player_form_lightgbm,team_strength + lineup_continuity + recency,2,add,rating_mean_5,32,0.944504606454798,False
player_form_lightgbm,team_strength + lineup_continuity + recency,2,add,def_count,32,0.9445191625024767,False
player_form_lightgbm,team_strength + lineup_continuity + recency,2,remove,shots_per90_lineup_mean_trend_1_5,30,0.9445511077073818,False
player_form_lightgbm,team_strength + lineup_continuity + recency,2,remove,shots_per90_lineup_mean_3,30,0.9445591207839491,False
player_form_lightgbm,team_strength + lineup_continuity + recency,2,add,adjusted_key_passes_lineup_mean_std_5,32,0.9445602275021319,False
player_form_lightgbm,team_strength + lineup_continuity + recency,2,remove,mean_pairwise_prior_starts,30,0.9445896781665406,False
player_form_lightgbm,team_strength + lineup_continuity + recency,2,add,def_adjusted_defensive_actions_5,32,0.9446032351074131,False
player_form_lightgbm,team_strength + lineup_continuity + recency,2,add,fwd_adjusted_shots_5,32,0.9446134933691019,False
player_form_lightgbm,team_strength + lineup_continuity + recency,2,remove,key_passes_per90_lineup_mean_trend_1_5,30,0.9446165747996234,False
player_form_lightgbm,team_strength + lineup_continuity + recency,2,add,adjusted_rating_lineup_mean_std_5,32,0.9446500742724688,False
player_form_lightgbm,team_strength + lineup_continuity + recency,2,add,adjusted_key_passes_lineup_std_across_starters_5,32,0.9446750112767843,False
player_form_lightgbm,team_strength + lineup_continuity + recency,2,add,key_passes_per90_sum_5,32,0.9446874031218795,False
player_form_lightgbm,team_strength + lineup_continuity + recency,2,add,adjusted_shots_lineup_mean_trend_1_5,32,0.9446917851097533,False
player_form_lightgbm,team_strength + lineup_continuity + recency,2,add,adjusted_shots_lineup_mean_1,32,0.9446967328604836,False
player_form_lightgbm,team_strength + lineup_continuity + recency,2,add,adjusted_key_passes_lineup_mean_3,32,0.9447026683348125,False
player_form_lightgbm,team_strength + lineup_continuity + recency,2,remove,shots_per90_lineup_mean_1,30,0.9447691450247454,False
player_form_lightgbm,team_strength + lineup_continuity + recency,2,add,adjusted_defensive_actions_lineup_std_across_starters_5,32,0.9447816353159426,False
player_form_lightgbm,team_strength + lineup_continuity + recency,2,add,gk_rating_mean_5,32,0.9448188670700508,False
player_form_lightgbm,team_strength + lineup_continuity + recency,2,remove,new_player_pairs,30,0.9448350438405408,False
player_form_lightgbm,team_strength + lineup_continuity + recency,2,add,adjusted_rating_lineup_mean_3,32,0.9449014750854843,False
player_form_lightgbm,team_strength + lineup_continuity + recency,2,add,adjusted_rating_lineup_mean_ewm,32,0.9449634210818937,False
player_form_lightgbm,team_strength + lineup_continuity + recency,2,add,fwd_rating_mean_5,32,0.945009968461243,False
player_form_lightgbm,team_strength + lineup_continuity + recency,2,add,rating_lineup_mean_std_5,32,0.9450553860537407,False
player_form_lightgbm,team_strength + lineup_continuity + recency,2,add,adjusted_defensive_actions_lineup_mean_std_5,32,0.9451503488389145,False
player_form_lightgbm,team_strength + lineup_continuity + recency,2,add,adjusted_rating_lineup_mean_5,32,0.9451518623542126,False
player_form_lightgbm,team_strength + lineup_continuity + recency,2,add,adjusted_key_passes_lineup_mean_5,32,0.9453376462213225,False
player_form_lightgbm,team_strength + lineup_continuity + recency,2,remove,attack_goal_rate_ewm,30,0.945353375148936,False
player_form_lightgbm,team_strength + lineup_continuity + recency,2,remove,key_passes_per90_lineup_mean_ewm,30,0.94580276123957,False
player_form_lightgbm,team_strength + lineup_continuity + recency,2,remove,rating_lineup_mean_trend_1_5,30,0.9458888606751482,False
player_form_lightgbm,team_strength + lineup_continuity + recency,3,add,gk_saves_per90_5,31,0.942760105680569,True
player_form_lightgbm,team_strength + lineup_continuity + recency,3,remove,expected_goals_strength,29,0.9429994129093271,False
player_form_lightgbm,team_strength + lineup_continuity + recency,3,remove,defensive_actions_per90_lineup_mean_3,29,0.9430006790200167,False
player_form_lightgbm,team_strength + lineup_continuity + recency,3,remove,shots_per90_lineup_mean_ewm,29,0.9431202053739556,False
player_form_lightgbm,team_strength + lineup_continuity + recency,3,add,rating_lineup_top3_mean_5,31,0.9432400759345863,False
player_form_lightgbm,team_strength + lineup_continuity + recency,3,add,adjusted_rating_lineup_mean_trend_1_5,31,0.9432475286060468,False
player_form_lightgbm,team_strength + lineup_continuity + recency,3,remove,replacement_quality,29,0.9433102921037799,False
player_form_lightgbm,team_strength + lineup_continuity + recency,3,add,shots_per90_sum_5,31,0.9433517825540323,False
player_form_lightgbm,team_strength + lineup_continuity + recency,3,remove,defensive_actions_per90_lineup_mean_ewm,29,0.9433610674059199,False
player_form_lightgbm,team_strength + lineup_continuity + recency,3,add,adjusted_defensive_actions_lineup_mean_ewm,31,0.9433743145408935,False
player_form_lightgbm,team_strength + lineup_continuity + recency,3,add,defensive_actions_per90_sum_5,31,0.9434016721412511,False
player_form_lightgbm,team_strength + lineup_continuity + recency,3,remove,new_starters,29,0.9434103973832004,False
player_form_lightgbm,team_strength + lineup_continuity + recency,3,remove,mean_pairwise_prior_minutes,29,0.9434527615894591,False
player_form_lightgbm,team_strength + lineup_continuity + recency,3,add,adjusted_defensive_actions_lineup_mean_3,31,0.943467698461824,False
player_form_lightgbm,team_strength + lineup_continuity + recency,3,add,adjusted_rating_lineup_std_across_starters_5,31,0.9434826897120441,False
player_form_lightgbm,team_strength + lineup_continuity + recency,3,add,adjusted_rating_lineup_mean_1,31,0.9434827135610844,False
player_form_lightgbm,team_strength + lineup_continuity + recency,3,remove,elo_difference,29,0.943496778696814,False
player_form_lightgbm,team_strength + lineup_continuity + recency,3,remove,elo_rating,29,0.943496778696814,False
player_form_lightgbm,team_strength + lineup_continuity + recency,3,add,gk_count,31,0.943496778696814,False
player_form_lightgbm,team_strength + lineup_continuity + recency,3,add,mid_count,31,0.9435079909520314,False
player_form_lightgbm,team_strength + lineup_continuity + recency,3,add,rating_lineup_max_5,31,0.9435114488380263,False
player_form_lightgbm,team_strength + lineup_continuity + recency,3,remove,retained_starters,29,0.9435446403699852,False
player_form_lightgbm,team_strength + lineup_continuity + recency,3,add,rating_lineup_min_5,31,0.9435455276506384,False
player_form_lightgbm,team_strength + lineup_continuity + recency,3,add,def_rating_mean_5,31,0.9435619475383332,False
player_form_lightgbm,team_strength + lineup_continuity + recency,3,remove,shots_per90_lineup_mean_3,29,0.9435661464023448,False
player_form_lightgbm,team_strength + lineup_continuity + recency,3,add,adjusted_key_passes_lineup_mean_trend_1_5,31,0.9435672746924384,False
player_form_lightgbm,team_strength + lineup_continuity + recency,3,add,def_count,31,0.9435910718661418,False
player_form_lightgbm,team_strength + lineup_continuity + recency,3,add,rating_lineup_std_across_starters_5,31,0.9436362056597702,False
player_form_lightgbm,team_strength + lineup_continuity + recency,3,add,def_adjusted_defensive_actions_5,31,0.9436512948800605,False
player_form_lightgbm,team_strength + lineup_continuity + recency,3,add,mid_rating_mean_5,31,0.9436529543798645,False
player_form_lightgbm,team_strength + lineup_continuity + recency,3,add,adjusted_shots_lineup_mean_3,31,0.9436720144706773,False
player_form_lightgbm,team_strength + lineup_continuity + recency,3,add,fwd_count,31,0.9436793969746005,False
player_form_lightgbm,team_strength + lineup_continuity + recency,3,remove,elo_expected_result,29,0.9436866613171458,False
player_form_lightgbm,team_strength + lineup_continuity + recency,3,remove,prior_team_matches,29,0.943716649292601,False
player_form_lightgbm,team_strength + lineup_continuity + recency,3,add,starters_without_history,31,0.9437259438195877,False
player_form_lightgbm,team_strength + lineup_continuity + recency,3,remove,rating_lineup_mean_1,29,0.9437419809970435,False
player_form_lightgbm,team_strength + lineup_continuity + recency,3,remove,defensive_actions_per90_lineup_mean_trend_1_5,29,0.9437878472209351,False
player_form_lightgbm,team_strength + lineup_continuity + recency,3,remove,key_passes_per90_lineup_mean_1,29,0.9438006833384991,False
player_form_lightgbm,team_strength + lineup_continuity + recency,3,remove,missing_regular_starters,29,0.9438149032282255,False
player_form_lightgbm,team_strength + lineup_continuity + recency,3,add,adjusted_shots_lineup_std_across_starters_5,31,0.9438170668742621,False
player_form_lightgbm,team_strength + lineup_continuity + recency,3,add,adjusted_key_passes_lineup_std_across_starters_5,31,0.9438612400006796,False
player_form_lightgbm,team_strength + lineup_continuity + recency,3,add,adjusted_shots_lineup_mean_ewm,31,0.943869516067112,False
player_form_lightgbm,team_strength + lineup_continuity + recency,3,add,gk_rating_mean_5,31,0.9438859515811864,False
player_form_lightgbm,team_strength + lineup_continuity + recency,3,add,adjusted_defensive_actions_lineup_std_across_starters_5,31,0.9439186389349914,False
player_form_lightgbm,team_strength + lineup_continuity + recency,3,add,recent_minutes_sum_5,31,0.9439300726036266,False
player_form_lightgbm,team_strength + lineup_continuity + recency,3,add,starters_without_full_window,31,0.9439614147933286,False
player_form_lightgbm,team_strength + lineup_continuity + recency,3,add,adjusted_defensive_actions_lineup_mean_trend_1_5,31,0.9439687880354507,False
player_form_lightgbm,team_strength + lineup_continuity + recency,3,add,adjusted_defensive_actions_lineup_mean_std_5,31,0.9439691849232881,False
player_form_lightgbm,team_strength + lineup_continuity + recency,3,add,mid_adjusted_key_passes_5,31,0.9439816094297402,False
player_form_lightgbm,team_strength + lineup_continuity + recency,3,add,adjusted_key_passes_lineup_mean_1,31,0.9439821720877339,False
player_form_lightgbm,team_strength + lineup_continuity + recency,3,add,adjusted_rating_lineup_mean_3,31,0.9439838381809065,False
player_form_lightgbm,team_strength + lineup_continuity + recency,3,add,adjusted_defensive_actions_lineup_mean_1,31,0.943987120683986,False
player_form_lightgbm,team_strength + lineup_continuity + recency,3,add,key_passes_per90_sum_5,31,0.9439876569631002,False
player_form_lightgbm,team_strength + lineup_continuity + recency,3,remove,rating_lineup_mean_ewm,29,0.9439981516408535,False
player_form_lightgbm,team_strength + lineup_continuity + recency,3,add,rating_mean_5,31,0.9440137159768427,False
player_form_lightgbm,team_strength + lineup_continuity + recency,3,remove,mean_pairwise_prior_starts,29,0.9440216820078696,False
player_form_lightgbm,team_strength + lineup_continuity + recency,3,add,adjusted_shots_lineup_mean_5,31,0.9440328516514528,False
player_form_lightgbm,team_strength + lineup_continuity + recency,3,add,defence_goal_rate_ewm,31,0.9440590981927175,False
player_form_lightgbm,team_strength + lineup_continuity + recency,3,add,adjusted_key_passes_lineup_mean_3,31,0.9440635512213643,False
player_form_lightgbm,team_strength + lineup_continuity + recency,3,remove,key_passes_per90_lineup_mean_3,29,0.9440723975423686,False
player_form_lightgbm,team_strength + lineup_continuity + recency,3,remove,opponent_elo_rating,29,0.9440791203151696,False
player_form_lightgbm,team_strength + lineup_continuity + recency,3,remove,shots_per90_lineup_mean_trend_1_5,29,0.9440995475699164,False
player_form_lightgbm,team_strength + lineup_continuity + recency,3,add,fwd_adjusted_shots_5,31,0.944101286491388,False
player_form_lightgbm,team_strength + lineup_continuity + recency,3,add,adjusted_defensive_actions_lineup_mean_5,31,0.9441027009464721,False
player_form_lightgbm,team_strength + lineup_continuity + recency,3,add,adjusted_rating_lineup_mean_std_5,31,0.9441779850360892,False
player_form_lightgbm,team_strength + lineup_continuity + recency,3,add,rating_lineup_mean_std_5,31,0.9441929924524726,False
player_form_lightgbm,team_strength + lineup_continuity + recency,3,remove,rating_lineup_mean_3,29,0.9442228930919403,False
player_form_lightgbm,team_strength + lineup_continuity + recency,3,add,adjusted_key_passes_lineup_mean_std_5,31,0.9442262648243758,False
player_form_lightgbm,team_strength + lineup_continuity + recency,3,add,adjusted_shots_lineup_mean_1,31,0.9442280059207491,False
player_form_lightgbm,team_strength + lineup_continuity + recency,3,add,adjusted_key_passes_lineup_mean_ewm,31,0.944251025070399,False
player_form_lightgbm,team_strength + lineup_continuity + recency,3,remove,defensive_actions_per90_lineup_mean_1,29,0.9442922705815595,False
player_form_lightgbm,team_strength + lineup_continuity + recency,3,remove,new_player_pairs,29,0.9443696924726049,False
player_form_lightgbm,team_strength + lineup_continuity + recency,3,add,adjusted_rating_lineup_mean_5,31,0.9444480539032849,False
player_form_lightgbm,team_strength + lineup_continuity + recency,3,add,adjusted_shots_lineup_mean_trend_1_5,31,0.944484484610286,False
player_form_lightgbm,team_strength + lineup_continuity + recency,3,remove,key_passes_per90_lineup_mean_trend_1_5,29,0.9445745667160288,False
player_form_lightgbm,team_strength + lineup_continuity + recency,3,add,adjusted_rating_lineup_mean_ewm,31,0.9445780470772847,False
player_form_lightgbm,team_strength + lineup_continuity + recency,3,add,adjusted_key_passes_lineup_mean_5,31,0.944583689946841,False
player_form_lightgbm,team_strength + lineup_continuity + recency,3,add,fwd_rating_mean_5,31,0.9445904505304905,False
player_form_lightgbm,team_strength + lineup_continuity + recency,3,remove,shots_per90_lineup_mean_1,29,0.9447519127155615,False
player_form_lightgbm,team_strength + lineup_continuity + recency,3,add,adjusted_shots_lineup_mean_std_5,31,0.9448828845840972,False
player_form_lightgbm,team_strength + lineup_continuity + recency,3,remove,rating_lineup_mean_trend_1_5,29,0.945130377789948,False
player_form_lightgbm,team_strength + lineup_continuity + recency,3,remove,attack_goal_rate_ewm,29,0.945148268269434,False
player_form_lightgbm,team_strength + lineup_continuity + recency,3,remove,key_passes_per90_lineup_mean_ewm,29,0.9452668070550423,False
player_form_lightgbm,team_strength + lineup_continuity + recency,4,remove,mean_pairwise_prior_minutes,30,0.9423466513463459,False
player_form_lightgbm,team_strength + lineup_continuity + recency,4,add,adjusted_rating_lineup_mean_1,32,0.9424495106639067,False
player_form_lightgbm,team_strength + lineup_continuity + recency,4,add,rating_lineup_min_5,32,0.9424989920104536,False
player_form_lightgbm,team_strength + lineup_continuity + recency,4,remove,retained_starters,30,0.9425051445269599,False
player_form_lightgbm,team_strength + lineup_continuity + recency,4,remove,replacement_quality,30,0.9425373510511448,False
player_form_lightgbm,team_strength + lineup_continuity + recency,4,remove,missing_regular_starters,30,0.9425479518092805,False
player_form_lightgbm,team_strength + lineup_continuity + recency,4,add,starters_without_history,32,0.9426178772999623,False
player_form_lightgbm,team_strength + lineup_continuity + recency,4,add,mid_count,32,0.9426281873343789,False
player_form_lightgbm,team_strength + lineup_continuity + recency,4,remove,defensive_actions_per90_lineup_mean_3,30,0.9426370497554906,False
player_form_lightgbm,team_strength + lineup_continuity + recency,4,add,def_adjusted_defensive_actions_5,32,0.9426427652644602,False
player_form_lightgbm,team_strength + lineup_continuity + recency,4,remove,elo_expected_result,30,0.9426818861271581,False
player_form_lightgbm,team_strength + lineup_continuity + recency,4,remove,new_starters,30,0.9426842102475756,False
player_form_lightgbm,team_strength + lineup_continuity + recency,4,add,rating_lineup_top3_mean_5,32,0.942700667098276,False
player_form_lightgbm,team_strength + lineup_continuity + recency,4,remove,defensive_actions_per90_lineup_mean_ewm,30,0.9427069554151633,False
player_form_lightgbm,team_strength + lineup_continuity + recency,4,add,fwd_count,32,0.9427108013941364,False
player_form_lightgbm,team_strength + lineup_continuity + recency,4,add,fwd_adjusted_shots_5,32,0.9427342068310955,False
player_form_lightgbm,team_strength + lineup_continuity + recency,4,add,defensive_actions_per90_sum_5,32,0.9427347358721219,False
player_form_lightgbm,team_strength + lineup_continuity + recency,4,add,adjusted_defensive_actions_lineup_mean_3,32,0.9427448022102631,False
player_form_lightgbm,team_strength + lineup_continuity + recency,4,remove,elo_rating,30,0.9427584271273904,False
player_form_lightgbm,team_strength + lineup_continuity + recency,4,remove,elo_difference,30,0.942760105680569,False
player_form_lightgbm,team_strength + lineup_continuity + recency,4,add,gk_count,32,0.942760105680569,False
player_form_lightgbm,team_strength + lineup_continuity + recency,4,add,adjusted_defensive_actions_lineup_mean_ewm,32,0.9427650677745558,False
player_form_lightgbm,team_strength + lineup_continuity + recency,4,remove,rating_lineup_mean_1,30,0.9427870874368902,False
player_form_lightgbm,team_strength + lineup_continuity + recency,4,add,rating_lineup_max_5,32,0.9427872389779248,False
player_form_lightgbm,team_strength + lineup_continuity + recency,4,remove,shots_per90_lineup_mean_ewm,30,0.9427966765426548,False
player_form_lightgbm,team_strength + lineup_continuity + recency,4,remove,key_passes_per90_lineup_mean_trend_1_5,30,0.9428512871217216,False
player_form_lightgbm,team_strength + lineup_continuity + recency,4,remove,shots_per90_lineup_mean_3,30,0.9428567287370491,False
player_form_lightgbm,team_strength + lineup_continuity + recency,4,remove,expected_goals_strength,30,0.942881440435754,False
player_form_lightgbm,team_strength + lineup_continuity + recency,4,add,adjusted_defensive_actions_lineup_mean_trend_1_5,32,0.9428837286573508,False
player_form_lightgbm,team_strength + lineup_continuity + recency,4,add,adjusted_rating_lineup_std_across_starters_5,32,0.9429095064305161,False
player_form_lightgbm,team_strength + lineup_continuity + recency,4,add,adjusted_key_passes_lineup_mean_1,32,0.9429613964553274,False
player_form_lightgbm,team_strength + lineup_continuity + recency,4,remove,mean_pairwise_prior_starts,30,0.9430032760821951,False
player_form_lightgbm,team_strength + lineup_continuity + recency,4,add,rating_lineup_std_across_starters_5,32,0.9430084556075791,False
player_form_lightgbm,team_strength + lineup_continuity + recency,4,add,adjusted_shots_lineup_std_across_starters_5,32,0.9430447841989582,False
player_form_lightgbm,team_strength + lineup_continuity + recency,4,remove,defensive_actions_per90_lineup_mean_trend_1_5,30,0.9430560114013877,False
player_form_lightgbm,team_strength + lineup_continuity + recency,4,add,adjusted_key_passes_lineup_mean_trend_1_5,32,0.9430701978930386,False
player_form_lightgbm,team_strength + lineup_continuity + recency,4,remove,opponent_elo_rating,30,0.9430875930949285,False
player_form_lightgbm,team_strength + lineup_continuity + recency,4,add,adjusted_defensive_actions_lineup_mean_5,32,0.9430922839892979,False
player_form_lightgbm,team_strength + lineup_continuity + recency,4,add,starters_without_full_window,32,0.9430960631260294,False
player_form_lightgbm,team_strength + lineup_continuity + recency,4,add,adjusted_shots_lineup_mean_ewm,32,0.9430978026261585,False
player_form_lightgbm,team_strength + lineup_continuity + recency,4,remove,new_player_pairs,30,0.9431199278740183,False
player_form_lightgbm,team_strength + lineup_continuity + recency,4,add,adjusted_key_passes_lineup_mean_std_5,32,0.9431247197268348,False
player_form_lightgbm,team_strength + lineup_continuity + recency,4,add,mid_rating_mean_5,32,0.9431302589799542,False
player_form_lightgbm,team_strength + lineup_continuity + recency,4,add,adjusted_rating_lineup_mean_trend_1_5,32,0.94313034579225,False
player_form_lightgbm,team_strength + lineup_continuity + recency,4,remove,prior_team_matches,30,0.9431367422696748,False
player_form_lightgbm,team_strength + lineup_continuity + recency,4,add,mid_adjusted_key_passes_5,32,0.9431538194586215,False
player_form_lightgbm,team_strength + lineup_continuity + recency,4,remove,shots_per90_lineup_mean_trend_1_5,30,0.9431591982184038,False
player_form_lightgbm,team_strength + lineup_continuity + recency,4,remove,rating_lineup_mean_3,30,0.9431641028516173,False
player_form_lightgbm,team_strength + lineup_continuity + recency,4,add,adjusted_defensive_actions_lineup_mean_1,32,0.9431656530474791,False
player_form_lightgbm,team_strength + lineup_continuity + recency,4,add,shots_per90_sum_5,32,0.9431793600596394,False
player_form_lightgbm,team_strength + lineup_continuity + recency,4,add,def_count,32,0.943188906922371,False
player_form_lightgbm,team_strength + lineup_continuity + recency,4,add,adjusted_defensive_actions_lineup_mean_std_5,32,0.9432014127281039,False
player_form_lightgbm,team_strength + lineup_continuity + recency,4,add,adjusted_key_passes_lineup_std_across_starters_5,32,0.9432171893127623,False
player_form_lightgbm,team_strength + lineup_continuity + recency,4,remove,rating_lineup_mean_ewm,30,0.9432192250409253,False
player_form_lightgbm,team_strength + lineup_continuity + recency,4,add,adjusted_defensive_actions_lineup_std_across_starters_5,32,0.9432249546261434,False
player_form_lightgbm,team_strength + lineup_continuity + recency,4,add,adjusted_shots_lineup_mean_trend_1_5,32,0.9432469213111387,False
player_form_lightgbm,team_strength + lineup_continuity + recency,4,add,adjusted_rating_lineup_mean_std_5,32,0.9432558139933536,False
player_form_lightgbm,team_strength + lineup_continuity + recency,4,add,adjusted_shots_lineup_mean_1,32,0.9432630101453596,False
player_form_lightgbm,team_strength + lineup_continuity + recency,4,remove,defensive_actions_per90_lineup_mean_1,30,0.9432632955594719,False
player_form_lightgbm,team_strength + lineup_continuity + recency,4,add,adjusted_shots_lineup_mean_std_5,32,0.9432695701061925,False
player_form_lightgbm,team_strength + lineup_continuity + recency,4,add,gk_rating_mean_5,32,0.9433126262759943,False
player_form_lightgbm,team_strength + lineup_continuity + recency,4,add,rating_mean_5,32,0.9433134683438331,False
player_form_lightgbm,team_strength + lineup_continuity + recency,4,remove,key_passes_per90_lineup_mean_1,30,0.9433734941667915,False
player_form_lightgbm,team_strength + lineup_continuity + recency,4,add,def_rating_mean_5,32,0.9433829300314905,False
player_form_lightgbm,team_strength + lineup_continuity + recency,4,add,adjusted_key_passes_lineup_mean_ewm,32,0.9434584514870987,False
player_form_lightgbm,team_strength + lineup_continuity + recency,4,add,adjusted_rating_lineup_mean_3,32,0.9434609705890205,False
player_form_lightgbm,team_strength + lineup_continuity + recency,4,remove,gk_saves_per90_5,30,0.943496778696814,False
player_form_lightgbm,team_strength + lineup_continuity + recency,4,remove,shots_per90_lineup_mean_1,30,0.9435435237737569,False
player_form_lightgbm,team_strength + lineup_continuity + recency,4,add,recent_minutes_sum_5,32,0.9435819087919803,False
player_form_lightgbm,team_strength + lineup_continuity + recency,4,add,defence_goal_rate_ewm,32,0.9436006606373577,False
player_form_lightgbm,team_strength + lineup_continuity + recency,4,add,adjusted_rating_lineup_mean_ewm,32,0.9436309672199732,False
player_form_lightgbm,team_strength + lineup_continuity + recency,4,add,adjusted_key_passes_lineup_mean_5,32,0.9436332741924558,False
player_form_lightgbm,team_strength + lineup_continuity + recency,4,add,adjusted_shots_lineup_mean_5,32,0.9436510943832207,False
player_form_lightgbm,team_strength + lineup_continuity + recency,4,add,rating_lineup_mean_std_5,32,0.9437240111888734,False
player_form_lightgbm,team_strength + lineup_continuity + recency,4,add,fwd_rating_mean_5,32,0.943845482646446,False
player_form_lightgbm,team_strength + lineup_continuity + recency,4,add,adjusted_rating_lineup_mean_5,32,0.9439673897491581,False
player_form_lightgbm,team_strength + lineup_continuity + recency,4,remove,key_passes_per90_lineup_mean_3,30,0.94397282263326,False
player_form_lightgbm,team_strength + lineup_continuity + recency,4,add,adjusted_key_passes_lineup_mean_3,32,0.9440935733800341,False
player_form_lightgbm,team_strength + lineup_continuity + recency,4,add,adjusted_shots_lineup_mean_3,32,0.9441048212988887,False
player_form_lightgbm,team_strength + lineup_continuity + recency,4,remove,rating_lineup_mean_trend_1_5,30,0.9443824034062314,False
player_form_lightgbm,team_strength + lineup_continuity + recency,4,add,key_passes_per90_sum_5,32,0.9445038065266809,False
player_form_lightgbm,team_strength + lineup_continuity + recency,4,remove,key_passes_per90_lineup_mean_ewm,30,0.9446329836971162,False
player_form_lightgbm,team_strength + lineup_continuity + recency,4,remove,attack_goal_rate_ewm,30,0.9448905910252998,False
expanded_player_form_lightgbm,team_strength,1,add,key_passes_per90_sum_5,9,0.9415660955272607,True
expanded_player_form_lightgbm,team_strength,1,add,key_passes_per90_lineup_mean_ewm,9,0.9427910096154334,False
expanded_player_form_lightgbm,team_strength,1,add,adjusted_key_passes_lineup_mean_5,9,0.943274132320163,False
expanded_player_form_lightgbm,team_strength,1,add,adjusted_key_passes_lineup_mean_1,9,0.9437680768002064,False
expanded_player_form_lightgbm,team_strength,1,add,key_passes_per90_lineup_mean_3,9,0.9438102835695288,False
expanded_player_form_lightgbm,team_strength,1,add,shots_per90_sum_5,9,0.9444200721609551,False
expanded_player_form_lightgbm,team_strength,1,add,adjusted_key_passes_lineup_mean_std_5,9,0.9444897325115116,False
expanded_player_form_lightgbm,team_strength,1,add,adjusted_key_passes_lineup_mean_ewm,9,0.9447340958929419,False
expanded_player_form_lightgbm,team_strength,1,add,adjusted_shots_lineup_mean_5,9,0.9452370902629996,False
expanded_player_form_lightgbm,team_strength,1,add,adjusted_key_passes_lineup_mean_3,9,0.9454552312390059,False
expanded_player_form_lightgbm,team_strength,1,add,shots_per90_lineup_mean_ewm,9,0.9455484020979346,False
expanded_player_form_lightgbm,team_strength,1,add,mid_adjusted_key_passes_5,9,0.9456617556697082,False
expanded_player_form_lightgbm,team_strength,1,add,adjusted_shots_lineup_mean_ewm,9,0.9456649482346405,False
expanded_player_form_lightgbm,team_strength,1,add,adjusted_key_passes_lineup_std_across_starters_5,9,0.9457161945144781,False
expanded_player_form_lightgbm,team_strength,1,add,def_count,9,0.945941062950391,False
expanded_player_form_lightgbm,team_strength,1,add,starters_without_history,9,0.9460071087500086,False
expanded_player_form_lightgbm,team_strength,1,remove,defence_goal_rate_ewm,7,0.946030618511627,False
expanded_player_form_lightgbm,team_strength,1,remove,elo_difference,7,0.9460667300973458,False
expanded_player_form_lightgbm,team_strength,1,remove,elo_rating,7,0.9461279070280193,False
expanded_player_form_lightgbm,team_strength,1,remove,opponent_elo_rating,7,0.9461279070280193,False
expanded_player_form_lightgbm,team_strength,1,add,gk_count,9,0.9461279070280193,False
expanded_player_form_lightgbm,team_strength,1,add,rating_lineup_mean_trend_1_5,9,0.9462432342538184,False
expanded_player_form_lightgbm,team_strength,1,add,fwd_adjusted_shots_5,9,0.9462441414361602,False
expanded_player_form_lightgbm,team_strength,1,add,key_passes_per90_lineup_mean_1,9,0.9462957322110439,False
expanded_player_form_lightgbm,team_strength,1,add,gk_saves_per90_5,9,0.9463009290099913,False
expanded_player_form_lightgbm,team_strength,1,add,mid_count,9,0.9463009676756247,False
expanded_player_form_lightgbm,team_strength,1,add,fwd_count,9,0.9464490646534508,False
expanded_player_form_lightgbm,team_strength,1,add,def_adjusted_defensive_actions_5,9,0.9464509472091509,False
expanded_player_form_lightgbm,team_strength,1,add,adjusted_rating_lineup_mean_trend_1_5,9,0.9464690165649593,False
expanded_player_form_lightgbm,team_strength,1,remove,elo_expected_result,7,0.9465052104229044,False
expanded_player_form_lightgbm,team_strength,1,add,adjusted_shots_lineup_std_across_starters_5,9,0.946572572052844,False
expanded_player_form_lightgbm,team_strength,1,add,def_rating_mean_5,9,0.9466392364180589,False
expanded_player_form_lightgbm,team_strength,1,add,retained_starters,9,0.9466413426680119,False
expanded_player_form_lightgbm,team_strength,1,add,adjusted_defensive_actions_lineup_mean_1,9,0.9467291214275497,False
expanded_player_form_lightgbm,team_strength,1,add,shots_per90_lineup_mean_3,9,0.9468310666600884,False
expanded_player_form_lightgbm,team_strength,1,add,adjusted_defensive_actions_lineup_mean_trend_1_5,9,0.9468489243526516,False
expanded_player_form_lightgbm,team_strength,1,add,missing_regular_starters,9,0.9469849886414872,False
expanded_player_form_lightgbm,team_strength,1,add,new_starters,9,0.9470037578993037,False
expanded_player_form_lightgbm,team_strength,1,add,adjusted_shots_lineup_mean_1,9,0.9470915117388308,False
expanded_player_form_lightgbm,team_strength,1,add,new_player_pairs,9,0.9471338462005167,False
expanded_player_form_lightgbm,team_strength,1,add,defensive_actions_per90_lineup_mean_1,9,0.9471568330335236,False
expanded_player_form_lightgbm,team_strength,1,remove,expected_goals_strength,7,0.9471719732659076,False
expanded_player_form_lightgbm,team_strength,1,add,fwd_rating_mean_5,9,0.9472345391661363,False
expanded_player_form_lightgbm,team_strength,1,add,adjusted_defensive_actions_lineup_mean_3,9,0.9472721262473536,False
expanded_player_form_lightgbm,team_strength,1,add,defensive_actions_per90_sum_5,9,0.9473101538850456,False
expanded_player_form_lightgbm,team_strength,1,add,defensive_actions_per90_lineup_mean_3,9,0.947313262445274,False
expanded_player_form_lightgbm,team_strength,1,add,rating_lineup_std_across_starters_5,9,0.9473140601557546,False
expanded_player_form_lightgbm,team_strength,1,add,rating_lineup_mean_ewm,9,0.9473938932516142,False
expanded_player_form_lightgbm,team_strength,1,add,adjusted_rating_lineup_mean_1,9,0.9474441970540028,False
expanded_player_form_lightgbm,team_strength,1,add,defensive_actions_per90_lineup_mean_ewm,9,0.9474618769477613,False
expanded_player_form_lightgbm,team_strength,1,add,adjusted_shots_lineup_mean_std_5,9,0.9475041584759685,False
expanded_player_form_lightgbm,team_strength,1,add,recent_minutes_sum_5,9,0.9475146946224846,False
expanded_player_form_lightgbm,team_strength,1,add,mid_rating_mean_5,9,0.9475307484663529,False
expanded_player_form_lightgbm,team_strength,1,add,adjusted_defensive_actions_lineup_mean_ewm,9,0.9475413206679677,False
expanded_player_form_lightgbm,team_strength,1,add,adjusted_shots_lineup_mean_3,9,0.9475514596179728,False
expanded_player_form_lightgbm,team_strength,1,add,adjusted_defensive_actions_lineup_mean_5,9,0.9475571490629828,False
expanded_player_form_lightgbm,team_strength,1,add,shots_per90_lineup_mean_trend_1_5,9,0.9476192078288554,False
expanded_player_form_lightgbm,team_strength,1,add,defensive_actions_per90_lineup_mean_trend_1_5,9,0.9476647803225596,False
expanded_player_form_lightgbm,team_strength,1,add,rating_lineup_max_5,9,0.9477112933044285,False
expanded_player_form_lightgbm,team_strength,1,add,adjusted_defensive_actions_lineup_std_across_starters_5,9,0.9477402947719379,False
expanded_player_form_lightgbm,team_strength,1,add,adjusted_rating_lineup_mean_ewm,9,0.9477669299320474,False
expanded_player_form_lightgbm,team_strength,1,add,rating_lineup_min_5,9,0.9478052342693515,False
expanded_player_form_lightgbm,team_strength,1,add,adjusted_rating_lineup_mean_5,9,0.9478125212664092,False
expanded_player_form_lightgbm,team_strength,1,add,rating_lineup_mean_std_5,9,0.9478174422983017,False
expanded_player_form_lightgbm,team_strength,1,add,adjusted_rating_lineup_mean_3,9,0.947850357593166,False
expanded_player_form_lightgbm,team_strength,1,add,starters_without_full_window,9,0.9478836715194203,False
expanded_player_form_lightgbm,team_strength,1,add,rating_lineup_mean_1,9,0.9479346901749075,False
expanded_player_form_lightgbm,team_strength,1,add,replacement_quality,9,0.9479418647039153,False
expanded_player_form_lightgbm,team_strength,1,add,adjusted_defensive_actions_lineup_mean_std_5,9,0.9479854091051219,False
expanded_player_form_lightgbm,team_strength,1,add,shots_per90_lineup_mean_1,9,0.9480474762783012,False
expanded_player_form_lightgbm,team_strength,1,add,key_passes_per90_lineup_mean_trend_1_5,9,0.9480764992013511,False
expanded_player_form_lightgbm,team_strength,1,remove,attack_goal_rate_ewm,7,0.9481367027573688,False
expanded_player_form_lightgbm,team_strength,1,add,rating_lineup_mean_3,9,0.948232128542872,False
expanded_player_form_lightgbm,team_strength,1,add,adjusted_shots_lineup_mean_trend_1_5,9,0.9482508869854669,False
expanded_player_form_lightgbm,team_strength,1,add,rating_lineup_top3_mean_5,9,0.9484321861930782,False
expanded_player_form_lightgbm,team_strength,1,add,adjusted_key_passes_lineup_mean_trend_1_5,9,0.9484865455205607,False
expanded_player_form_lightgbm,team_strength,1,add,rating_mean_5,9,0.9485496443218902,False
expanded_player_form_lightgbm,team_strength,1,add,mean_pairwise_prior_starts,9,0.948575908668876,False
expanded_player_form_lightgbm,team_strength,1,add,adjusted_rating_lineup_mean_std_5,9,0.9490303591915106,False
expanded_player_form_lightgbm,team_strength,1,add,adjusted_rating_lineup_std_across_starters_5,9,0.9491117380540286,False
expanded_player_form_lightgbm,team_strength,1,add,mean_pairwise_prior_minutes,9,0.9492214190965302,False
expanded_player_form_lightgbm,team_strength,1,add,gk_rating_mean_5,9,0.9492912541363749,False
expanded_player_form_lightgbm,team_strength,1,remove,prior_team_matches,7,0.9496909561611073,False
expanded_player_form_lightgbm,team_strength,2,add,adjusted_key_passes_lineup_mean_1,10,0.9409560219243596,True
expanded_player_form_lightgbm,team_strength,2,add,adjusted_defensive_actions_lineup_mean_trend_1_5,10,0.9409671747516786,False
expanded_player_form_lightgbm,team_strength,2,remove,defence_goal_rate_ewm,8,0.941019204176315,False
expanded_player_form_lightgbm,team_strength,2,add,gk_saves_per90_5,10,0.9410773720704738,False
expanded_player_form_lightgbm,team_strength,2,add,adjusted_key_passes_lineup_mean_ewm,10,0.941121088553732,False
expanded_player_form_lightgbm,team_strength,2,add,adjusted_key_passes_lineup_mean_std_5,10,0.9411272784893465,False
expanded_player_form_lightgbm,team_strength,2,add,adjusted_rating_lineup_mean_trend_1_5,10,0.9413410520350923,False
expanded_player_form_lightgbm,team_strength,2,add,def_count,10,0.9414178339385195,False
expanded_player_form_lightgbm,team_strength,2,add,defensive_actions_per90_lineup_mean_trend_1_5,10,0.9414187264981769,False
expanded_player_form_lightgbm,team_strength,2,add,new_player_pairs,10,0.9414271061940261,False
expanded_player_form_lightgbm,team_strength,2,add,rating_lineup_std_across_starters_5,10,0.9415222227411064,False
expanded_player_form_lightgbm,team_strength,2,add,starters_without_history,10,0.9415475873560202,False
expanded_player_form_lightgbm,team_strength,2,add,key_passes_per90_lineup_mean_1,10,0.9415650407093488,False
expanded_player_form_lightgbm,team_strength,2,remove,elo_rating,8,0.9415660955272607,False
expanded_player_form_lightgbm,team_strength,2,remove,opponent_elo_rating,8,0.9415660955272607,False
expanded_player_form_lightgbm,team_strength,2,add,gk_count,10,0.9415660955272607,False
expanded_player_form_lightgbm,team_strength,2,add,adjusted_rating_lineup_mean_1,10,0.9415773369394109,False
expanded_player_form_lightgbm,team_strength,2,add,adjusted_shots_lineup_mean_1,10,0.9416488341790099,False
expanded_player_form_lightgbm,team_strength,2,add,shots_per90_sum_5,10,0.941670408632254,False
expanded_player_form_lightgbm,team_strength,2,add,shots_per90_lineup_mean_ewm,10,0.9416712459617856,False
expanded_player_form_lightgbm,team_strength,2,add,fwd_count,10,0.9416899945905322,False
expanded_player_form_lightgbm,team_strength,2,add,adjusted_defensive_actions_lineup_mean_3,10,0.9416938851704095,False
expanded_player_form_lightgbm,team_strength,2,remove,elo_difference,8,0.9417025362765296,False
expanded_player_form_lightgbm,team_strength,2,add,mid_count,10,0.9417103837061569,False
expanded_player_form_lightgbm,team_strength,2,add,adjusted_defensive_actions_lineup_mean_1,10,0.941714134188949,False
expanded_player_form_lightgbm,team_strength,2,add,adjusted_shots_lineup_mean_5,10,0.9417479980169449,False
expanded_player_form_lightgbm,team_strength,2,add,defensive_actions_per90_lineup_mean_3,10,0.9418015082442777,False
expanded_player_form_lightgbm,team_strength,2,add,adjusted_key_passes_lineup_mean_5,10,0.9418115036267148,False
expanded_player_form_lightgbm,team_strength,2,add,adjusted_key_passes_lineup_mean_3,10,0.9418311227589546,False
expanded_player_form_lightgbm,team_strength,2,add,rating_lineup_max_5,10,0.9418363607347278,False
expanded_player_form_lightgbm,team_strength,2,remove,elo_expected_result,8,0.9418616168983659,False
expanded_player_form_lightgbm,team_strength,2,add,rating_lineup_mean_trend_1_5,10,0.9418768131344608,False
expanded_player_form_lightgbm,team_strength,2,add,adjusted_rating_lineup_mean_5,10,0.9418970940954101,False
expanded_player_form_lightgbm,team_strength,2,add,key_passes_per90_lineup_mean_3,10,0.9418980906627513,False
expanded_player_form_lightgbm,team_strength,2,add,new_starters,10,0.9419194746282966,False
expanded_player_form_lightgbm,team_strength,2,add,missing_regular_starters,10,0.9419780886138089,False
expanded_player_form_lightgbm,team_strength,2,add,rating_lineup_min_5,10,0.9420016136325251,False
expanded_player_form_lightgbm,team_strength,2,remove,attack_goal_rate_ewm,8,0.942022715883567,False
expanded_player_form_lightgbm,team_strength,2,add,mid_adjusted_key_passes_5,10,0.9420564931714587,False
expanded_player_form_lightgbm,team_strength,2,add,key_passes_per90_lineup_mean_trend_1_5,10,0.9420661430009747,False
expanded_player_form_lightgbm,team_strength,2,remove,expected_goals_strength,8,0.9420670544290475,False
expanded_player_form_lightgbm,team_strength,2,add,def_adjusted_defensive_actions_5,10,0.9421254274824422,False
expanded_player_form_lightgbm,team_strength,2,add,fwd_rating_mean_5,10,0.9421262188431436,False
expanded_player_form_lightgbm,team_strength,2,add,retained_starters,10,0.9421383969053179,False
expanded_player_form_lightgbm,team_strength,2,add,shots_per90_lineup_mean_1,10,0.9421627298201384,False
expanded_player_form_lightgbm,team_strength,2,add,rating_lineup_top3_mean_5,10,0.9421669581941579,False
expanded_player_form_lightgbm,team_strength,2,add,fwd_adjusted_shots_5,10,0.9421926241137495,False
expanded_player_form_lightgbm,team_strength,2,add,adjusted_shots_lineup_std_across_starters_5,10,0.9421943719362837,False
expanded_player_form_lightgbm,team_strength,2,add,adjusted_rating_lineup_mean_ewm,10,0.9422074996680811,False
expanded_player_form_lightgbm,team_strength,2,add,adjusted_key_passes_lineup_std_across_starters_5,10,0.9422569493366023,False
expanded_player_form_lightgbm,team_strength,2,add,adjusted_rating_lineup_mean_3,10,0.9422664317078123,False
expanded_player_form_lightgbm,team_strength,2,add,key_passes_per90_lineup_mean_ewm,10,0.9422674680910539,False
expanded_player_form_lightgbm,team_strength,2,add,adjusted_rating_lineup_std_across_starters_5,10,0.9423526226837566,False
expanded_player_form_lightgbm,team_strength,2,add,defensive_actions_per90_lineup_mean_1,10,0.9423560494569884,False
expanded_player_form_lightgbm,team_strength,2,add,adjusted_shots_lineup_mean_3,10,0.9423708274110774,False
expanded_player_form_lightgbm,team_strength,2,add,rating_lineup_mean_1,10,0.9423803940335265,False
expanded_player_form_lightgbm,team_strength,2,add,adjusted_defensive_actions_lineup_mean_std_5,10,0.9424230316002558,False
expanded_player_form_lightgbm,team_strength,2,add,def_rating_mean_5,10,0.9424417951455097,False
expanded_player_form_lightgbm,team_strength,2,add,adjusted_shots_lineup_mean_ewm,10,0.9424606974769281,False
expanded_player_form_lightgbm,team_strength,2,add,mid_rating_mean_5,10,0.9425160547034258,False
expanded_player_form_lightgbm,team_strength,2,add,adjusted_defensive_actions_lineup_std_across_starters_5,10,0.9425328270875817,False
expanded_player_form_lightgbm,team_strength,2,add,shots_per90_lineup_mean_3,10,0.9426176761347584,False
expanded_player_form_lightgbm,team_strength,2,add,adjusted_defensive_actions_lineup_mean_ewm,10,0.9426844265741461,False
expanded_player_form_lightgbm,team_strength,2,add,rating_lineup_mean_std_5,10,0.9427075752755338,False
expanded_player_form_lightgbm,team_strength,2,add,shots_per90_lineup_mean_trend_1_5,10,0.9427111853984451,False
expanded_player_form_lightgbm,team_strength,2,add,adjusted_shots_lineup_mean_std_5,10,0.9427516652882095,False
expanded_player_form_lightgbm,team_strength,2,add,replacement_quality,10,0.9428256242645467,False
expanded_player_form_lightgbm,team_strength,2,add,rating_lineup_mean_ewm,10,0.9428527919946418,False
expanded_player_form_lightgbm,team_strength,2,add,adjusted_key_passes_lineup_mean_trend_1_5,10,0.942909773302142,False
expanded_player_form_lightgbm,team_strength,2,add,rating_lineup_mean_3,10,0.9429592430389715,False
expanded_player_form_lightgbm,team_strength,2,add,adjusted_defensive_actions_lineup_mean_5,10,0.9429823952391971,False
expanded_player_form_lightgbm,team_strength,2,add,recent_minutes_sum_5,10,0.9430994358760749,False
expanded_player_form_lightgbm,team_strength,2,add,adjusted_shots_lineup_mean_trend_1_5,10,0.9431421283039249,False
expanded_player_form_lightgbm,team_strength,2,add,defensive_actions_per90_sum_5,10,0.9432060552987755,False
expanded_player_form_lightgbm,team_strength,2,add,starters_without_full_window,10,0.9433215498448475,False
expanded_player_form_lightgbm,team_strength,2,add,defensive_actions_per90_lineup_mean_ewm,10,0.943446284938662,False
expanded_player_form_lightgbm,team_strength,2,remove,prior_team_matches,8,0.9434797273224775,False
expanded_player_form_lightgbm,team_strength,2,add,mean_pairwise_prior_minutes,10,0.9435905150869239,False
expanded_player_form_lightgbm,team_strength,2,add,mean_pairwise_prior_starts,10,0.943713332291882,False
expanded_player_form_lightgbm,team_strength,2,add,rating_mean_5,10,0.9438086949937056,False
expanded_player_form_lightgbm,team_strength,2,add,adjusted_rating_lineup_mean_std_5,10,0.9438987067744244,False
expanded_player_form_lightgbm,team_strength,2,add,gk_rating_mean_5,10,0.9444575035870468,False
expanded_player_form_lightgbm,team_strength,2,remove,key_passes_per90_sum_5,8,0.9461279070280193,False
expanded_player_form_lightgbm,team_strength,3,remove,defence_goal_rate_ewm,9,0.939919303276425,True
expanded_player_form_lightgbm,team_strength,3,add,adjusted_defensive_actions_lineup_mean_trend_1_5,11,0.9400518482109251,False
expanded_player_form_lightgbm,team_strength,3,add,gk_saves_per90_5,11,0.9402303507288704,False
expanded_player_form_lightgbm,team_strength,3,add,adjusted_rating_lineup_mean_trend_1_5,11,0.9402548465099198,False
expanded_player_form_lightgbm,team_strength,3,add,adjusted_key_passes_lineup_mean_3,11,0.9403052324389796,False
expanded_player_form_lightgbm,team_strength,3,add,key_passes_per90_lineup_mean_3,11,0.9403078930085127,False
expanded_player_form_lightgbm,team_strength,3,add,adjusted_key_passes_lineup_mean_ewm,11,0.9404377420119165,False
expanded_player_form_lightgbm,team_strength,3,add,key_passes_per90_lineup_mean_1,11,0.940489920984918,False
expanded_player_form_lightgbm,team_strength,3,add,rating_lineup_max_5,11,0.9405047743853234,False
expanded_player_form_lightgbm,team_strength,3,add,mid_rating_mean_5,11,0.9405677000266084,False
expanded_player_form_lightgbm,team_strength,3,add,adjusted_defensive_actions_lineup_mean_3,11,0.9405885184600589,False
expanded_player_form_lightgbm,team_strength,3,add,new_player_pairs,11,0.940633268444999,False
expanded_player_form_lightgbm,team_strength,3,add,def_count,11,0.9406338111289783,False
expanded_player_form_lightgbm,team_strength,3,add,retained_starters,11,0.9407576681616143,False
expanded_player_form_lightgbm,team_strength,3,add,fwd_count,11,0.940824393685133,False
expanded_player_form_lightgbm,team_strength,3,add,adjusted_shots_lineup_mean_5,11,0.9408561341398856,False
expanded_player_form_lightgbm,team_strength,3,add,defensive_actions_per90_lineup_mean_3,11,0.9409306573439167,False
expanded_player_form_lightgbm,team_strength,3,add,shots_per90_lineup_mean_ewm,11,0.9409330631568946,False
expanded_player_form_lightgbm,team_strength,3,add,adjusted_key_passes_lineup_mean_5,11,0.94093386979666,False
expanded_player_form_lightgbm,team_strength,3,add,adjusted_rating_lineup_mean_5,11,0.9409448370201094,False
expanded_player_form_lightgbm,team_strength,3,remove,elo_rating,9,0.9409560219243596,False
expanded_player_form_lightgbm,team_strength,3,remove,opponent_elo_rating,9,0.9409560219243596,False
expanded_player_form_lightgbm,team_strength,3,add,gk_count,11,0.9409560219243596,False
expanded_player_form_lightgbm,team_strength,3,add,adjusted_shots_lineup_std_across_starters_5,11,0.9409584213435371,False
expanded_player_form_lightgbm,team_strength,3,add,starters_without_history,11,0.9409702639017026,False
expanded_player_form_lightgbm,team_strength,3,add,rating_lineup_mean_trend_1_5,11,0.9409835564259845,False
expanded_player_form_lightgbm,team_strength,3,add,rating_lineup_std_across_starters_5,11,0.9409844715355503,False
expanded_player_form_lightgbm,team_strength,3,add,adjusted_defensive_actions_lineup_std_across_starters_5,11,0.9410005647052724,False
expanded_player_form_lightgbm,team_strength,3,add,rating_lineup_top3_mean_5,11,0.9410388223116133,False
expanded_player_form_lightgbm,team_strength,3,add,rating_lineup_min_5,11,0.9410399606553739,False
expanded_player_form_lightgbm,team_strength,3,add,fwd_rating_mean_5,11,0.9410477576304468,False
expanded_player_form_lightgbm,team_strength,3,add,rating_lineup_mean_std_5,11,0.9410579267147399,False
expanded_player_form_lightgbm,team_strength,3,add,adjusted_defensive_actions_lineup_mean_1,11,0.9410636005020265,False
expanded_player_form_lightgbm,team_strength,3,add,adjusted_rating_lineup_mean_1,11,0.9410733904070325,False
expanded_player_form_lightgbm,team_strength,3,add,missing_regular_starters,11,0.9410832411595842,False
expanded_player_form_lightgbm,team_strength,3,add,adjusted_key_passes_lineup_mean_std_5,11,0.9411243716386944,False
expanded_player_form_lightgbm,team_strength,3,add,shots_per90_sum_5,11,0.9411245469177976,False
expanded_player_form_lightgbm,team_strength,3,remove,expected_goals_strength,9,0.941145404811346,False
expanded_player_form_lightgbm,team_strength,3,add,adjusted_shots_lineup_mean_1,11,0.941151448914089,False
expanded_player_form_lightgbm,team_strength,3,add,defensive_actions_per90_lineup_mean_trend_1_5,11,0.9411792080703351,False
expanded_player_form_lightgbm,team_strength,3,remove,elo_difference,9,0.9411850220869211,False
expanded_player_form_lightgbm,team_strength,3,add,adjusted_rating_lineup_mean_3,11,0.9412241744801193,False
expanded_player_form_lightgbm,team_strength,3,remove,elo_expected_result,9,0.9412306305412731,False
expanded_player_form_lightgbm,team_strength,3,add,adjusted_defensive_actions_lineup_mean_ewm,11,0.941258980524401,False
expanded_player_form_lightgbm,team_strength,3,add,key_passes_per90_lineup_mean_trend_1_5,11,0.941326042788452,False
expanded_player_form_lightgbm,team_strength,3,add,adjusted_shots_lineup_mean_std_5,11,0.941329041999643,False
expanded_player_form_lightgbm,team_strength,3,add,adjusted_rating_lineup_std_across_starters_5,11,0.9413404860053991,False
expanded_player_form_lightgbm,team_strength,3,add,adjusted_key_passes_lineup_std_across_starters_5,11,0.9413889942525944,False
expanded_player_form_lightgbm,team_strength,3,add,key_passes_per90_lineup_mean_ewm,11,0.9414151506812674,False
expanded_player_form_lightgbm,team_strength,3,add,new_starters,11,0.9414260091288089,False
expanded_player_form_lightgbm,team_strength,3,add,defensive_actions_per90_lineup_mean_1,11,0.941439038059037,False
expanded_player_form_lightgbm,team_strength,3,remove,attack_goal_rate_ewm,9,0.9414989430791068,False
expanded_player_form_lightgbm,team_strength,3,add,mid_count,11,0.9415260474798277,False
expanded_player_form_lightgbm,team_strength,3,add,recent_minutes_sum_5,11,0.9415313069951916,False
expanded_player_form_lightgbm,team_strength,3,add,adjusted_defensive_actions_lineup_mean_std_5,11,0.9415348542562922,False
expanded_player_form_lightgbm,team_strength,3,add,shots_per90_lineup_mean_1,11,0.9415580106800078,False
expanded_player_form_lightgbm,team_strength,3,add,adjusted_rating_lineup_mean_ewm,11,0.9415619422441013,False
expanded_player_form_lightgbm,team_strength,3,remove,adjusted_key_passes_lineup_mean_1,9,0.9415660955272607,False
expanded_player_form_lightgbm,team_strength,3,add,shots_per90_lineup_mean_trend_1_5,11,0.9415908530228814,False
expanded_player_form_lightgbm,team_strength,3,add,adjusted_shots_lineup_mean_ewm,11,0.9416215596735542,False
expanded_player_form_lightgbm,team_strength,3,add,rating_lineup_mean_1,11,0.9416420604294462,False
expanded_player_form_lightgbm,team_strength,3,add,mid_adjusted_key_passes_5,11,0.9416429114113034,False
expanded_player_form_lightgbm,team_strength,3,add,def_adjusted_defensive_actions_5,11,0.9417124321305617,False
expanded_player_form_lightgbm,team_strength,3,add,fwd_adjusted_shots_5,11,0.9417361305141556,False
expanded_player_form_lightgbm,team_strength,3,add,replacement_quality,11,0.9417405259642624,False
expanded_player_form_lightgbm,team_strength,3,add,adjusted_shots_lineup_mean_3,11,0.9417618869968256,False
expanded_player_form_lightgbm,team_strength,3,add,defensive_actions_per90_lineup_mean_ewm,11,0.9418164777445085,False
expanded_player_form_lightgbm,team_strength,3,add,def_rating_mean_5,11,0.9418208365712405,False
expanded_player_form_lightgbm,team_strength,3,add,rating_mean_5,11,0.941838315404658,False
expanded_player_form_lightgbm,team_strength,3,add,rating_lineup_mean_ewm,11,0.9418755888013528,False
expanded_player_form_lightgbm,team_strength,3,add,defensive_actions_per90_sum_5,11,0.9418910102707161,False
expanded_player_form_lightgbm,team_strength,3,add,shots_per90_lineup_mean_3,11,0.9420762404530882,False
expanded_player_form_lightgbm,team_strength,3,add,adjusted_defensive_actions_lineup_mean_5,11,0.9420779405482459,False
expanded_player_form_lightgbm,team_strength,3,add,adjusted_key_passes_lineup_mean_trend_1_5,11,0.9421014888481161,False
expanded_player_form_lightgbm,team_strength,3,add,rating_lineup_mean_3,11,0.9421661576331222,False
expanded_player_form_lightgbm,team_strength,3,add,adjusted_rating_lineup_mean_std_5,11,0.9423068446270176,False
expanded_player_form_lightgbm,team_strength,3,remove,prior_team_matches,9,0.9423941186981725,False
expanded_player_form_lightgbm,team_strength,3,add,mean_pairwise_prior_starts,11,0.9427029109640763,False
expanded_player_form_lightgbm,team_strength,3,add,starters_without_full_window,11,0.9427673319907584,False
expanded_player_form_lightgbm,team_strength,3,add,mean_pairwise_prior_minutes,11,0.9427803861530211,False
expanded_player_form_lightgbm,team_strength,3,add,adjusted_shots_lineup_mean_trend_1_5,11,0.9430741105537195,False
expanded_player_form_lightgbm,team_strength,3,add,gk_rating_mean_5,11,0.9431281383373824,False
expanded_player_form_lightgbm,team_strength,3,remove,key_passes_per90_sum_5,9,0.9437680768002064,False
expanded_player_form_lightgbm,team_strength,4,add,gk_saves_per90_5,10,0.9393832397006006,True
expanded_player_form_lightgbm,team_strength,4,add,rating_lineup_min_5,10,0.9393932641926876,False
expanded_player_form_lightgbm,team_strength,4,add,mid_rating_mean_5,10,0.9394052221275339,False
expanded_player_form_lightgbm,team_strength,4,add,adjusted_key_passes_lineup_mean_ewm,10,0.9394448188729946,False
expanded_player_form_lightgbm,team_strength,4,add,rating_lineup_max_5,10,0.9394796060661725,False
expanded_player_form_lightgbm,team_strength,4,add,shots_per90_sum_5,10,0.9395212295854452,False
expanded_player_form_lightgbm,team_strength,4,add,missing_regular_starters,10,0.9395322453421437,False
expanded_player_form_lightgbm,team_strength,4,add,new_player_pairs,10,0.9395351540728583,False
expanded_player_form_lightgbm,team_strength,4,add,retained_starters,10,0.9397066410142761,False
expanded_player_form_lightgbm,team_strength,4,add,adjusted_key_passes_lineup_mean_5,10,0.939733632441978,False
expanded_player_form_lightgbm,team_strength,4,add,adjusted_rating_lineup_mean_trend_1_5,10,0.9397547012805219,False
expanded_player_form_lightgbm,team_strength,4,add,key_passes_per90_lineup_mean_3,10,0.9398103269808216,False
expanded_player_form_lightgbm,team_strength,4,add,adjusted_rating_lineup_mean_1,10,0.9398237594378016,False
expanded_player_form_lightgbm,team_strength,4,add,adjusted_key_passes_lineup_mean_3,10,0.9398303406401384,False
expanded_player_form_lightgbm,team_strength,4,add,key_passes_per90_lineup_mean_1,10,0.9398342291955686,False
expanded_player_form_lightgbm,team_strength,4,add,def_count,10,0.939855510147289,False
expanded_player_form_lightgbm,team_strength,4,add,fwd_rating_mean_5,10,0.939910499661091,False
expanded_player_form_lightgbm,team_strength,4,remove,elo_rating,8,0.939919303276425,False
expanded_player_form_lightgbm,team_strength,4,remove,opponent_elo_rating,8,0.939919303276425,False
expanded_player_form_lightgbm,team_strength,4,add,gk_count,10,0.939919303276425,False
expanded_player_form_lightgbm,team_strength,4,add,starters_without_history,10,0.9399884401357967,False
expanded_player_form_lightgbm,team_strength,4,add,rating_lineup_std_across_starters_5,10,0.9400025050339507,False
expanded_player_form_lightgbm,team_strength,4,add,mid_count,10,0.9400080134226486,False
expanded_player_form_lightgbm,team_strength,4,add,adjusted_shots_lineup_mean_1,10,0.9400097903002453,False
expanded_player_form_lightgbm,team_strength,4,remove,elo_expected_result,8,0.940012155731994,False
expanded_player_form_lightgbm,team_strength,4,add,fwd_count,10,0.9400369388421413,False
expanded_player_form_lightgbm,team_strength,4,remove,attack_goal_rate_ewm,8,0.9400859422195331,False
expanded_player_form_lightgbm,team_strength,4,remove,expected_goals_strength,8,0.9400967495671586,False
expanded_player_form_lightgbm,team_strength,4,add,shots_per90_lineup_mean_1,10,0.9401596846388318,False
expanded_player_form_lightgbm,team_strength,4,add,rating_lineup_mean_1,10,0.9401731458157189,False
expanded_player_form_lightgbm,team_strength,4,add,adjusted_shots_lineup_std_across_starters_5,10,0.9401737941535826,False
expanded_player_form_lightgbm,team_strength,4,add,new_starters,10,0.9401784065764007,False
expanded_player_form_lightgbm,team_strength,4,add,adjusted_defensive_actions_lineup_std_across_starters_5,10,0.9401809523873172,False
expanded_player_form_lightgbm,team_strength,4,add,adjusted_rating_lineup_std_across_starters_5,10,0.9401967077738225,False
expanded_player_form_lightgbm,team_strength,4,add,adjusted_shots_lineup_mean_5,10,0.9402203634874011,False
expanded_player_form_lightgbm,team_strength,4,add,adjusted_defensive_actions_lineup_mean_3,10,0.9402257359512347,False
expanded_player_form_lightgbm,team_strength,4,add,adjusted_key_passes_lineup_mean_std_5,10,0.9402294664582015,False
expanded_player_form_lightgbm,team_strength,4,add,def_adjusted_defensive_actions_5,10,0.9402640267876863,False
expanded_player_form_lightgbm,team_strength,4,add,shots_per90_lineup_mean_trend_1_5,10,0.9403047987147977,False
expanded_player_form_lightgbm,team_strength,4,add,rating_lineup_mean_ewm,10,0.9403064578743752,False
expanded_player_form_lightgbm,team_strength,4,add,rating_lineup_top3_mean_5,10,0.9403211672338805,False
expanded_player_form_lightgbm,team_strength,4,add,defensive_actions_per90_lineup_mean_3,10,0.9403556830682132,False
expanded_player_form_lightgbm,team_strength,4,add,defensive_actions_per90_lineup_mean_trend_1_5,10,0.9403579583715251,False
expanded_player_form_lightgbm,team_strength,4,remove,elo_difference,8,0.9403596410328889,False
expanded_player_form_lightgbm,team_strength,4,add,adjusted_key_passes_lineup_std_across_starters_5,10,0.9404150799244586,False
expanded_player_form_lightgbm,team_strength,4,add,adjusted_shots_lineup_mean_std_5,10,0.9404313420605506,False
expanded_player_form_lightgbm,team_strength,4,add,rating_lineup_mean_std_5,10,0.9404341357708113,False
expanded_player_form_lightgbm,team_strength,4,add,shots_per90_lineup_mean_ewm,10,0.9404770624584324,False
expanded_player_form_lightgbm,team_strength,4,add,adjusted_defensive_actions_lineup_mean_5,10,0.9405197020064728,False
expanded_player_form_lightgbm,team_strength,4,add,replacement_quality,10,0.9405503272726894,False
expanded_player_form_lightgbm,team_strength,4,add,key_passes_per90_lineup_mean_trend_1_5,10,0.9406012174392886,False
expanded_player_form_lightgbm,team_strength,4,add,adjusted_shots_lineup_mean_ewm,10,0.9406177212727003,False
expanded_player_form_lightgbm,team_strength,4,add,rating_lineup_mean_trend_1_5,10,0.940634350792934,False
expanded_player_form_lightgbm,team_strength,4,add,adjusted_defensive_actions_lineup_mean_trend_1_5,10,0.9406528065516955,False
expanded_player_form_lightgbm,team_strength,4,add,recent_minutes_sum_5,10,0.9406618843374862,False
expanded_player_form_lightgbm,team_strength,4,add,adjusted_rating_lineup_mean_5,10,0.9406695873444505,False
expanded_player_form_lightgbm,team_strength,4,add,defensive_actions_per90_lineup_mean_ewm,10,0.9406828906972362,False
expanded_player_form_lightgbm,team_strength,4,add,fwd_adjusted_shots_5,10,0.9406893270043357,False
expanded_player_form_lightgbm,team_strength,4,add,adjusted_defensive_actions_lineup_mean_ewm,10,0.9407235409265935,False
expanded_player_form_lightgbm,team_strength,4,add,def_rating_mean_5,10,0.9407431030363147,False
expanded_player_form_lightgbm,team_strength,4,add,key_passes_per90_lineup_mean_ewm,10,0.9408020666460981,False
expanded_player_form_lightgbm,team_strength,4,add,defensive_actions_per90_lineup_mean_1,10,0.9408641592106497,False
expanded_player_form_lightgbm,team_strength,4,add,mid_adjusted_key_passes_5,10,0.9408781529587549,False
expanded_player_form_lightgbm,team_strength,4,add,adjusted_defensive_actions_lineup_mean_1,10,0.9409287048542863,False
expanded_player_form_lightgbm,team_strength,4,add,rating_mean_5,10,0.9409550887470524,False
expanded_player_form_lightgbm,team_strength,4,add,defence_goal_rate_ewm,10,0.9409560219243596,False
expanded_player_form_lightgbm,team_strength,4,add,adjusted_rating_lineup_mean_3,10,0.9409921168190152,False
expanded_player_form_lightgbm,team_strength,4,remove,adjusted_key_passes_lineup_mean_1,8,0.941019204176315,False
expanded_player_form_lightgbm,team_strength,4,add,adjusted_defensive_actions_lineup_mean_std_5,10,0.9410840411530819,False
expanded_player_form_lightgbm,team_strength,4,add,adjusted_rating_lineup_mean_std_5,10,0.9411432858240711,False
expanded_player_form_lightgbm,team_strength,4,add,defensive_actions_per90_sum_5,10,0.9411696010907693,False
expanded_player_form_lightgbm,team_strength,4,add,adjusted_rating_lineup_mean_ewm,10,0.9411713357815716,False
expanded_player_form_lightgbm,team_strength,4,add,adjusted_shots_lineup_mean_3,10,0.941215566358135,False
expanded_player_form_lightgbm,team_strength,4,add,rating_lineup_mean_3,10,0.9412553510006476,False
expanded_player_form_lightgbm,team_strength,4,add,starters_without_full_window,10,0.9412819024416899,False
expanded_player_form_lightgbm,team_strength,4,add,adjusted_key_passes_lineup_mean_trend_1_5,10,0.9413611911247685,False
expanded_player_form_lightgbm,team_strength,4,add,shots_per90_lineup_mean_3,10,0.9413984974747094,False
expanded_player_form_lightgbm,team_strength,4,add,adjusted_shots_lineup_mean_trend_1_5,10,0.941439695346503,False
expanded_player_form_lightgbm,team_strength,4,remove,prior_team_matches,8,0.9415508262597322,False
expanded_player_form_lightgbm,team_strength,4,add,mean_pairwise_prior_starts,10,0.9417616214329614,False
expanded_player_form_lightgbm,team_strength,4,add,gk_rating_mean_5,10,0.9418196238192353,False
expanded_player_form_lightgbm,team_strength,4,add,mean_pairwise_prior_minutes,10,0.9419719506979357,False
expanded_player_form_lightgbm,team_strength,4,remove,key_passes_per90_sum_5,8,0.944343482406567,False
expanded_player_form_lightgbm,team_strength,5,remove,expected_goals_strength,9,0.9382501991657147,True
expanded_player_form_lightgbm,team_strength,5,add,adjusted_key_passes_lineup_mean_ewm,11,0.9384101462253778,False
expanded_player_form_lightgbm,team_strength,5,add,mid_rating_mean_5,11,0.9384680166047386,False
expanded_player_form_lightgbm,team_strength,5,add,new_player_pairs,11,0.9387049682403807,False
expanded_player_form_lightgbm,team_strength,5,add,rating_lineup_max_5,11,0.9387201480662903,False
expanded_player_form_lightgbm,team_strength,5,add,adjusted_shots_lineup_mean_5,11,0.9387314878094117,False
expanded_player_form_lightgbm,team_strength,5,add,adjusted_key_passes_lineup_mean_5,11,0.93876203069494,False
expanded_player_form_lightgbm,team_strength,5,add,key_passes_per90_lineup_mean_3,11,0.9388623620294353,False
expanded_player_form_lightgbm,team_strength,5,add,adjusted_rating_lineup_mean_1,11,0.9388900760010908,False
expanded_player_form_lightgbm,team_strength,5,add,retained_starters,11,0.9389940056245283,False
expanded_player_form_lightgbm,team_strength,5,add,adjusted_rating_lineup_mean_trend_1_5,11,0.9390842585858173,False
expanded_player_form_lightgbm,team_strength,5,add,def_count,11,0.9390945424788085,False
expanded_player_form_lightgbm,team_strength,5,add,missing_regular_starters,11,0.939143076506351,False
expanded_player_form_lightgbm,team_strength,5,add,adjusted_rating_lineup_std_across_starters_5,11,0.9391507257067968,False
expanded_player_form_lightgbm,team_strength,5,add,key_passes_per90_lineup_mean_1,11,0.9391613861456994,False
expanded_player_form_lightgbm,team_strength,5,add,adjusted_shots_lineup_std_across_starters_5,11,0.9391657057785123,False
expanded_player_form_lightgbm,team_strength,5,add,shots_per90_lineup_mean_trend_1_5,11,0.9391792874893283,False
expanded_player_form_lightgbm,team_strength,5,add,rating_lineup_std_across_starters_5,11,0.9392097167074405,False
expanded_player_form_lightgbm,team_strength,5,add,key_passes_per90_lineup_mean_ewm,11,0.9392255433508481,False
expanded_player_form_lightgbm,team_strength,5,add,rating_lineup_mean_trend_1_5,11,0.9392481929321571,False
expanded_player_form_lightgbm,team_strength,5,add,adjusted_shots_lineup_mean_std_5,11,0.9392537966429177,False
expanded_player_form_lightgbm,team_strength,5,add,adjusted_defensive_actions_lineup_mean_ewm,11,0.9393203115274209,False
expanded_player_form_lightgbm,team_strength,5,add,defensive_actions_per90_lineup_mean_1,11,0.9393517125279719,False
expanded_player_form_lightgbm,team_strength,5,add,adjusted_defensive_actions_lineup_std_across_starters_5,11,0.9393542723820139,False
expanded_player_form_lightgbm,team_strength,5,add,rating_lineup_min_5,11,0.9393743622147406,False
expanded_player_form_lightgbm,team_strength,5,remove,elo_rating,9,0.9393832397006006,False
expanded_player_form_lightgbm,team_strength,5,remove,opponent_elo_rating,9,0.9393832397006006,False
expanded_player_form_lightgbm,team_strength,5,add,gk_count,11,0.9393832397006006,False
expanded_player_form_lightgbm,team_strength,5,add,shots_per90_lineup_mean_1,11,0.9393895842650912,False
expanded_player_form_lightgbm,team_strength,5,add,adjusted_key_passes_lineup_mean_3,11,0.9393967309115443,False
expanded_player_form_lightgbm,team_strength,5,remove,elo_difference,9,0.9394030644687628,False
expanded_player_form_lightgbm,team_strength,5,add,mid_adjusted_key_passes_5,11,0.9394051309513636,False
expanded_player_form_lightgbm,team_strength,5,add,mid_count,11,0.9394065504179425,False
expanded_player_form_lightgbm,team_strength,5,add,new_starters,11,0.9394231973467462,False
expanded_player_form_lightgbm,team_strength,5,add,rating_lineup_mean_ewm,11,0.9394430761127656,False
expanded_player_form_lightgbm,team_strength,5,add,starters_without_history,11,0.9394534019468552,False
expanded_player_form_lightgbm,team_strength,5,add,shots_per90_sum_5,11,0.9394661550534663,False
expanded_player_form_lightgbm,team_strength,5,add,fwd_count,11,0.9395312874217492,False
expanded_player_form_lightgbm,team_strength,5,add,def_adjusted_defensive_actions_5,11,0.9395399043005375,False
expanded_player_form_lightgbm,team_strength,5,add,adjusted_shots_lineup_mean_1,11,0.9395500288237495,False
expanded_player_form_lightgbm,team_strength,5,add,adjusted_key_passes_lineup_std_across_starters_5,11,0.9395554747979846,False
expanded_player_form_lightgbm,team_strength,5,add,rating_lineup_top3_mean_5,11,0.9395555891009945,False
expanded_player_form_lightgbm,team_strength,5,add,defensive_actions_per90_lineup_mean_3,11,0.939561828568083,False
expanded_player_form_lightgbm,team_strength,5,add,rating_lineup_mean_1,11,0.939566018544116,False
expanded_player_form_lightgbm,team_strength,5,add,adjusted_defensive_actions_lineup_mean_3,11,0.9396737931737482,False
expanded_player_form_lightgbm,team_strength,5,add,adjusted_defensive_actions_lineup_mean_std_5,11,0.9396776024266407,False
expanded_player_form_lightgbm,team_strength,5,remove,elo_expected_result,9,0.9396830260336599,False
expanded_player_form_lightgbm,team_strength,5,add,adjusted_shots_lineup_mean_ewm,11,0.9397024972448297,False
expanded_player_form_lightgbm,team_strength,5,add,fwd_rating_mean_5,11,0.9397373047982592,False
expanded_player_form_lightgbm,team_strength,5,add,adjusted_rating_lineup_mean_5,11,0.9397530018809794,False
expanded_player_form_lightgbm,team_strength,5,add,adjusted_defensive_actions_lineup_mean_1,11,0.9397878603681149,False
expanded_player_form_lightgbm,team_strength,5,add,shots_per90_lineup_mean_ewm,11,0.9398090817369167,False
expanded_player_form_lightgbm,team_strength,5,add,rating_lineup_mean_std_5,11,0.9398219692119558,False
expanded_player_form_lightgbm,team_strength,5,add,defensive_actions_per90_lineup_mean_trend_1_5,11,0.9398587809421473,False
expanded_player_form_lightgbm,team_strength,5,add,key_passes_per90_lineup_mean_trend_1_5,11,0.9399027182447222,False
expanded_player_form_lightgbm,team_strength,5,remove,gk_saves_per90_5,9,0.939919303276425,False
expanded_player_form_lightgbm,team_strength,5,add,adjusted_key_passes_lineup_mean_std_5,11,0.9399299283302709,False
expanded_player_form_lightgbm,team_strength,5,add,adjusted_shots_lineup_mean_3,11,0.9399336055180663,False
expanded_player_form_lightgbm,team_strength,5,remove,adjusted_key_passes_lineup_mean_1,9,0.9400815148670445,False
expanded_player_form_lightgbm,team_strength,5,add,adjusted_defensive_actions_lineup_mean_trend_1_5,11,0.9401074204338353,False
expanded_player_form_lightgbm,team_strength,5,add,replacement_quality,11,0.9401133501631548,False
expanded_player_form_lightgbm,team_strength,5,add,fwd_adjusted_shots_5,11,0.9401228565448667,False
expanded_player_form_lightgbm,team_strength,5,add,def_rating_mean_5,11,0.940162314554938,False
expanded_player_form_lightgbm,team_strength,5,add,recent_minutes_sum_5,11,0.94016515141152,False
expanded_player_form_lightgbm,team_strength,5,add,adjusted_rating_lineup_mean_ewm,11,0.9401752672252759,False
expanded_player_form_lightgbm,team_strength,5,add,defence_goal_rate_ewm,11,0.9402303507288704,False
expanded_player_form_lightgbm,team_strength,5,remove,attack_goal_rate_ewm,9,0.9402402784415921,False
expanded_player_form_lightgbm,team_strength,5,add,defensive_actions_per90_sum_5,11,0.9402444748977838,False
expanded_player_form_lightgbm,team_strength,5,add,shots_per90_lineup_mean_3,11,0.94026012516055,False
expanded_player_form_lightgbm,team_strength,5,add,defensive_actions_per90_lineup_mean_ewm,11,0.9402749686289504,False
expanded_player_form_lightgbm,team_strength,5,add,adjusted_rating_lineup_mean_std_5,11,0.9403085249241927,False
expanded_player_form_lightgbm,team_strength,5,add,adjusted_defensive_actions_lineup_mean_5,11,0.9403474270845777,False
expanded_player_form_lightgbm,team_strength,5,add,mean_pairwise_prior_starts,11,0.9405320921565115,False
expanded_player_form_lightgbm,team_strength,5,add,adjusted_rating_lineup_mean_3,11,0.940678607192379,False
expanded_player_form_lightgbm,team_strength,5,add,mean_pairwise_prior_minutes,11,0.9406878210943781,False
expanded_player_form_lightgbm,team_strength,5,add,adjusted_key_passes_lineup_mean_trend_1_5,11,0.940697909867136,False
expanded_player_form_lightgbm,team_strength,5,add,starters_without_full_window,11,0.9407782332908634,False
expanded_player_form_lightgbm,team_strength,5,add,rating_lineup_mean_3,11,0.9408289569756222,False
expanded_player_form_lightgbm,team_strength,5,add,gk_rating_mean_5,11,0.940860408798658,False
expanded_player_form_lightgbm,team_strength,5,add,rating_mean_5,11,0.94109263473546,False
expanded_player_form_lightgbm,team_strength,5,add,adjusted_shots_lineup_mean_trend_1_5,11,0.9411325938768333,False
expanded_player_form_lightgbm,team_strength,5,remove,prior_team_matches,9,0.9413090837955217,False
expanded_player_form_lightgbm,team_strength,5,remove,key_passes_per90_sum_5,9,0.9436014411695375,False
expanded_player_form_lightgbm,team_strength,6,add,adjusted_key_passes_lineup_mean_ewm,10,0.9373018081465565,True
expanded_player_form_lightgbm,team_strength,6,add,mid_rating_mean_5,10,0.9374146235039413,False
expanded_player_form_lightgbm,team_strength,6,add,shots_per90_lineup_mean_1,10,0.9376126729014942,False
expanded_player_form_lightgbm,team_strength,6,add,adjusted_key_passes_lineup_mean_5,10,0.9378180648805188,False
expanded_player_form_lightgbm,team_strength,6,add,shots_per90_sum_5,10,0.9378255422935655,False
expanded_player_form_lightgbm,team_strength,6,add,key_passes_per90_lineup_mean_3,10,0.9378394990880139,False
expanded_player_form_lightgbm,team_strength,6,add,def_count,10,0.9378888788216456,False
expanded_player_form_lightgbm,team_strength,6,add,rating_lineup_max_5,10,0.9379604684620712,False
expanded_player_form_lightgbm,team_strength,6,remove,elo_difference,8,0.9379650197572135,False
expanded_player_form_lightgbm,team_strength,6,add,retained_starters,10,0.9379900546713551,False
expanded_player_form_lightgbm,team_strength,6,add,adjusted_rating_lineup_mean_trend_1_5,10,0.9380120734731223,False
expanded_player_form_lightgbm,team_strength,6,add,shots_per90_lineup_mean_trend_1_5,10,0.9380171493902723,False
expanded_player_form_lightgbm,team_strength,6,add,adjusted_defensive_actions_lineup_mean_3,10,0.9380198014503172,False
expanded_player_form_lightgbm,team_strength,6,add,fwd_count,10,0.9380473049543182,False
expanded_player_form_lightgbm,team_strength,6,remove,elo_expected_result,8,0.9380816472530862,False
expanded_player_form_lightgbm,team_strength,6,add,new_starters,10,0.9381341613748448,False
expanded_player_form_lightgbm,team_strength,6,add,adjusted_defensive_actions_lineup_std_across_starters_5,10,0.9381480097803113,False
expanded_player_form_lightgbm,team_strength,6,add,new_player_pairs,10,0.9381581652306038,False
expanded_player_form_lightgbm,team_strength,6,add,adjusted_shots_lineup_mean_3,10,0.9381611147209581,False
expanded_player_form_lightgbm,team_strength,6,add,adjusted_shots_lineup_std_across_starters_5,10,0.9381627766418048,False
expanded_player_form_lightgbm,team_strength,6,add,defensive_actions_per90_lineup_mean_trend_1_5,10,0.9381667694784919,False
expanded_player_form_lightgbm,team_strength,6,add,adjusted_key_passes_lineup_mean_3,10,0.9381910669863822,False
expanded_player_form_lightgbm,team_strength,6,add,rating_lineup_top3_mean_5,10,0.9381939320814121,False
expanded_player_form_lightgbm,team_strength,6,add,adjusted_key_passes_lineup_std_across_starters_5,10,0.9382218748316632,False
expanded_player_form_lightgbm,team_strength,6,add,mid_count,10,0.9382316190045101,False
expanded_player_form_lightgbm,team_strength,6,remove,elo_rating,8,0.9382501991657147,False
expanded_player_form_lightgbm,team_strength,6,remove,opponent_elo_rating,8,0.9382501991657147,False
expanded_player_form_lightgbm,team_strength,6,add,gk_count,10,0.9382501991657147,False
expanded_player_form_lightgbm,team_strength,6,add,starters_without_history,10,0.938292843531459,False
expanded_player_form_lightgbm,team_strength,6,add,missing_regular_starters,10,0.9384066758811361,False
expanded_player_form_lightgbm,team_strength,6,add,adjusted_defensive_actions_lineup_mean_std_5,10,0.9384822508963487,False
expanded_player_form_lightgbm,team_strength,6,add,adjusted_rating_lineup_mean_1,10,0.9385685082973044,False
expanded_player_form_lightgbm,team_strength,6,add,adjusted_rating_lineup_std_across_starters_5,10,0.9385767105665728,False
expanded_player_form_lightgbm,team_strength,6,remove,adjusted_key_passes_lineup_mean_1,8,0.9386080325876547,False
expanded_player_form_lightgbm,team_strength,6,add,shots_per90_lineup_mean_ewm,10,0.9386637757336525,False
expanded_player_form_lightgbm,team_strength,6,add,adjusted_key_passes_lineup_mean_std_5,10,0.9386662208674843,False
expanded_player_form_lightgbm,team_strength,6,add,adjusted_defensive_actions_lineup_mean_1,10,0.938698028856239,False
expanded_player_form_lightgbm,team_strength,6,add,adjusted_shots_lineup_mean_ewm,10,0.9387249028265722,False
expanded_player_form_lightgbm,team_strength,6,add,key_passes_per90_lineup_mean_1,10,0.9387494082546406,False
expanded_player_form_lightgbm,team_strength,6,add,fwd_rating_mean_5,10,0.9387638899027521,False
expanded_player_form_lightgbm,team_strength,6,add,mid_adjusted_key_passes_5,10,0.9387816154608769,False
expanded_player_form_lightgbm,team_strength,6,add,key_passes_per90_lineup_mean_trend_1_5,10,0.9387817899324399,False
expanded_player_form_lightgbm,team_strength,6,add,rating_lineup_mean_1,10,0.9388047716365561,False
expanded_player_form_lightgbm,team_strength,6,add,adjusted_defensive_actions_lineup_mean_trend_1_5,10,0.9388053282917728,False
expanded_player_form_lightgbm,team_strength,6,add,adjusted_defensive_actions_lineup_mean_ewm,10,0.9388066567691631,False
expanded_player_form_lightgbm,team_strength,6,add,adjusted_shots_lineup_mean_std_5,10,0.9388135817467673,False
expanded_player_form_lightgbm,team_strength,6,add,adjusted_key_passes_lineup_mean_trend_1_5,10,0.9388460235536156,False
expanded_player_form_lightgbm,team_strength,6,add,adjusted_shots_lineup_mean_5,10,0.9388526565221778,False
expanded_player_form_lightgbm,team_strength,6,add,rating_lineup_std_across_starters_5,10,0.9389427347784975,False
expanded_player_form_lightgbm,team_strength,6,add,rating_lineup_mean_trend_1_5,10,0.938967835088951,False
expanded_player_form_lightgbm,team_strength,6,add,def_adjusted_defensive_actions_5,10,0.9389838108868961,False
expanded_player_form_lightgbm,team_strength,6,add,recent_minutes_sum_5,10,0.9389887220485994,False
expanded_player_form_lightgbm,team_strength,6,add,starters_without_full_window,10,0.9390208952952249,False
expanded_player_form_lightgbm,team_strength,6,add,defensive_actions_per90_lineup_mean_3,10,0.9390380843438855,False
expanded_player_form_lightgbm,team_strength,6,add,adjusted_shots_lineup_mean_1,10,0.9390789844147293,False
expanded_player_form_lightgbm,team_strength,6,add,adjusted_defensive_actions_lineup_mean_5,10,0.9390862825353555,False
expanded_player_form_lightgbm,team_strength,6,add,key_passes_per90_lineup_mean_ewm,10,0.9391154185394075,False
expanded_player_form_lightgbm,team_strength,6,add,rating_lineup_mean_ewm,10,0.9391790370901493,False
expanded_player_form_lightgbm,team_strength,6,add,fwd_adjusted_shots_5,10,0.9391886033126859,False
expanded_player_form_lightgbm,team_strength,6,add,rating_lineup_min_5,10,0.9391963573445359,False
expanded_player_form_lightgbm,team_strength,6,add,defensive_actions_per90_lineup_mean_1,10,0.939241199858558,False
expanded_player_form_lightgbm,team_strength,6,add,rating_mean_5,10,0.9392611658961715,False
expanded_player_form_lightgbm,team_strength,6,add,replacement_quality,10,0.9392705383871827,False
expanded_player_form_lightgbm,team_strength,6,add,shots_per90_lineup_mean_3,10,0.9393421890054179,False
expanded_player_form_lightgbm,team_strength,6,add,expected_goals_strength,10,0.9393832397006006,False
expanded_player_form_lightgbm,team_strength,6,add,defensive_actions_per90_sum_5,10,0.9394055267961543,False
expanded_player_form_lightgbm,team_strength,6,add,def_rating_mean_5,10,0.9394122773058173,False
expanded_player_form_lightgbm,team_strength,6,add,rating_lineup_mean_std_5,10,0.9394953916702533,False
expanded_player_form_lightgbm,team_strength,6,add,adjusted_shots_lineup_mean_trend_1_5,10,0.9395028851752436,False
expanded_player_form_lightgbm,team_strength,6,add,rating_lineup_mean_3,10,0.9395268609065853,False
expanded_player_form_lightgbm,team_strength,6,add,defensive_actions_per90_lineup_mean_ewm,10,0.9395566700332811,False
expanded_player_form_lightgbm,team_strength,6,add,defence_goal_rate_ewm,10,0.9396150458255528,False
expanded_player_form_lightgbm,team_strength,6,add,adjusted_rating_lineup_mean_5,10,0.9399226774427158,False
expanded_player_form_lightgbm,team_strength,6,add,adjusted_rating_lineup_mean_3,10,0.9400302752546099,False
expanded_player_form_lightgbm,team_strength,6,remove,gk_saves_per90_5,8,0.9400967495671586,False
expanded_player_form_lightgbm,team_strength,6,add,mean_pairwise_prior_minutes,10,0.9401048629934008,False
expanded_player_form_lightgbm,team_strength,6,add,mean_pairwise_prior_starts,10,0.9402318237388286,False
expanded_player_form_lightgbm,team_strength,6,add,gk_rating_mean_5,10,0.9409824717819066,False
expanded_player_form_lightgbm,team_strength,6,add,adjusted_rating_lineup_mean_ewm,10,0.9409945116712921,False
expanded_player_form_lightgbm,team_strength,6,add,adjusted_rating_lineup_mean_std_5,10,0.9410031670797783,False
expanded_player_form_lightgbm,team_strength,6,remove,prior_team_matches,8,0.9412655486715078,False
expanded_player_form_lightgbm,team_strength,6,remove,attack_goal_rate_ewm,8,0.9413046962556597,False
expanded_player_form_lightgbm,team_strength,6,remove,key_passes_per90_sum_5,8,0.9433650393257718,False
expanded_player_form_lightgbm,team_strength + opponent_adjusted_form + position_and_distribution,1,add,key_passes_per90_sum_5,53,0.9429107214539503,True
expanded_player_form_lightgbm,team_strength + opponent_adjusted_form + position_and_distribution,1,add,key_passes_per90_lineup_mean_3,53,0.9429347861015261,False
expanded_player_form_lightgbm,team_strength + opponent_adjusted_form + position_and_distribution,1,add,key_passes_per90_lineup_mean_1,53,0.9431075114677624,False
expanded_player_form_lightgbm,team_strength + opponent_adjusted_form + position_and_distribution,1,add,rating_lineup_mean_std_5,53,0.9431548546268078,False
expanded_player_form_lightgbm,team_strength + opponent_adjusted_form + position_and_distribution,1,remove,fwd_rating_mean_5,51,0.9433362333099076,False
expanded_player_form_lightgbm,team_strength + opponent_adjusted_form + position_and_distribution,1,remove,gk_rating_mean_5,51,0.9433582205650193,False
expanded_player_form_lightgbm,team_strength + opponent_adjusted_form + position_and_distribution,1,remove,defence_goal_rate_ewm,51,0.9434522608228969,False
expanded_player_form_lightgbm,team_strength + opponent_adjusted_form + position_and_distribution,1,remove,adjusted_rating_lineup_mean_3,51,0.9434531888774769,False
expanded_player_form_lightgbm,team_strength + opponent_adjusted_form + position_and_distribution,1,remove,adjusted_shots_lineup_mean_3,51,0.943461087189239,False
expanded_player_form_lightgbm,team_strength + opponent_adjusted_form + position_and_distribution,1,add,shots_per90_lineup_mean_1,53,0.9434703581355448,False
expanded_player_form_lightgbm,team_strength + opponent_adjusted_form + position_and_distribution,1,remove,adjusted_key_passes_lineup_mean_ewm,51,0.9435009652801856,False
expanded_player_form_lightgbm,team_strength + opponent_adjusted_form + position_and_distribution,1,remove,adjusted_defensive_actions_lineup_mean_3,51,0.9435128058905595,False
expanded_player_form_lightgbm,team_strength + opponent_adjusted_form + position_and_distribution,1,remove,adjusted_shots_lineup_mean_1,51,0.9435321697976391,False
expanded_player_form_lightgbm,team_strength + opponent_adjusted_form + position_and_distribution,1,add,rating_lineup_mean_trend_1_5,53,0.9436498545605272,False
expanded_player_form_lightgbm,team_strength + opponent_adjusted_form + position_and_distribution,1,remove,adjusted_key_passes_lineup_mean_trend_1_5,51,0.9436527308845095,False
expanded_player_form_lightgbm,team_strength + opponent_adjusted_form + position_and_distribution,1,remove,mid_adjusted_key_passes_5,51,0.9436793977464183,False
expanded_player_form_lightgbm,team_strength + opponent_adjusted_form + position_and_distribution,1,remove,def_count,51,0.9437446852043242,False
expanded_player_form_lightgbm,team_strength + opponent_adjusted_form + position_and_distribution,1,add,defensive_actions_per90_lineup_mean_trend_1_5,53,0.9437449128936255,False
expanded_player_form_lightgbm,team_strength + opponent_adjusted_form + position_and_distribution,1,add,new_player_pairs,53,0.9437683307153701,False
expanded_player_form_lightgbm,team_strength + opponent_adjusted_form + position_and_distribution,1,remove,elo_rating,51,0.9437783191738511,False
expanded_player_form_lightgbm,team_strength + opponent_adjusted_form + position_and_distribution,1,remove,fwd_count,51,0.9437783191738511,False
expanded_player_form_lightgbm,team_strength + opponent_adjusted_form + position_and_distribution,1,remove,gk_count,51,0.9437783191738511,False
expanded_player_form_lightgbm,team_strength + opponent_adjusted_form + position_and_distribution,1,remove,mid_count,51,0.9437783191738511,False
expanded_player_form_lightgbm,team_strength + opponent_adjusted_form + position_and_distribution,1,remove,opponent_elo_rating,51,0.9437783191738511,False
expanded_player_form_lightgbm,team_strength + opponent_adjusted_form + position_and_distribution,1,add,starters_without_history,53,0.9437783191738511,False
expanded_player_form_lightgbm,team_strength + opponent_adjusted_form + position_and_distribution,1,remove,adjusted_rating_lineup_std_across_starters_5,51,0.943783568357349,False
expanded_player_form_lightgbm,team_strength + opponent_adjusted_form + position_and_distribution,1,remove,adjusted_key_passes_lineup_std_across_starters_5,51,0.9437959530112322,False
expanded_player_form_lightgbm,team_strength + opponent_adjusted_form + position_and_distribution,1,remove,fwd_adjusted_shots_5,51,0.9438041602430596,False
expanded_player_form_lightgbm,team_strength + opponent_adjusted_form + position_and_distribution,1,add,retained_starters,53,0.9438129680418913,False
expanded_player_form_lightgbm,team_strength + opponent_adjusted_form + position_and_distribution,1,remove,def_adjusted_defensive_actions_5,51,0.9438226684815259,False
expanded_player_form_lightgbm,team_strength + opponent_adjusted_form + position_and_distribution,1,add,mean_pairwise_prior_starts,53,0.9438340500883569,False
expanded_player_form_lightgbm,team_strength + opponent_adjusted_form + position_and_distribution,1,remove,adjusted_shots_lineup_std_across_starters_5,51,0.9438358483221355,False
expanded_player_form_lightgbm,team_strength + opponent_adjusted_form + position_and_distribution,1,remove,adjusted_defensive_actions_lineup_mean_5,51,0.9438592511490034,False
expanded_player_form_lightgbm,team_strength + opponent_adjusted_form + position_and_distribution,1,remove,rating_lineup_std_across_starters_5,51,0.9438650123657905,False
expanded_player_form_lightgbm,team_strength + opponent_adjusted_form + position_and_distribution,1,remove,adjusted_defensive_actions_lineup_mean_ewm,51,0.9438788944869034,False
expanded_player_form_lightgbm,team_strength + opponent_adjusted_form + position_and_distribution,1,remove,adjusted_rating_lineup_mean_std_5,51,0.9438789053504775,False
expanded_player_form_lightgbm,team_strength + opponent_adjusted_form + position_and_distribution,1,add,defensive_actions_per90_lineup_mean_3,53,0.943887090089893,False
expanded_player_form_lightgbm,team_strength + opponent_adjusted_form + position_and_distribution,1,remove,adjusted_rating_lineup_mean_ewm,51,0.9438879406907015,False
expanded_player_form_lightgbm,team_strength + opponent_adjusted_form + position_and_distribution,1,remove,rating_lineup_top3_mean_5,51,0.9438926636353753,False
expanded_player_form_lightgbm,team_strength + opponent_adjusted_form + position_and_distribution,1,remove,adjusted_shots_lineup_mean_5,51,0.9439052551513056,False
expanded_player_form_lightgbm,team_strength + opponent_adjusted_form + position_and_distribution,1,add,key_passes_per90_lineup_mean_trend_1_5,53,0.9439272959801599,False
expanded_player_form_lightgbm,team_strength + opponent_adjusted_form + position_and_distribution,1,remove,def_rating_mean_5,51,0.9439315030295061,False
expanded_player_form_lightgbm,team_strength + opponent_adjusted_form + position_and_distribution,1,remove,adjusted_defensive_actions_lineup_mean_trend_1_5,51,0.9439674766445411,False
expanded_player_form_lightgbm,team_strength + opponent_adjusted_form + position_and_distribution,1,remove,mid_rating_mean_5,51,0.9439773145803724,False
expanded_player_form_lightgbm,team_strength + opponent_adjusted_form + position_and_distribution,1,add,new_starters,53,0.9439862856609109,False
expanded_player_form_lightgbm,team_strength + opponent_adjusted_form + position_and_distribution,1,remove,adjusted_defensive_actions_lineup_mean_std_5,51,0.9440007916620843,False
expanded_player_form_lightgbm,team_strength + opponent_adjusted_form + position_and_distribution,1,remove,elo_expected_result,51,0.9440064254323308,False
expanded_player_form_lightgbm,team_strength + opponent_adjusted_form + position_and_distribution,1,remove,adjusted_defensive_actions_lineup_std_across_starters_5,51,0.9440128200059889,False
expanded_player_form_lightgbm,team_strength + opponent_adjusted_form + position_and_distribution,1,add,shots_per90_lineup_mean_trend_1_5,53,0.9440128724330912,False
expanded_player_form_lightgbm,team_strength + opponent_adjusted_form + position_and_distribution,1,remove,adjusted_rating_lineup_mean_trend_1_5,51,0.944035538703977,False
expanded_player_form_lightgbm,team_strength + opponent_adjusted_form + position_and_distribution,1,remove,elo_difference,51,0.9440486466310354,False
expanded_player_form_lightgbm,team_strength + opponent_adjusted_form + position_and_distribution,1,add,defensive_actions_per90_lineup_mean_1,53,0.9440556504387256,False
expanded_player_form_lightgbm,team_strength + opponent_adjusted_form + position_and_distribution,1,add,missing_regular_starters,53,0.9440610973408048,False
expanded_player_form_lightgbm,team_strength + opponent_adjusted_form + position_and_distribution,1,remove,rating_lineup_min_5,51,0.9440692054397494,False
expanded_player_form_lightgbm,team_strength + opponent_adjusted_form + position_and_distribution,1,remove,adjusted_key_passes_lineup_mean_3,51,0.9440772161289421,False
expanded_player_form_lightgbm,team_strength + opponent_adjusted_form + position_and_distribution,1,remove,adjusted_shots_lineup_mean_trend_1_5,51,0.9440852729693812,False
expanded_player_form_lightgbm,team_strength + opponent_adjusted_form + position_and_distribution,1,remove,adjusted_key_passes_lineup_mean_5,51,0.9441351007101729,False
expanded_player_form_lightgbm,team_strength + opponent_adjusted_form + position_and_distribution,1,remove,adjusted_shots_lineup_mean_ewm,51,0.9441407113216878,False
expanded_player_form_lightgbm,team_strength + opponent_adjusted_form + position_and_distribution,1,add,recent_minutes_sum_5,53,0.9441557725904145,False
expanded_player_form_lightgbm,team_strength + opponent_adjusted_form + position_and_distribution,1,remove,adjusted_defensive_actions_lineup_mean_1,51,0.944197848898197,False
expanded_player_form_lightgbm,team_strength + opponent_adjusted_form + position_and_distribution,1,add,rating_lineup_mean_ewm,53,0.94422143205051,False
expanded_player_form_lightgbm,team_strength + opponent_adjusted_form + position_and_distribution,1,add,starters_without_full_window,53,0.9442377776473454,False
expanded_player_form_lightgbm,team_strength + opponent_adjusted_form + position_and_distribution,1,add,key_passes_per90_lineup_mean_ewm,53,0.9442391912724033,False
expanded_player_form_lightgbm,team_strength + opponent_adjusted_form + position_and_distribution,1,add,defensive_actions_per90_sum_5,53,0.9442606125840767,False
expanded_player_form_lightgbm,team_strength + opponent_adjusted_form + position_and_distribution,1,add,rating_lineup_mean_1,53,0.9442672441750489,False
expanded_player_form_lightgbm,team_strength + opponent_adjusted_form + position_and_distribution,1,add,replacement_quality,53,0.9442761685910457,False
expanded_player_form_lightgbm,team_strength + opponent_adjusted_form + position_and_distribution,1,remove,adjusted_shots_lineup_mean_std_5,51,0.9442822191934452,False
expanded_player_form_lightgbm,team_strength + opponent_adjusted_form + position_and_distribution,1,remove,gk_saves_per90_5,51,0.9442960247286525,False
expanded_player_form_lightgbm,team_strength + opponent_adjusted_form + position_and_distribution,1,add,rating_lineup_mean_3,53,0.9442990605395648,False
expanded_player_form_lightgbm,team_strength + opponent_adjusted_form + position_and_distribution,1,remove,adjusted_rating_lineup_mean_1,51,0.9443005209211212,False
expanded_player_form_lightgbm,team_strength + opponent_adjusted_form + position_and_distribution,1,add,mean_pairwise_prior_minutes,53,0.9443114105770989,False
expanded_player_form_lightgbm,team_strength + opponent_adjusted_form + position_and_distribution,1,remove,adjusted_rating_lineup_mean_5,51,0.9443459925518066,False
expanded_player_form_lightgbm,team_strength + opponent_adjusted_form + position_and_distribution,1,add,defensive_actions_per90_lineup_mean_ewm,53,0.9443696836302162,False
expanded_player_form_lightgbm,team_strength + opponent_adjusted_form + position_and_distribution,1,remove,rating_lineup_max_5,51,0.9443806655050957,False
expanded_player_form_lightgbm,team_strength + opponent_adjusted_form + position_and_distribution,1,add,shots_per90_lineup_mean_ewm,53,0.9444233276327729,False
expanded_player_form_lightgbm,team_strength + opponent_adjusted_form + position_and_distribution,1,add,shots_per90_sum_5,53,0.9445242482924809,False
expanded_player_form_lightgbm,team_strength + opponent_adjusted_form + position_and_distribution,1,remove,attack_goal_rate_ewm,51,0.9445272680016674,False
expanded_player_form_lightgbm,team_strength + opponent_adjusted_form + position_and_distribution,1,remove,expected_goals_strength,51,0.9445482470991313,False
expanded_player_form_lightgbm,team_strength + opponent_adjusted_form + position_and_distribution,1,add,shots_per90_lineup_mean_3,53,0.9445520974565236,False
expanded_player_form_lightgbm,team_strength + opponent_adjusted_form + position_and_distribution,1,remove,prior_team_matches,51,0.9448340556195638,False
expanded_player_form_lightgbm,team_strength + opponent_adjusted_form + position_and_distribution,1,add,rating_mean_5,53,0.944846531569279,False
expanded_player_form_lightgbm,team_strength + opponent_adjusted_form + position_and_distribution,1,remove,adjusted_key_passes_lineup_mean_std_5,51,0.9448792154568099,False
expanded_player_form_lightgbm,team_strength + opponent_adjusted_form + position_and_distribution,1,remove,adjusted_key_passes_lineup_mean_1,51,0.9449994570504423,False
expanded_player_form_lightgbm,team_strength + opponent_adjusted_form + position_and_distribution,2,remove,adjusted_shots_lineup_mean_trend_1_5,52,0.9419807090777859,True
expanded_player_form_lightgbm,team_strength + opponent_adjusted_form + position_and_distribution,2,remove,adjusted_shots_lineup_std_across_starters_5,52,0.9420559876516562,False
expanded_player_form_lightgbm,team_strength + opponent_adjusted_form + position_and_distribution,2,remove,adjusted_rating_lineup_mean_3,52,0.9421092623218286,False
expanded_player_form_lightgbm,team_strength + opponent_adjusted_form + position_and_distribution,2,remove,fwd_rating_mean_5,52,0.9421321703137562,False
expanded_player_form_lightgbm,team_strength + opponent_adjusted_form + position_and_distribution,2,remove,fwd_adjusted_shots_5,52,0.9421518350805111,False
expanded_player_form_lightgbm,team_strength + opponent_adjusted_form + position_and_distribution,2,add,key_passes_per90_lineup_mean_1,54,0.9421678788502511,False
expanded_player_form_lightgbm,team_strength + opponent_adjusted_form + position_and_distribution,2,remove,gk_rating_mean_5,52,0.9421766901273354,False
expanded_player_form_lightgbm,team_strength + opponent_adjusted_form + position_and_distribution,2,remove,def_adjusted_defensive_actions_5,52,0.9422773167678791,False
expanded_player_form_lightgbm,team_strength + opponent_adjusted_form + position_and_distribution,2,remove,defence_goal_rate_ewm,52,0.942297353938028,False
expanded_player_form_lightgbm,team_strength + opponent_adjusted_form + position_and_distribution,2,add,key_passes_per90_lineup_mean_3,54,0.9423574880567747,False
expanded_player_form_lightgbm,team_strength + opponent_adjusted_form + position_and_distribution,2,add,new_player_pairs,54,0.9424137418026459,False
expanded_player_form_lightgbm,team_strength + opponent_adjusted_form + position_and_distribution,2,remove,adjusted_shots_lineup_mean_ewm,52,0.9424346537015587,False
expanded_player_form_lightgbm,team_strength + opponent_adjusted_form + position_and_distribution,2,remove,adjusted_key_passes_lineup_mean_5,52,0.9424452097122075,False
expanded_player_form_lightgbm,team_strength + opponent_adjusted_form + position_and_distribution,2,remove,adjusted_key_passes_lineup_std_across_starters_5,52,0.9424532474117748,False
expanded_player_form_lightgbm,team_strength + opponent_adjusted_form + position_and_distribution,2,remove,mid_adjusted_key_passes_5,52,0.9424766648585148,False
expanded_player_form_lightgbm,team_strength + opponent_adjusted_form + position_and_distribution,2,add,new_starters,54,0.9424918765595418,False
expanded_player_form_lightgbm,team_strength + opponent_adjusted_form + position_and_distribution,2,remove,adjusted_defensive_actions_lineup_mean_5,52,0.9425426821254524,False
expanded_player_form_lightgbm,team_strength + opponent_adjusted_form + position_and_distribution,2,add,rating_lineup_mean_trend_1_5,54,0.9425495494072638,False
expanded_player_form_lightgbm,team_strength + opponent_adjusted_form + position_and_distribution,2,remove,adjusted_shots_lineup_mean_3,52,0.9425535713021241,False
expanded_player_form_lightgbm,team_strength + opponent_adjusted_form + position_and_distribution,2,remove,def_rating_mean_5,52,0.9425628407663444,False
expanded_player_form_lightgbm,team_strength + opponent_adjusted_form + position_and_distribution,2,add,key_passes_per90_lineup_mean_trend_1_5,54,0.9425641181674969,False
expanded_player_form_lightgbm,team_strength + opponent_adjusted_form + position_and_distribution,2,add,shots_per90_lineup_mean_1,54,0.9425712573669218,False
expanded_player_form_lightgbm,team_strength + opponent_adjusted_form + position_and_distribution,2,remove,adjusted_defensive_actions_lineup_mean_3,52,0.9425941799785693,False
expanded_player_form_lightgbm,team_strength + opponent_adjusted_form + position_and_distribution,2,add,missing_regular_starters,54,0.9425995206595228,False
expanded_player_form_lightgbm,team_strength + opponent_adjusted_form + position_and_distribution,2,remove,adjusted_shots_lineup_mean_1,52,0.9426295933921922,False
expanded_player_form_lightgbm,team_strength + opponent_adjusted_form + position_and_distribution,2,add,recent_minutes_sum_5,54,0.9426338023882257,False
expanded_player_form_lightgbm,team_strength + opponent_adjusted_form + position_and_distribution,2,remove,adjusted_defensive_actions_lineup_mean_ewm,52,0.9426555813476349,False
expanded_player_form_lightgbm,team_strength + opponent_adjusted_form + position_and_distribution,2,remove,adjusted_defensive_actions_lineup_mean_trend_1_5,52,0.9426602214679847,False
expanded_player_form_lightgbm,team_strength + opponent_adjusted_form + position_and_distribution,2,remove,adjusted_rating_lineup_mean_std_5,52,0.9426697195810081,False
expanded_player_form_lightgbm,team_strength + opponent_adjusted_form + position_and_distribution,2,add,rating_lineup_mean_std_5,54,0.9426734653964076,False
expanded_player_form_lightgbm,team_strength + opponent_adjusted_form + position_and_distribution,2,remove,elo_difference,52,0.9426744948094996,False
expanded_player_form_lightgbm,team_strength + opponent_adjusted_form + position_and_distribution,2,remove,adjusted_rating_lineup_mean_ewm,52,0.9426814221044566,False
expanded_player_form_lightgbm,team_strength + opponent_adjusted_form + position_and_distribution,2,remove,adjusted_key_passes_lineup_mean_trend_1_5,52,0.9426837760980327,False
expanded_player_form_lightgbm,team_strength + opponent_adjusted_form + position_and_distribution,2,add,retained_starters,54,0.9426848891998246,False
expanded_player_form_lightgbm,team_strength + opponent_adjusted_form + position_and_distribution,2,add,defensive_actions_per90_lineup_mean_3,54,0.942692315144722,False
expanded_player_form_lightgbm,team_strength + opponent_adjusted_form + position_and_distribution,2,remove,rating_lineup_std_across_starters_5,52,0.9427038734998439,False
expanded_player_form_lightgbm,team_strength + opponent_adjusted_form + position_and_distribution,2,remove,adjusted_rating_lineup_mean_trend_1_5,52,0.9427207641701755,False
expanded_player_form_lightgbm,team_strength + opponent_adjusted_form + position_and_distribution,2,remove,adjusted_shots_lineup_mean_std_5,52,0.9427272341287514,False
expanded_player_form_lightgbm,team_strength + opponent_adjusted_form + position_and_distribution,2,add,mean_pairwise_prior_starts,54,0.9427366904543409,False
expanded_player_form_lightgbm,team_strength + opponent_adjusted_form + position_and_distribution,2,remove,def_count,52,0.9427376467849518,False
expanded_player_form_lightgbm,team_strength + opponent_adjusted_form + position_and_distribution,2,remove,elo_expected_result,52,0.9427388822376964,False
expanded_player_form_lightgbm,team_strength + opponent_adjusted_form + position_and_distribution,2,remove,mid_count,52,0.9427709586341605,False
expanded_player_form_lightgbm,team_strength + opponent_adjusted_form + position_and_distribution,2,remove,rating_lineup_min_5,52,0.9427774529666404,False
expanded_player_form_lightgbm,team_strength + opponent_adjusted_form + position_and_distribution,2,add,defensive_actions_per90_lineup_mean_trend_1_5,54,0.9427791697680468,False
expanded_player_form_lightgbm,team_strength + opponent_adjusted_form + position_and_distribution,2,remove,adjusted_key_passes_lineup_mean_3,52,0.9428028317680089,False
expanded_player_form_lightgbm,team_strength + opponent_adjusted_form + position_and_distribution,2,add,shots_per90_lineup_mean_trend_1_5,54,0.9428125312725081,False
expanded_player_form_lightgbm,team_strength + opponent_adjusted_form + position_and_distribution,2,add,defensive_actions_per90_sum_5,54,0.9428195929503356,False
expanded_player_form_lightgbm,team_strength + opponent_adjusted_form + position_and_distribution,2,remove,adjusted_defensive_actions_lineup_std_across_starters_5,52,0.9428259477054441,False
expanded_player_form_lightgbm,team_strength + opponent_adjusted_form + position_and_distribution,2,add,rating_lineup_mean_3,54,0.9428527789340636,False
expanded_player_form_lightgbm,team_strength + opponent_adjusted_form + position_and_distribution,2,remove,rating_lineup_top3_mean_5,52,0.9428529631037194,False
expanded_player_form_lightgbm,team_strength + opponent_adjusted_form + position_and_distribution,2,remove,adjusted_rating_lineup_std_across_starters_5,52,0.9428573423243913,False
expanded_player_form_lightgbm,team_strength + opponent_adjusted_form + position_and_distribution,2,remove,adjusted_defensive_actions_lineup_mean_1,52,0.9428929327236051,False
expanded_player_form_lightgbm,team_strength + opponent_adjusted_form + position_and_distribution,2,remove,rating_lineup_max_5,52,0.9428974005961573,False
expanded_player_form_lightgbm,team_strength + opponent_adjusted_form + position_and_distribution,2,remove,adjusted_defensive_actions_lineup_mean_std_5,52,0.942907948914392,False
expanded_player_form_lightgbm,team_strength + opponent_adjusted_form + position_and_distribution,2,remove,elo_rating,52,0.9429107214539503,False
expanded_player_form_lightgbm,team_strength + opponent_adjusted_form + position_and_distribution,2,remove,fwd_count,52,0.9429107214539503,False
expanded_player_form_lightgbm,team_strength + opponent_adjusted_form + position_and_distribution,2,remove,gk_count,52,0.9429107214539503,False
expanded_player_form_lightgbm,team_strength + opponent_adjusted_form + position_and_distribution,2,remove,opponent_elo_rating,52,0.9429107214539503,False
expanded_player_form_lightgbm,team_strength + opponent_adjusted_form + position_and_distribution,2,add,starters_without_history,54,0.9429107214539503,False
expanded_player_form_lightgbm,team_strength + opponent_adjusted_form + position_and_distribution,2,remove,adjusted_rating_lineup_mean_5,52,0.9429380198399611,False
expanded_player_form_lightgbm,team_strength + opponent_adjusted_form + position_and_distribution,2,add,starters_without_full_window,54,0.9429880122538205,False
expanded_player_form_lightgbm,team_strength + opponent_adjusted_form + position_and_distribution,2,add,defensive_actions_per90_lineup_mean_ewm,54,0.9429986388234187,False
expanded_player_form_lightgbm,team_strength + opponent_adjusted_form + position_and_distribution,2,remove,adjusted_rating_lineup_mean_1,52,0.9430325418133654,False
expanded_player_form_lightgbm,team_strength + opponent_adjusted_form + position_and_distribution,2,add,replacement_quality,54,0.9430966464612637,False
expanded_player_form_lightgbm,team_strength + opponent_adjusted_form + position_and_distribution,2,remove,adjusted_shots_lineup_mean_5,52,0.943104797951319,False
expanded_player_form_lightgbm,team_strength + opponent_adjusted_form + position_and_distribution,2,remove,adjusted_key_passes_lineup_mean_ewm,52,0.943118781183389,False
expanded_player_form_lightgbm,team_strength + opponent_adjusted_form + position_and_distribution,2,remove,mid_rating_mean_5,52,0.9431192478373831,False
expanded_player_form_lightgbm,team_strength + opponent_adjusted_form + position_and_distribution,2,add,shots_per90_lineup_mean_3,54,0.9431279661937426,False
expanded_player_form_lightgbm,team_strength + opponent_adjusted_form + position_and_distribution,2,add,defensive_actions_per90_lineup_mean_1,54,0.943229096314727,False
expanded_player_form_lightgbm,team_strength + opponent_adjusted_form + position_and_distribution,2,add,mean_pairwise_prior_minutes,54,0.9432645252899183,False
expanded_player_form_lightgbm,team_strength + opponent_adjusted_form + position_and_distribution,2,remove,attack_goal_rate_ewm,52,0.9433225722984903,False
expanded_player_form_lightgbm,team_strength + opponent_adjusted_form + position_and_distribution,2,remove,expected_goals_strength,52,0.9433263621987922,False
expanded_player_form_lightgbm,team_strength + opponent_adjusted_form + position_and_distribution,2,add,rating_lineup_mean_ewm,54,0.9433286018136753,False
expanded_player_form_lightgbm,team_strength + opponent_adjusted_form + position_and_distribution,2,add,rating_lineup_mean_1,54,0.943328760676978,False
expanded_player_form_lightgbm,team_strength + opponent_adjusted_form + position_and_distribution,2,add,key_passes_per90_lineup_mean_ewm,54,0.9433307092261503,False
expanded_player_form_lightgbm,team_strength + opponent_adjusted_form + position_and_distribution,2,remove,adjusted_key_passes_lineup_mean_std_5,52,0.9433887176003151,False
expanded_player_form_lightgbm,team_strength + opponent_adjusted_form + position_and_distribution,2,add,shots_per90_lineup_mean_ewm,54,0.9434986234406089,False
expanded_player_form_lightgbm,team_strength + opponent_adjusted_form + position_and_distribution,2,add,shots_per90_sum_5,54,0.9435536352171997,False
expanded_player_form_lightgbm,team_strength + opponent_adjusted_form + position_and_distribution,2,remove,gk_saves_per90_5,52,0.9436006177231546,False
expanded_player_form_lightgbm,team_strength + opponent_adjusted_form + position_and_distribution,2,add,rating_mean_5,54,0.9436650180631083,False
expanded_player_form_lightgbm,team_strength + opponent_adjusted_form + position_and_distribution,2,remove,prior_team_matches,52,0.9437281113679472,False
expanded_player_form_lightgbm,team_strength + opponent_adjusted_form + position_and_distribution,2,remove,key_passes_per90_sum_5,52,0.9437783191738511,False
expanded_player_form_lightgbm,team_strength + opponent_adjusted_form + position_and_distribution,2,remove,adjusted_key_passes_lineup_mean_1,52,0.943906895196408,False
expanded_player_form_lightgbm,team_strength + opponent_adjusted_form + position_and_distribution,3,remove,adjusted_rating_lineup_mean_3,51,0.9417395303311298,False
expanded_player_form_lightgbm,team_strength + opponent_adjusted_form + position_and_distribution,3,add,key_passes_per90_lineup_mean_3,53,0.9418201754172413,False
expanded_player_form_lightgbm,team_strength + opponent_adjusted_form + position_and_distribution,3,remove,def_adjusted_defensive_actions_5,51,0.9419309181376376,False
expanded_player_form_lightgbm,team_strength + opponent_adjusted_form + position_and_distribution,3,remove,defence_goal_rate_ewm,51,0.941942341244015,False
expanded_player_form_lightgbm,team_strength + opponent_adjusted_form + position_and_distribution,3,remove,fwd_rating_mean_5,51,0.941979901429473,False
expanded_player_form_lightgbm,team_strength + opponent_adjusted_form + position_and_distribution,3,remove,elo_rating,51,0.9419807090777859,False
expanded_player_form_lightgbm,team_strength + opponent_adjusted_form + position_and_distribution,3,remove,gk_count,51,0.9419807090777859,False
expanded_player_form_lightgbm,team_strength + opponent_adjusted_form + position_and_distribution,3,remove,opponent_elo_rating,51,0.9419807090777859,False
expanded_player_form_lightgbm,team_strength + opponent_adjusted_form + position_and_distribution,3,add,starters_without_history,53,0.94198084026149,False
expanded_player_form_lightgbm,team_strength + opponent_adjusted_form + position_and_distribution,3,remove,gk_rating_mean_5,51,0.9420373168677398,False
expanded_player_form_lightgbm,team_strength + opponent_adjusted_form + position_and_distribution,3,remove,def_count,51,0.9420462933379863,False
expanded_player_form_lightgbm,team_strength + opponent_adjusted_form + position_and_distribution,3,add,starters_without_full_window,53,0.9420653609560283,False
expanded_player_form_lightgbm,team_strength + opponent_adjusted_form + position_and_distribution,3,add,shots_per90_lineup_mean_1,53,0.942076980217398,False
expanded_player_form_lightgbm,team_strength + opponent_adjusted_form + position_and_distribution,3,remove,def_rating_mean_5,51,0.9420871737042872,False
expanded_player_form_lightgbm,team_strength + opponent_adjusted_form + position_and_distribution,3,remove,adjusted_defensive_actions_lineup_mean_ewm,51,0.9420872316202267,False
expanded_player_form_lightgbm,team_strength + opponent_adjusted_form + position_and_distribution,3,add,missing_regular_starters,53,0.9420953351016778,False
expanded_player_form_lightgbm,team_strength + opponent_adjusted_form + position_and_distribution,3,remove,adjusted_shots_lineup_std_across_starters_5,51,0.9421026239080774,False
expanded_player_form_lightgbm,team_strength + opponent_adjusted_form + position_and_distribution,3,remove,adjusted_key_passes_lineup_mean_3,51,0.9421029141919679,False
expanded_player_form_lightgbm,team_strength + opponent_adjusted_form + position_and_distribution,3,remove,adjusted_defensive_actions_lineup_mean_trend_1_5,51,0.942123194727785,False
expanded_player_form_lightgbm,team_strength + opponent_adjusted_form + position_and_distribution,3,remove,adjusted_key_passes_lineup_mean_5,51,0.9421233017793124,False
expanded_player_form_lightgbm,team_strength + opponent_adjusted_form + position_and_distribution,3,remove,rating_lineup_min_5,51,0.9421286942252296,False
expanded_player_form_lightgbm,team_strength + opponent_adjusted_form + position_and_distribution,3,remove,adjusted_key_passes_lineup_mean_trend_1_5,51,0.9421336045571773,False
expanded_player_form_lightgbm,team_strength + opponent_adjusted_form + position_and_distribution,3,remove,fwd_count,51,0.9421368061410151,False
expanded_player_form_lightgbm,team_strength + opponent_adjusted_form + position_and_distribution,3,remove,mid_count,51,0.9421442736774253,False
expanded_player_form_lightgbm,team_strength + opponent_adjusted_form + position_and_distribution,3,remove,adjusted_rating_lineup_std_across_starters_5,51,0.9421490886395214,False
expanded_player_form_lightgbm,team_strength + opponent_adjusted_form + position_and_distribution,3,add,rating_lineup_mean_trend_1_5,53,0.9421601082158304,False
expanded_player_form_lightgbm,team_strength + opponent_adjusted_form + position_and_distribution,3,add,shots_per90_lineup_mean_trend_1_5,53,0.9421639464548351,False
expanded_player_form_lightgbm,team_strength + opponent_adjusted_form + position_and_distribution,3,add,key_passes_per90_lineup_mean_1,53,0.9421649095199456,False
expanded_player_form_lightgbm,team_strength + opponent_adjusted_form + position_and_distribution,3,remove,elo_difference,51,0.9421797505378386,False
expanded_player_form_lightgbm,team_strength + opponent_adjusted_form + position_and_distribution,3,remove,adjusted_defensive_actions_lineup_mean_5,51,0.9421871640034443,False
expanded_player_form_lightgbm,team_strength + opponent_adjusted_form + position_and_distribution,3,add,key_passes_per90_lineup_mean_trend_1_5,53,0.9421969837007635,False
expanded_player_form_lightgbm,team_strength + opponent_adjusted_form + position_and_distribution,3,remove,adjusted_shots_lineup_mean_3,51,0.942197413745909,False
expanded_player_form_lightgbm,team_strength + opponent_adjusted_form + position_and_distribution,3,add,rating_lineup_mean_std_5,53,0.9422039955037234,False
expanded_player_form_lightgbm,team_strength + opponent_adjusted_form + position_and_distribution,3,add,recent_minutes_sum_5,53,0.9422099886877806,False
expanded_player_form_lightgbm,team_strength + opponent_adjusted_form + position_and_distribution,3,add,retained_starters,53,0.9422303917817438,False
expanded_player_form_lightgbm,team_strength + opponent_adjusted_form + position_and_distribution,3,remove,adjusted_shots_lineup_mean_ewm,51,0.9422434701765638,False
expanded_player_form_lightgbm,team_strength + opponent_adjusted_form + position_and_distribution,3,add,new_player_pairs,53,0.9422733182471694,False
expanded_player_form_lightgbm,team_strength + opponent_adjusted_form + position_and_distribution,3,remove,adjusted_key_passes_lineup_std_across_starters_5,51,0.9422784973716529,False
expanded_player_form_lightgbm,team_strength + opponent_adjusted_form + position_and_distribution,3,remove,adjusted_rating_lineup_mean_std_5,51,0.9422839087079885,False
expanded_player_form_lightgbm,team_strength + opponent_adjusted_form + position_and_distribution,3,remove,adjusted_rating_lineup_mean_ewm,51,0.9422917465314675,False
expanded_player_form_lightgbm,team_strength + opponent_adjusted_form + position_and_distribution,3,add,defensive_actions_per90_lineup_mean_3,53,0.9422931880677703,False
expanded_player_form_lightgbm,team_strength + opponent_adjusted_form + position_and_distribution,3,remove,adjusted_rating_lineup_mean_1,51,0.9423129837764448,False
expanded_player_form_lightgbm,team_strength + opponent_adjusted_form + position_and_distribution,3,add,mean_pairwise_prior_starts,53,0.9423157680433458,False
expanded_player_form_lightgbm,team_strength + opponent_adjusted_form + position_and_distribution,3,remove,mid_adjusted_key_passes_5,51,0.9423918818838621,False
expanded_player_form_lightgbm,team_strength + opponent_adjusted_form + position_and_distribution,3,remove,adjusted_shots_lineup_mean_std_5,51,0.942404297389133,False
expanded_player_form_lightgbm,team_strength + opponent_adjusted_form + position_and_distribution,3,remove,adjusted_defensive_actions_lineup_std_across_starters_5,51,0.9424134388228695,False
expanded_player_form_lightgbm,team_strength + opponent_adjusted_form + position_and_distribution,3,add,new_starters,53,0.9424149696288646,False
expanded_player_form_lightgbm,team_strength + opponent_adjusted_form + position_and_distribution,3,remove,adjusted_shots_lineup_mean_1,51,0.9424168188236772,False
expanded_player_form_lightgbm,team_strength + opponent_adjusted_form + position_and_distribution,3,remove,elo_expected_result,51,0.9424359561586693,False
expanded_player_form_lightgbm,team_strength + opponent_adjusted_form + position_and_distribution,3,remove,rating_lineup_std_across_starters_5,51,0.9424464108595301,False
expanded_player_form_lightgbm,team_strength + opponent_adjusted_form + position_and_distribution,3,remove,fwd_adjusted_shots_5,51,0.9424512836293406,False
expanded_player_form_lightgbm,team_strength + opponent_adjusted_form + position_and_distribution,3,add,defensive_actions_per90_lineup_mean_1,53,0.9424561280350292,False
expanded_player_form_lightgbm,team_strength + opponent_adjusted_form + position_and_distribution,3,remove,rating_lineup_top3_mean_5,51,0.9424671867420233,False
expanded_player_form_lightgbm,team_strength + opponent_adjusted_form + position_and_distribution,3,add,defensive_actions_per90_lineup_mean_trend_1_5,53,0.9424762053178481,False
expanded_player_form_lightgbm,team_strength + opponent_adjusted_form + position_and_distribution,3,remove,adjusted_defensive_actions_lineup_mean_3,51,0.9425363716113855,False
expanded_player_form_lightgbm,team_strength + opponent_adjusted_form + position_and_distribution,3,remove,rating_lineup_max_5,51,0.9425448099570453,False
expanded_player_form_lightgbm,team_strength + opponent_adjusted_form + position_and_distribution,3,add,key_passes_per90_lineup_mean_ewm,53,0.9425534729304734,False
expanded_player_form_lightgbm,team_strength + opponent_adjusted_form + position_and_distribution,3,remove,adjusted_key_passes_lineup_mean_ewm,51,0.9425684210131954,False
expanded_player_form_lightgbm,team_strength + opponent_adjusted_form + position_and_distribution,3,add,replacement_quality,53,0.9426191550595918,False
expanded_player_form_lightgbm,team_strength + opponent_adjusted_form + position_and_distribution,3,remove,mid_rating_mean_5,51,0.9426269316349709,False
expanded_player_form_lightgbm,team_strength + opponent_adjusted_form + position_and_distribution,3,remove,adjusted_key_passes_lineup_mean_std_5,51,0.942641093348078,False
expanded_player_form_lightgbm,team_strength + opponent_adjusted_form + position_and_distribution,3,add,shots_per90_lineup_mean_ewm,53,0.9426432915571528,False
expanded_player_form_lightgbm,team_strength + opponent_adjusted_form + position_and_distribution,3,add,mean_pairwise_prior_minutes,53,0.9426690249837595,False
expanded_player_form_lightgbm,team_strength + opponent_adjusted_form + position_and_distribution,3,remove,adjusted_rating_lineup_mean_5,51,0.942679770061585,False
expanded_player_form_lightgbm,team_strength + opponent_adjusted_form + position_and_distribution,3,add,defensive_actions_per90_lineup_mean_ewm,53,0.9426821691388048,False
expanded_player_form_lightgbm,team_strength + opponent_adjusted_form + position_and_distribution,3,add,rating_lineup_mean_3,53,0.9427005687379542,False
expanded_player_form_lightgbm,team_strength + opponent_adjusted_form + position_and_distribution,3,add,rating_lineup_mean_1,53,0.9427068420532001,False
expanded_player_form_lightgbm,team_strength + opponent_adjusted_form + position_and_distribution,3,remove,adjusted_defensive_actions_lineup_mean_1,51,0.9427171793448723,False
expanded_player_form_lightgbm,team_strength + opponent_adjusted_form + position_and_distribution,3,add,shots_per90_lineup_mean_3,53,0.9427478709541678,False
expanded_player_form_lightgbm,team_strength + opponent_adjusted_form + position_and_distribution,3,remove,adjusted_defensive_actions_lineup_mean_std_5,51,0.9427991161232219,False
expanded_player_form_lightgbm,team_strength + opponent_adjusted_form + position_and_distribution,3,remove,adjusted_shots_lineup_mean_5,51,0.9427991647467446,False
expanded_player_form_lightgbm,team_strength + opponent_adjusted_form + position_and_distribution,3,add,rating_lineup_mean_ewm,53,0.9428376229554403,False
expanded_player_form_lightgbm,team_strength + opponent_adjusted_form + position_and_distribution,3,add,defensive_actions_per90_sum_5,53,0.9428491262598627,False
expanded_player_form_lightgbm,team_strength + opponent_adjusted_form + position_and_distribution,3,add,adjusted_shots_lineup_mean_trend_1_5,53,0.9429107214539503,False
expanded_player_form_lightgbm,team_strength + opponent_adjusted_form + position_and_distribution,3,remove,gk_saves_per90_5,51,0.9429420934913565,False
expanded_player_form_lightgbm,team_strength + opponent_adjusted_form + position_and_distribution,3,remove,expected_goals_strength,51,0.9429467008155539,False
expanded_player_form_lightgbm,team_strength + opponent_adjusted_form + position_and_distribution,3,remove,adjusted_rating_lineup_mean_trend_1_5,51,0.9429514309465914,False
expanded_player_form_lightgbm,team_strength + opponent_adjusted_form + position_and_distribution,3,add,shots_per90_sum_5,53,0.9430572853960746,False
expanded_player_form_lightgbm,team_strength + opponent_adjusted_form + position_and_distribution,3,remove,prior_team_matches,51,0.9431488041887739,False
expanded_player_form_lightgbm,team_strength + opponent_adjusted_form + position_and_distribution,3,remove,attack_goal_rate_ewm,51,0.9431793034820249,False
expanded_player_form_lightgbm,team_strength + opponent_adjusted_form + position_and_distribution,3,add,rating_mean_5,53,0.9432325021454155,False
expanded_player_form_lightgbm,team_strength + opponent_adjusted_form + position_and_distribution,3,remove,adjusted_key_passes_lineup_mean_1,51,0.943337628813145,False
expanded_player_form_lightgbm,team_strength + opponent_adjusted_form + position_and_distribution,3,remove,key_passes_per90_sum_5,51,0.9440852729693812,False
