model,model_label,feature_set,validation_season,train_matches,validation_matches,validation_leagues,base_feature_count,model_column_count,log_loss,brier_score,accuracy,selected_groups
player_form_logistic,Pooled player-form logistic,legacy_player_form,2022-23,2743,1335,5,7,11,0.9807501580279391,0.5815309049626007,0.5441834955761554,legacy_player_form
player_form_logistic,Pooled player-form logistic,legacy_player_form,2023-24,4078,1233,5,7,11,0.9798364635465446,0.5810878349548724,0.5272451217965297,legacy_player_form
player_form_logistic,Pooled player-form logistic,legacy_player_form,2024-25,5311,1327,5,7,11,1.0075933263504286,0.598482969719471,0.5056789078479367,legacy_player_form
player_form_logistic,Pooled player-form logistic,team_strength,2022-23,2743,1335,5,8,12,0.9480544964231958,0.5551768158788105,0.5593869060663756,team_strength
player_form_logistic,Pooled player-form logistic,team_strength,2023-24,4078,1233,5,8,12,0.9401803085422029,0.5514632742623146,0.5685322165758727,team_strength
player_form_logistic,Pooled player-form logistic,team_strength,2024-25,5311,1327,5,8,12,0.9838083503103239,0.5826742473047452,0.5266480049071876,team_strength
player_form_logistic,Pooled player-form logistic,opponent_adjusted_form,2022-23,2743,1335,5,24,28,1.0469063960267229,0.6302678152158416,0.46592297067092936,opponent_adjusted_form
player_form_logistic,Pooled player-form logistic,opponent_adjusted_form,2023-24,4078,1233,5,24,28,1.0316088745853313,0.6186244523441996,0.48273131732795527,opponent_adjusted_form
player_form_logistic,Pooled player-form logistic,opponent_adjusted_form,2024-25,5311,1327,5,24,28,1.0508375450030285,0.6319476498998349,0.4678103296484973,opponent_adjusted_form
player_form_logistic,Pooled player-form logistic,lineup_continuity,2022-23,2743,1335,5,7,11,1.0332630325939351,0.6203270770217207,0.5048592710731175,lineup_continuity
player_form_logistic,Pooled player-form logistic,lineup_continuity,2023-24,4078,1233,5,7,11,1.0382757849893942,0.6246652609050086,0.4992314194088525,lineup_continuity
player_form_logistic,Pooled player-form logistic,lineup_continuity,2024-25,5311,1327,5,7,11,1.0544828391601326,0.634762175209003,0.4783697843289175,lineup_continuity
player_form_logistic,Pooled player-form logistic,position_and_distribution,2022-23,2743,1335,5,20,24,1.0063811008222283,0.597581310971129,0.5323512558498682,position_and_distribution
player_form_logistic,Pooled player-form logistic,position_and_distribution,2023-24,4078,1233,5,20,24,1.001226087196529,0.5962247536506051,0.5196703787050182,position_and_distribution
player_form_logistic,Pooled player-form logistic,position_and_distribution,2024-25,5311,1327,5,20,24,1.0115911231256691,0.6021577951787638,0.5143753961201528,position_and_distribution
player_form_logistic,Pooled player-form logistic,recency,2022-23,2743,1335,5,17,21,0.9881700732064467,0.5860105078493774,0.537222167107491,recency
player_form_logistic,Pooled player-form logistic,recency,2023-24,4078,1233,5,17,21,0.9813579549781304,0.5825749665536792,0.5258059540257356,recency
player_form_logistic,Pooled player-form logistic,recency,2024-25,5311,1327,5,17,21,1.0172337271122027,0.6048406174449303,0.5129710595255303,recency
player_form_logistic,Pooled player-form logistic,legacy_player_form + team_strength,2022-23,2743,1335,5,15,19,0.9382164479318715,0.5499451564947307,0.5676273836887673,legacy_player_form|team_strength
player_form_logistic,Pooled player-form logistic,legacy_player_form + team_strength,2023-24,4078,1233,5,15,19,0.9382414182100337,0.5490012749419503,0.5717427974728431,legacy_player_form|team_strength
player_form_logistic,Pooled player-form logistic,legacy_player_form + team_strength,2024-25,5311,1327,5,15,19,0.9837869618976546,0.5815983340519721,0.5301566601875501,legacy_player_form|team_strength
player_form_logistic,Pooled player-form logistic,legacy_player_form + opponent_adjusted_form,2022-23,2743,1335,5,31,35,0.9468132495977933,0.5593382922891256,0.5580373485442518,legacy_player_form|opponent_adjusted_form
player_form_logistic,Pooled player-form logistic,legacy_player_form + opponent_adjusted_form,2023-24,4078,1233,5,31,35,0.95502366358203,0.563222906753258,0.5477109030373348,legacy_player_form|opponent_adjusted_form
player_form_logistic,Pooled player-form logistic,legacy_player_form + opponent_adjusted_form,2024-25,5311,1327,5,31,35,0.9811928601442966,0.5816526772228328,0.5267594371585461,legacy_player_form|opponent_adjusted_form
player_form_logistic,Pooled player-form logistic,legacy_player_form + lineup_continuity,2022-23,2743,1335,5,14,18,0.9787763550499307,0.5791600010491564,0.5406810763197035,legacy_player_form|lineup_continuity
player_form_logistic,Pooled player-form logistic,legacy_player_form + lineup_continuity,2023-24,4078,1233,5,14,18,0.969899971382041,0.5742552954104703,0.5425086110819392,legacy_player_form|lineup_continuity
player_form_logistic,Pooled player-form logistic,legacy_player_form + lineup_continuity,2024-25,5311,1327,5,14,18,1.006636077256972,0.5976004600691631,0.5144463337388648,legacy_player_form|lineup_continuity
player_form_logistic,Pooled player-form logistic,legacy_player_form + position_and_distribution,2022-23,2743,1335,5,27,31,0.9783488680624768,0.5772947506774697,0.5450320569228679,legacy_player_form|position_and_distribution
player_form_logistic,Pooled player-form logistic,legacy_player_form + position_and_distribution,2023-24,4078,1233,5,27,31,0.972298092911906,0.5766384629008389,0.5319584784691156,legacy_player_form|position_and_distribution
player_form_logistic,Pooled player-form logistic,legacy_player_form + position_and_distribution,2024-25,5311,1327,5,27,31,0.9983286376045422,0.5929189193907497,0.5205914183007356,legacy_player_form|position_and_distribution
player_form_logistic,Pooled player-form logistic,legacy_player_form + recency,2022-23,2743,1335,5,24,28,0.9789018384296224,0.5810671976872372,0.5346814256443425,legacy_player_form|recency
player_form_logistic,Pooled player-form logistic,legacy_player_form + recency,2023-24,4078,1233,5,24,28,0.9705532659090645,0.5744296385494227,0.5403954399682476,legacy_player_form|recency
player_form_logistic,Pooled player-form logistic,legacy_player_form + recency,2024-25,5311,1327,5,24,28,0.997349008630706,0.5917778286205201,0.5167652743509855,legacy_player_form|recency
player_form_logistic,Pooled player-form logistic,team_strength + opponent_adjusted_form,2022-23,2743,1335,5,32,36,0.9389617885499563,0.5513076387089515,0.5635310413171786,team_strength|opponent_adjusted_form
player_form_logistic,Pooled player-form logistic,team_strength + opponent_adjusted_form,2023-24,4078,1233,5,32,36,0.9409929608973459,0.5509272874363224,0.5666789952330907,team_strength|opponent_adjusted_form
player_form_logistic,Pooled player-form logistic,team_strength + opponent_adjusted_form,2024-25,5311,1327,5,32,36,0.9858676951968496,0.5821176998546104,0.5280646911416187,team_strength|opponent_adjusted_form
player_form_logistic,Pooled player-form logistic,team_strength + lineup_continuity,2022-23,2743,1335,5,15,19,0.9523863727745562,0.5574412860180117,0.55337732563147,team_strength|lineup_continuity
player_form_logistic,Pooled player-form logistic,team_strength + lineup_continuity,2023-24,4078,1233,5,15,19,0.9389722266085773,0.5506582523675068,0.5708638041348808,team_strength|lineup_continuity
player_form_logistic,Pooled player-form logistic,team_strength + lineup_continuity,2024-25,5311,1327,5,15,19,0.9869152356875961,0.5840943022993803,0.5274749277481706,team_strength|lineup_continuity
player_form_logistic,Pooled player-form logistic,team_strength + position_and_distribution,2022-23,2743,1335,5,28,32,0.953399410596961,0.5582811274915679,0.5630318499156746,team_strength|position_and_distribution
player_form_logistic,Pooled player-form logistic,team_strength + position_and_distribution,2023-24,4078,1233,5,28,32,0.945854758439685,0.5535893566131498,0.5666623963314341,team_strength|position_and_distribution
player_form_logistic,Pooled player-form logistic,team_strength + position_and_distribution,2024-25,5311,1327,5,28,32,0.9837692532446815,0.5819831427386899,0.5232397215641427,team_strength|position_and_distribution
player_form_logistic,Pooled player-form logistic,team_strength + recency,2022-23,2743,1335,5,25,29,0.939854905301933,0.551393454937361,0.565152243935558,team_strength|recency
player_form_logistic,Pooled player-form logistic,team_strength + recency,2023-24,4078,1233,5,25,29,0.9384621284751381,0.550555172618785,0.5703168987496013,team_strength|recency
player_form_logistic,Pooled player-form logistic,team_strength + recency,2024-25,5311,1327,5,25,29,0.9840542347638873,0.5818184825424355,0.5306184778123951,team_strength|recency
player_form_logistic,Pooled player-form logistic,opponent_adjusted_form + lineup_continuity,2022-23,2743,1335,5,31,35,1.027305035344419,0.6153693602911684,0.5075654758334982,opponent_adjusted_form|lineup_continuity
player_form_logistic,Pooled player-form logistic,opponent_adjusted_form + lineup_continuity,2023-24,4078,1233,5,31,35,1.0122702562435875,0.6049812937450065,0.48861048863590284,opponent_adjusted_form|lineup_continuity
player_form_logistic,Pooled player-form logistic,opponent_adjusted_form + lineup_continuity,2024-25,5311,1327,5,31,35,1.0442760782603255,0.6254649112853837,0.48895235700361706,opponent_adjusted_form|lineup_continuity
player_form_logistic,Pooled player-form logistic,opponent_adjusted_form + position_and_distribution,2022-23,2743,1335,5,44,48,1.0173500504577657,0.605015667525681,0.5125402209091837,opponent_adjusted_form|position_and_distribution
player_form_logistic,Pooled player-form logistic,opponent_adjusted_form + position_and_distribution,2023-24,4078,1233,5,44,48,1.0022551896708356,0.5975582609809392,0.5115599714043368,opponent_adjusted_form|position_and_distribution
player_form_logistic,Pooled player-form logistic,opponent_adjusted_form + position_and_distribution,2024-25,5311,1327,5,44,48,1.0099175888458585,0.6008239860884741,0.5133564670181232,opponent_adjusted_form|position_and_distribution
player_form_logistic,Pooled player-form logistic,opponent_adjusted_form + recency,2022-23,2743,1335,5,41,45,0.9441825724181317,0.5575334601016901,0.564805351584343,opponent_adjusted_form|recency
player_form_logistic,Pooled player-form logistic,opponent_adjusted_form + recency,2023-24,4078,1233,5,41,45,0.9504350874724408,0.5597453552030772,0.5553348730360446,opponent_adjusted_form|recency
player_form_logistic,Pooled player-form logistic,opponent_adjusted_form + recency,2024-25,5311,1327,5,41,45,0.9857318562476449,0.5834985921653661,0.5223695258073102,opponent_adjusted_form|recency
player_form_logistic,Pooled player-form logistic,lineup_continuity + position_and_distribution,2022-23,2743,1335,5,27,31,0.9940955448748268,0.5876345282650328,0.5445941981750111,lineup_continuity|position_and_distribution
player_form_logistic,Pooled player-form logistic,lineup_continuity + position_and_distribution,2023-24,4078,1233,5,27,31,0.99252015406077,0.5893281373312831,0.5276984562614835,lineup_continuity|position_and_distribution
player_form_logistic,Pooled player-form logistic,lineup_continuity + position_and_distribution,2024-25,5311,1327,5,27,31,1.015412978121684,0.6038656569642186,0.5128738018873618,lineup_continuity|position_and_distribution
player_form_logistic,Pooled player-form logistic,lineup_continuity + recency,2022-23,2743,1335,5,24,28,0.9801927920041624,0.5796581023298059,0.5461483625973873,lineup_continuity|recency
player_form_logistic,Pooled player-form logistic,lineup_continuity + recency,2023-24,4078,1233,5,24,28,0.972830523801125,0.5764458639570693,0.536019607675241,lineup_continuity|recency
player_form_logistic,Pooled player-form logistic,lineup_continuity + recency,2024-25,5311,1327,5,24,28,1.0187319313852226,0.6050435661974999,0.5096678623274362,lineup_continuity|recency
player_form_logistic,Pooled player-form logistic,position_and_distribution + recency,2022-23,2743,1335,5,37,41,0.9805237178558762,0.578649464769295,0.5390004495120104,position_and_distribution|recency
player_form_logistic,Pooled player-form logistic,position_and_distribution + recency,2023-24,4078,1233,5,37,41,0.9736709656885827,0.5781887756283547,0.5276087645306827,position_and_distribution|recency
player_form_logistic,Pooled player-form logistic,position_and_distribution + recency,2024-25,5311,1327,5,37,41,1.0030610380096572,0.5962576377610134,0.5168265210505998,position_and_distribution|recency
player_form_logistic,Pooled player-form logistic,legacy_player_form + team_strength + opponent_adjusted_form,2022-23,2743,1335,5,39,43,0.944065800624634,0.5540392189722622,0.5572243214862816,legacy_player_form|team_strength|opponent_adjusted_form
player_form_logistic,Pooled player-form logistic,legacy_player_form + team_strength + opponent_adjusted_form,2023-24,4078,1233,5,39,43,0.9441010626914143,0.5520622001414509,0.5629536571404874,legacy_player_form|team_strength|opponent_adjusted_form
player_form_logistic,Pooled player-form logistic,legacy_player_form + team_strength + opponent_adjusted_form,2024-25,5311,1327,5,39,43,0.9852438903551445,0.5818803104302628,0.5322595302645663,legacy_player_form|team_strength|opponent_adjusted_form
player_form_logistic,Pooled player-form logistic,legacy_player_form + team_strength + lineup_continuity,2022-23,2743,1335,5,22,26,0.9436080125101736,0.5530383466800479,0.5641454320817432,legacy_player_form|team_strength|lineup_continuity
player_form_logistic,Pooled player-form logistic,legacy_player_form + team_strength + lineup_continuity,2023-24,4078,1233,5,22,26,0.9382826448105863,0.5489605391117729,0.5694160183039612,legacy_player_form|team_strength|lineup_continuity
player_form_logistic,Pooled player-form logistic,legacy_player_form + team_strength + lineup_continuity,2024-25,5311,1327,5,22,26,0.986701962737704,0.582694858784847,0.5291798418906343,legacy_player_form|team_strength|lineup_continuity
player_form_logistic,Pooled player-form logistic,legacy_player_form + team_strength + position_and_distribution,2022-23,2743,1335,5,35,39,0.9509485709221112,0.5567177612524233,0.5652450996464997,legacy_player_form|team_strength|position_and_distribution
player_form_logistic,Pooled player-form logistic,legacy_player_form + team_strength + position_and_distribution,2023-24,4078,1233,5,35,39,0.9434324764062401,0.5522432586808073,0.5667918209632861,legacy_player_form|team_strength|position_and_distribution
player_form_logistic,Pooled player-form logistic,legacy_player_form + team_strength + position_and_distribution,2024-25,5311,1327,5,35,39,0.9852659333443793,0.5815650390352498,0.5282022133718756,legacy_player_form|team_strength|position_and_distribution
player_form_logistic,Pooled player-form logistic,legacy_player_form + team_strength + recency,2022-23,2743,1335,5,32,36,0.9414166455057803,0.5525122216886006,0.5621724531529455,legacy_player_form|team_strength|recency
player_form_logistic,Pooled player-form logistic,legacy_player_form + team_strength + recency,2023-24,4078,1233,5,32,36,0.9409684391193762,0.5512992054701052,0.5627838928201786,legacy_player_form|team_strength|recency
player_form_logistic,Pooled player-form logistic,legacy_player_form + team_strength + recency,2024-25,5311,1327,5,32,36,0.9840151329991125,0.5816890349598665,0.5330153743281667,legacy_player_form|team_strength|recency
player_form_logistic,Pooled player-form logistic,legacy_player_form + opponent_adjusted_form + lineup_continuity,2022-23,2743,1335,5,38,42,0.9496125525562789,0.5601775986668251,0.5573936790129268,legacy_player_form|opponent_adjusted_form|lineup_continuity
player_form_logistic,Pooled player-form logistic,legacy_player_form + opponent_adjusted_form + lineup_continuity,2023-24,4078,1233,5,38,42,0.9518386916548207,0.5609675661859526,0.5486896290866253,legacy_player_form|opponent_adjusted_form|lineup_continuity
player_form_logistic,Pooled player-form logistic,legacy_player_form + opponent_adjusted_form + lineup_continuity,2024-25,5311,1327,5,38,42,0.9842551782560787,0.5826038446870729,0.5338218676776627,legacy_player_form|opponent_adjusted_form|lineup_continuity
player_form_logistic,Pooled player-form logistic,legacy_player_form + opponent_adjusted_form + position_and_distribution,2022-23,2743,1335,5,51,55,0.9609865852795911,0.5673121528111557,0.5482760084080791,legacy_player_form|opponent_adjusted_form|position_and_distribution
player_form_logistic,Pooled player-form logistic,legacy_player_form + opponent_adjusted_form + position_and_distribution,2023-24,4078,1233,5,51,55,0.9625583122013497,0.5686670286597719,0.5364158317188015,legacy_player_form|opponent_adjusted_form|position_and_distribution
player_form_logistic,Pooled player-form logistic,legacy_player_form + opponent_adjusted_form + position_and_distribution,2024-25,5311,1327,5,51,55,0.9848391461001412,0.5833940155931396,0.5268239412409754,legacy_player_form|opponent_adjusted_form|position_and_distribution
player_form_logistic,Pooled player-form logistic,legacy_player_form + opponent_adjusted_form + recency,2022-23,2743,1335,5,48,52,0.9436402611120306,0.5570657614018395,0.5559611182386602,legacy_player_form|opponent_adjusted_form|recency
player_form_logistic,Pooled player-form logistic,legacy_player_form + opponent_adjusted_form + recency,2023-24,4078,1233,5,48,52,0.9515163651154637,0.5602492525241649,0.5474994965212325,legacy_player_form|opponent_adjusted_form|recency
player_form_logistic,Pooled player-form logistic,legacy_player_form + opponent_adjusted_form + recency,2024-25,5311,1327,5,48,52,0.9792484217562556,0.5797276748215789,0.527830053527343,legacy_player_form|opponent_adjusted_form|recency
player_form_logistic,Pooled player-form logistic,legacy_player_form + lineup_continuity + position_and_distribution,2022-23,2743,1335,5,34,38,0.9797976050796888,0.5771063381490561,0.5448388676463637,legacy_player_form|lineup_continuity|position_and_distribution
player_form_logistic,Pooled player-form logistic,legacy_player_form + lineup_continuity + position_and_distribution,2023-24,4078,1233,5,34,38,0.9664675565929561,0.5723542351358057,0.536632570513681,legacy_player_form|lineup_continuity|position_and_distribution
player_form_logistic,Pooled player-form logistic,legacy_player_form + lineup_continuity + position_and_distribution,2024-25,5311,1327,5,34,38,1.0008733732947366,0.5938396622482203,0.5187199327263988,legacy_player_form|lineup_continuity|position_and_distribution
player_form_logistic,Pooled player-form logistic,legacy_player_form + lineup_continuity + recency,2022-23,2743,1335,5,31,35,0.9775420448927454,0.5788651972033112,0.5409873369701582,legacy_player_form|lineup_continuity|recency
player_form_logistic,Pooled player-form logistic,legacy_player_form + lineup_continuity + recency,2023-24,4078,1233,5,31,35,0.9628215845011951,0.5690252877628514,0.5472220372740505,legacy_player_form|lineup_continuity|recency
player_form_logistic,Pooled player-form logistic,legacy_player_form + lineup_continuity + recency,2024-25,5311,1327,5,31,35,0.9983386753020218,0.5921944913820745,0.51957597434055,legacy_player_form|lineup_continuity|recency
player_form_logistic,Pooled player-form logistic,legacy_player_form + position_and_distribution + recency,2022-23,2743,1335,5,44,48,0.9798879278346311,0.578387586007671,0.527983824200075,legacy_player_form|position_and_distribution|recency
player_form_logistic,Pooled player-form logistic,legacy_player_form + position_and_distribution + recency,2023-24,4078,1233,5,44,48,0.9665379207487229,0.5725631827595391,0.5396357051464639,legacy_player_form|position_and_distribution|recency
player_form_logistic,Pooled player-form logistic,legacy_player_form + position_and_distribution + recency,2024-25,5311,1327,5,44,48,0.9927625994581077,0.5892889002671357,0.5301169440006632,legacy_player_form|position_and_distribution|recency
player_form_logistic,Pooled player-form logistic,team_strength + opponent_adjusted_form + lineup_continuity,2022-23,2743,1335,5,39,43,0.942350024109403,0.5530571144569236,0.5668313569564413,team_strength|opponent_adjusted_form|lineup_continuity
player_form_logistic,Pooled player-form logistic,team_strength + opponent_adjusted_form + lineup_continuity,2023-24,4078,1233,5,39,43,0.9400044530901356,0.5504314719279118,0.566835316838202,team_strength|opponent_adjusted_form|lineup_continuity
player_form_logistic,Pooled player-form logistic,team_strength + opponent_adjusted_form + lineup_continuity,2024-25,5311,1327,5,39,43,0.9895899346423376,0.5835653651806572,0.5365917172310034,team_strength|opponent_adjusted_form|lineup_continuity
player_form_logistic,Pooled player-form logistic,team_strength + opponent_adjusted_form + position_and_distribution,2022-23,2743,1335,5,52,56,0.9533851134138016,0.5586375377902061,0.5583815755377283,team_strength|opponent_adjusted_form|position_and_distribution
player_form_logistic,Pooled player-form logistic,team_strength + opponent_adjusted_form + position_and_distribution,2023-24,4078,1233,5,52,56,0.9474144704326701,0.5545280666566864,0.5587968716906083,team_strength|opponent_adjusted_form|position_and_distribution
player_form_logistic,Pooled player-form logistic,team_strength + opponent_adjusted_form + position_and_distribution,2024-25,5311,1327,5,52,56,0.9889002382996575,0.5831178318331527,0.5340824885263132,team_strength|opponent_adjusted_form|position_and_distribution
player_form_logistic,Pooled player-form logistic,team_strength + opponent_adjusted_form + recency,2022-23,2743,1335,5,49,53,0.9450499281839863,0.5548568487472461,0.5593066520117531,team_strength|opponent_adjusted_form|recency
player_form_logistic,Pooled player-form logistic,team_strength + opponent_adjusted_form + recency,2023-24,4078,1233,5,49,53,0.9406076449644113,0.5507321359868129,0.5659649323785411,team_strength|opponent_adjusted_form|recency
player_form_logistic,Pooled player-form logistic,team_strength + opponent_adjusted_form + recency,2024-25,5311,1327,5,49,53,0.9839257622721755,0.5813494119114155,0.5274524938561811,team_strength|opponent_adjusted_form|recency
player_form_logistic,Pooled player-form logistic,team_strength + lineup_continuity + position_and_distribution,2022-23,2743,1335,5,35,39,0.9569595884871533,0.5603165366209766,0.5543817180420033,team_strength|lineup_continuity|position_and_distribution
player_form_logistic,Pooled player-form logistic,team_strength + lineup_continuity + position_and_distribution,2023-24,4078,1233,5,35,39,0.9459526985522894,0.5531245991444214,0.563791867963732,team_strength|lineup_continuity|position_and_distribution
player_form_logistic,Pooled player-form logistic,team_strength + lineup_continuity + position_and_distribution,2024-25,5311,1327,5,35,39,0.9877338268567888,0.5836189632673069,0.5267709453381043,team_strength|lineup_continuity|position_and_distribution
player_form_logistic,Pooled player-form logistic,team_strength + lineup_continuity + recency,2022-23,2743,1335,5,32,36,0.9437377978502022,0.5533694612228803,0.5639066816055612,team_strength|lineup_continuity|recency
player_form_logistic,Pooled player-form logistic,team_strength + lineup_continuity + recency,2023-24,4078,1233,5,32,36,0.9375157146159807,0.5497609288566881,0.5736784435261362,team_strength|lineup_continuity|recency
player_form_logistic,Pooled player-form logistic,team_strength + lineup_continuity + recency,2024-25,5311,1327,5,32,36,0.9874907589876015,0.5830394016498326,0.5320732819195687,team_strength|lineup_continuity|recency
player_form_logistic,Pooled player-form logistic,team_strength + position_and_distribution + recency,2022-23,2743,1335,5,45,49,0.9514870856576619,0.5572155473460617,0.5607997495455838,team_strength|position_and_distribution|recency
player_form_logistic,Pooled player-form logistic,team_strength + position_and_distribution + recency,2023-24,4078,1233,5,45,49,0.9432591539318214,0.5531756196583621,0.5642679376745753,team_strength|position_and_distribution|recency
player_form_logistic,Pooled player-form logistic,team_strength + position_and_distribution + recency,2024-25,5311,1327,5,45,49,0.9862118879889135,0.5823692415074383,0.534296905093482,team_strength|position_and_distribution|recency
player_form_logistic,Pooled player-form logistic,opponent_adjusted_form + lineup_continuity + position_and_distribution,2022-23,2743,1335,5,51,55,1.0051875402395951,0.5951289681542219,0.5296327726483713,opponent_adjusted_form|lineup_continuity|position_and_distribution
player_form_logistic,Pooled player-form logistic,opponent_adjusted_form + lineup_continuity + position_and_distribution,2023-24,4078,1233,5,51,55,0.9935335456027292,0.5906662591522058,0.5184027502323054,opponent_adjusted_form|lineup_continuity|position_and_distribution
player_form_logistic,Pooled player-form logistic,opponent_adjusted_form + lineup_continuity + position_and_distribution,2024-25,5311,1327,5,51,55,1.0152189753873553,0.6019551370729006,0.5229159680176949,opponent_adjusted_form|lineup_continuity|position_and_distribution
player_form_logistic,Pooled player-form logistic,opponent_adjusted_form + lineup_continuity + recency,2022-23,2743,1335,5,48,52,0.9464814882425013,0.5583065333996567,0.5640878647450869,opponent_adjusted_form|lineup_continuity|recency
player_form_logistic,Pooled player-form logistic,opponent_adjusted_form + lineup_continuity + recency,2023-24,4078,1233,5,48,52,0.9479090235926447,0.5578863026537593,0.5513707886278187,opponent_adjusted_form|lineup_continuity|recency
player_form_logistic,Pooled player-form logistic,opponent_adjusted_form + lineup_continuity + recency,2024-25,5311,1327,5,48,52,0.9897755977213517,0.5851421794717564,0.5242191556812533,opponent_adjusted_form|lineup_continuity|recency
player_form_logistic,Pooled player-form logistic,opponent_adjusted_form + position_and_distribution + recency,2022-23,2743,1335,5,61,65,0.9578945729167527,0.5647452394185122,0.5596414536855968,opponent_adjusted_form|position_and_distribution|recency
player_form_logistic,Pooled player-form logistic,opponent_adjusted_form + position_and_distribution + recency,2023-24,4078,1233,5,61,65,0.9572438551833627,0.5646374460126898,0.532011962069979,opponent_adjusted_form|position_and_distribution|recency
player_form_logistic,Pooled player-form logistic,opponent_adjusted_form + position_and_distribution + recency,2024-25,5311,1327,5,61,65,0.9868436235434185,0.5837377223974372,0.5215237192462394,opponent_adjusted_form|position_and_distribution|recency
player_form_logistic,Pooled player-form logistic,lineup_continuity + position_and_distribution + recency,2022-23,2743,1335,5,44,48,0.9770897132024189,0.5752222457704161,0.540361819335406,lineup_continuity|position_and_distribution|recency
player_form_logistic,Pooled player-form logistic,lineup_continuity + position_and_distribution + recency,2023-24,4078,1233,5,44,48,0.9690042983302017,0.5749243393786492,0.5325287888487701,lineup_continuity|position_and_distribution|recency
player_form_logistic,Pooled player-form logistic,lineup_continuity + position_and_distribution + recency,2024-25,5311,1327,5,44,48,1.0079519660661302,0.5981364147698282,0.5195256584584148,lineup_continuity|position_and_distribution|recency
player_form_logistic,Pooled player-form logistic,legacy_player_form + team_strength + opponent_adjusted_form + lineup_continuity,2022-23,2743,1335,5,46,50,0.9485732620929734,0.5563818495705661,0.5610079989223669,legacy_player_form|team_strength|opponent_adjusted_form|lineup_continuity
player_form_logistic,Pooled player-form logistic,legacy_player_form + team_strength + opponent_adjusted_form + lineup_continuity,2023-24,4078,1233,5,46,50,0.9436372239116105,0.5521030468993235,0.5682508479703153,legacy_player_form|team_strength|opponent_adjusted_form|lineup_continuity
player_form_logistic,Pooled player-form logistic,legacy_player_form + team_strength + opponent_adjusted_form + lineup_continuity,2024-25,5311,1327,5,46,50,0.9885174335197588,0.5830968299492459,0.5342491871732186,legacy_player_form|team_strength|opponent_adjusted_form|lineup_continuity
player_form_logistic,Pooled player-form logistic,legacy_player_form + team_strength + opponent_adjusted_form + position_and_distribution,2022-23,2743,1335,5,59,63,0.9577162244256814,0.5608648368090413,0.5530133033415782,legacy_player_form|team_strength|opponent_adjusted_form|position_and_distribution
player_form_logistic,Pooled player-form logistic,legacy_player_form + team_strength + opponent_adjusted_form + position_and_distribution,2023-24,4078,1233,5,59,63,0.9490445867789422,0.5553453875970625,0.5658765686018468,legacy_player_form|team_strength|opponent_adjusted_form|position_and_distribution
player_form_logistic,Pooled player-form logistic,legacy_player_form + team_strength + opponent_adjusted_form + position_and_distribution,2024-25,5311,1327,5,59,63,0.9881806245444625,0.582788660858279,0.531477743581265,legacy_player_form|team_strength|opponent_adjusted_form|position_and_distribution
player_form_logistic,Pooled player-form logistic,legacy_player_form + team_strength + opponent_adjusted_form + recency,2022-23,2743,1335,5,56,60,0.9459459547318442,0.5555873433811052,0.5597011819400797,legacy_player_form|team_strength|opponent_adjusted_form|recency
player_form_logistic,Pooled player-form logistic,legacy_player_form + team_strength + opponent_adjusted_form + recency,2023-24,4078,1233,5,56,60,0.9436336872923707,0.5520445022006273,0.5655022104166,legacy_player_form|team_strength|opponent_adjusted_form|recency
player_form_logistic,Pooled player-form logistic,legacy_player_form + team_strength + opponent_adjusted_form + recency,2024-25,5311,1327,5,56,60,0.9851474735080208,0.5818578332137646,0.5263983546611737,legacy_player_form|team_strength|opponent_adjusted_form|recency
player_form_logistic,Pooled player-form logistic,legacy_player_form + team_strength + lineup_continuity + position_and_distribution,2022-23,2743,1335,5,42,46,0.9559036607314235,0.5596637626074572,0.5631591399561062,legacy_player_form|team_strength|lineup_continuity|position_and_distribution
player_form_logistic,Pooled player-form logistic,legacy_player_form + team_strength + lineup_continuity + position_and_distribution,2023-24,4078,1233,5,42,46,0.9444066552122672,0.552570193624889,0.5691974003831894,legacy_player_form|team_strength|lineup_continuity|position_and_distribution
player_form_logistic,Pooled player-form logistic,legacy_player_form + team_strength + lineup_continuity + position_and_distribution,2024-25,5311,1327,5,42,46,0.9885286165429198,0.5827990706157042,0.5275810178163801,legacy_player_form|team_strength|lineup_continuity|position_and_distribution
player_form_logistic,Pooled player-form logistic,legacy_player_form + team_strength + lineup_continuity + recency,2022-23,2743,1335,5,39,43,0.9464015790957891,0.5552075068283525,0.5583877729089984,legacy_player_form|team_strength|lineup_continuity|recency
player_form_logistic,Pooled player-form logistic,legacy_player_form + team_strength + lineup_continuity + recency,2023-24,4078,1233,5,39,43,0.9411007728912301,0.5512547564761276,0.5674221311532177,legacy_player_form|team_strength|lineup_continuity|recency
player_form_logistic,Pooled player-form logistic,legacy_player_form + team_strength + lineup_continuity + recency,2024-25,5311,1327,5,39,43,0.9867583145047067,0.5826958725591862,0.5329381880316847,legacy_player_form|team_strength|lineup_continuity|recency
player_form_logistic,Pooled player-form logistic,legacy_player_form + team_strength + position_and_distribution + recency,2022-23,2743,1335,5,52,56,0.9544582045090053,0.5590928529954072,0.5606403474675529,legacy_player_form|team_strength|position_and_distribution|recency
player_form_logistic,Pooled player-form logistic,legacy_player_form + team_strength + position_and_distribution + recency,2023-24,4078,1233,5,52,56,0.9452161264406834,0.5540166828380276,0.5674609650225179,legacy_player_form|team_strength|position_and_distribution|recency
player_form_logistic,Pooled player-form logistic,legacy_player_form + team_strength + position_and_distribution + recency,2024-25,5311,1327,5,52,56,0.98557992587305,0.5817699361366624,0.531890391501383,legacy_player_form|team_strength|position_and_distribution|recency
player_form_logistic,Pooled player-form logistic,legacy_player_form + opponent_adjusted_form + lineup_continuity + position_and_distribution,2022-23,2743,1335,5,58,62,0.9635971674167296,0.5680067825411219,0.5383021173771889,legacy_player_form|opponent_adjusted_form|lineup_continuity|position_and_distribution
player_form_logistic,Pooled player-form logistic,legacy_player_form + opponent_adjusted_form + lineup_continuity + position_and_distribution,2023-24,4078,1233,5,58,62,0.9602969108981647,0.566916321622414,0.5469103046384435,legacy_player_form|opponent_adjusted_form|lineup_continuity|position_and_distribution
player_form_logistic,Pooled player-form logistic,legacy_player_form + opponent_adjusted_form + lineup_continuity + position_and_distribution,2024-25,5311,1327,5,58,62,0.988851423605323,0.5848299335076149,0.5240684670322839,legacy_player_form|opponent_adjusted_form|lineup_continuity|position_and_distribution
player_form_logistic,Pooled player-form logistic,legacy_player_form + opponent_adjusted_form + lineup_continuity + recency,2022-23,2743,1335,5,55,59,0.9466983632203526,0.5581378813554551,0.5575139050262954,legacy_player_form|opponent_adjusted_form|lineup_continuity|recency
player_form_logistic,Pooled player-form logistic,legacy_player_form + opponent_adjusted_form + lineup_continuity + recency,2023-24,4078,1233,5,55,59,0.9490597150298671,0.5585552456359042,0.5553392761142202,legacy_player_form|opponent_adjusted_form|lineup_continuity|recency
player_form_logistic,Pooled player-form logistic,legacy_player_form + opponent_adjusted_form + lineup_continuity + recency,2024-25,5311,1327,5,55,59,0.9819299524091789,0.5805943793810904,0.5294678250108317,legacy_player_form|opponent_adjusted_form|lineup_continuity|recency
player_form_logistic,Pooled player-form logistic,legacy_player_form + opponent_adjusted_form + position_and_distribution + recency,2022-23,2743,1335,5,68,72,0.958094487759781,0.5652165355999388,0.5572810994678906,legacy_player_form|opponent_adjusted_form|position_and_distribution|recency
player_form_logistic,Pooled player-form logistic,legacy_player_form + opponent_adjusted_form + position_and_distribution + recency,2023-24,4078,1233,5,68,72,0.9579471164423671,0.5650692378085129,0.5339843354197795,legacy_player_form|opponent_adjusted_form|position_and_distribution|recency
player_form_logistic,Pooled player-form logistic,legacy_player_form + opponent_adjusted_form + position_and_distribution + recency,2024-25,5311,1327,5,68,72,0.98153867534174,0.5804051226392756,0.524869336237824,legacy_player_form|opponent_adjusted_form|position_and_distribution|recency
player_form_logistic,Pooled player-form logistic,legacy_player_form + lineup_continuity + position_and_distribution + recency,2022-23,2743,1335,5,51,55,0.9807694642886327,0.5778284239437246,0.5342925496466959,legacy_player_form|lineup_continuity|position_and_distribution|recency
player_form_logistic,Pooled player-form logistic,legacy_player_form + lineup_continuity + position_and_distribution + recency,2023-24,4078,1233,5,51,55,0.9623121228876002,0.5694048681827203,0.5438385358703123,legacy_player_form|lineup_continuity|position_and_distribution|recency
player_form_logistic,Pooled player-form logistic,legacy_player_form + lineup_continuity + position_and_distribution + recency,2024-25,5311,1327,5,51,55,0.9961532233198328,0.5907765242852674,0.5307751808230446,legacy_player_form|lineup_continuity|position_and_distribution|recency
player_form_logistic,Pooled player-form logistic,team_strength + opponent_adjusted_form + lineup_continuity + position_and_distribution,2022-23,2743,1335,5,59,63,0.9579520045800016,0.5613624908800235,0.5560232785474224,team_strength|opponent_adjusted_form|lineup_continuity|position_and_distribution
player_form_logistic,Pooled player-form logistic,team_strength + opponent_adjusted_form + lineup_continuity + position_and_distribution,2023-24,4078,1233,5,59,63,0.947054834428634,0.554241938222179,0.5620343495608381,team_strength|opponent_adjusted_form|lineup_continuity|position_and_distribution
player_form_logistic,Pooled player-form logistic,team_strength + opponent_adjusted_form + lineup_continuity + position_and_distribution,2024-25,5311,1327,5,59,63,0.9928694804270382,0.5845497644405329,0.5271552270634168,team_strength|opponent_adjusted_form|lineup_continuity|position_and_distribution
player_form_logistic,Pooled player-form logistic,team_strength + opponent_adjusted_form + lineup_continuity + recency,2022-23,2743,1335,5,56,60,0.9482422794362609,0.5565325166098479,0.562271409083767,team_strength|opponent_adjusted_form|lineup_continuity|recency
player_form_logistic,Pooled player-form logistic,team_strength + opponent_adjusted_form + lineup_continuity + recency,2023-24,4078,1233,5,56,60,0.9394030702768843,0.5502607798216979,0.5673128094694471,team_strength|opponent_adjusted_form|lineup_continuity|recency
player_form_logistic,Pooled player-form logistic,team_strength + opponent_adjusted_form + lineup_continuity + recency,2024-25,5311,1327,5,56,60,0.9874127493407391,0.5827318397637067,0.5340563471044616,team_strength|opponent_adjusted_form|lineup_continuity|recency
player_form_logistic,Pooled player-form logistic,team_strength + opponent_adjusted_form + position_and_distribution + recency,2022-23,2743,1335,5,69,73,0.9583155429689111,0.5611588424972842,0.5564586080896095,team_strength|opponent_adjusted_form|position_and_distribution|recency
player_form_logistic,Pooled player-form logistic,team_strength + opponent_adjusted_form + position_and_distribution + recency,2023-24,4078,1233,5,69,73,0.9462547251456058,0.5539918624285811,0.5641626966557844,team_strength|opponent_adjusted_form|position_and_distribution|recency
player_form_logistic,Pooled player-form logistic,team_strength + opponent_adjusted_form + position_and_distribution + recency,2024-25,5311,1327,5,69,73,0.9864630479121462,0.5820215317084629,0.5246334669455736,team_strength|opponent_adjusted_form|position_and_distribution|recency
player_form_logistic,Pooled player-form logistic,team_strength + lineup_continuity + position_and_distribution + recency,2022-23,2743,1335,5,52,56,0.9552359788610184,0.5593028801798953,0.5595728890917858,team_strength|lineup_continuity|position_and_distribution|recency
player_form_logistic,Pooled player-form logistic,team_strength + lineup_continuity + position_and_distribution + recency,2023-24,4078,1233,5,52,56,0.9434786250572044,0.553190847036552,0.5617808071291418,team_strength|lineup_continuity|position_and_distribution|recency
player_form_logistic,Pooled player-form logistic,team_strength + lineup_continuity + position_and_distribution + recency,2024-25,5311,1327,5,52,56,0.9899958706904762,0.583824951088525,0.5332266916999973,team_strength|lineup_continuity|position_and_distribution|recency
player_form_logistic,Pooled player-form logistic,opponent_adjusted_form + lineup_continuity + position_and_distribution + recency,2022-23,2743,1335,5,68,72,0.9610084080627985,0.5659837793733284,0.5535626033751514,opponent_adjusted_form|lineup_continuity|position_and_distribution|recency
player_form_logistic,Pooled player-form logistic,opponent_adjusted_form + lineup_continuity + position_and_distribution + recency,2023-24,4078,1233,5,68,72,0.9556573354747364,0.563481598568816,0.5462289647557308,opponent_adjusted_form|lineup_continuity|position_and_distribution|recency
player_form_logistic,Pooled player-form logistic,opponent_adjusted_form + lineup_continuity + position_and_distribution + recency,2024-25,5311,1327,5,68,72,0.9917511537277466,0.5858072484199728,0.5225658348186212,opponent_adjusted_form|lineup_continuity|position_and_distribution|recency
player_form_logistic,Pooled player-form logistic,legacy_player_form + team_strength + opponent_adjusted_form + lineup_continuity + position_and_distribution,2022-23,2743,1335,5,66,70,0.9614018939272542,0.5628247845092226,0.5528343327315552,legacy_player_form|team_strength|opponent_adjusted_form|lineup_continuity|position_and_distribution
player_form_logistic,Pooled player-form logistic,legacy_player_form + team_strength + opponent_adjusted_form + lineup_continuity + position_and_distribution,2023-24,4078,1233,5,66,70,0.9495054536639582,0.5556228019593471,0.5619958635515035,legacy_player_form|team_strength|opponent_adjusted_form|lineup_continuity|position_and_distribution
player_form_logistic,Pooled player-form logistic,legacy_player_form + team_strength + opponent_adjusted_form + lineup_continuity + position_and_distribution,2024-25,5311,1327,5,66,70,0.991983419961089,0.5842627125701465,0.5258570447375449,legacy_player_form|team_strength|opponent_adjusted_form|lineup_continuity|position_and_distribution
player_form_logistic,Pooled player-form logistic,legacy_player_form + team_strength + opponent_adjusted_form + lineup_continuity + recency,2022-23,2743,1335,5,63,67,0.9500470562017298,0.557603920307568,0.5548185938326429,legacy_player_form|team_strength|opponent_adjusted_form|lineup_continuity|recency
player_form_logistic,Pooled player-form logistic,legacy_player_form + team_strength + opponent_adjusted_form + lineup_continuity + recency,2023-24,4078,1233,5,63,67,0.9439952603421032,0.5522962776878455,0.5651894722400822,legacy_player_form|team_strength|opponent_adjusted_form|lineup_continuity|recency
player_form_logistic,Pooled player-form logistic,legacy_player_form + team_strength + opponent_adjusted_form + lineup_continuity + recency,2024-25,5311,1327,5,63,67,0.9882722077873719,0.5830852989741543,0.531938586239729,legacy_player_form|team_strength|opponent_adjusted_form|lineup_continuity|recency
player_form_logistic,Pooled player-form logistic,legacy_player_form + team_strength + opponent_adjusted_form + position_and_distribution + recency,2022-23,2743,1335,5,76,80,0.9594269860338471,0.5622640081038235,0.5527362824572053,legacy_player_form|team_strength|opponent_adjusted_form|position_and_distribution|recency
player_form_logistic,Pooled player-form logistic,legacy_player_form + team_strength + opponent_adjusted_form + position_and_distribution + recency,2023-24,4078,1233,5,76,80,0.9491118091215054,0.5554152425575655,0.5630006825085978,legacy_player_form|team_strength|opponent_adjusted_form|position_and_distribution|recency
player_form_logistic,Pooled player-form logistic,legacy_player_form + team_strength + opponent_adjusted_form + position_and_distribution + recency,2024-25,5311,1327,5,76,80,0.9872898700695307,0.5822840877223939,0.5258895384663316,legacy_player_form|team_strength|opponent_adjusted_form|position_and_distribution|recency
player_form_logistic,Pooled player-form logistic,legacy_player_form + team_strength + lineup_continuity + position_and_distribution + recency,2022-23,2743,1335,5,59,63,0.9589072455978371,0.5616932056100241,0.5565913386079065,legacy_player_form|team_strength|lineup_continuity|position_and_distribution|recency
player_form_logistic,Pooled player-form logistic,legacy_player_form + team_strength + lineup_continuity + position_and_distribution + recency,2023-24,4078,1233,5,59,63,0.9462014677331272,0.5543929061251031,0.5629244636618449,legacy_player_form|team_strength|lineup_continuity|position_and_distribution|recency
player_form_logistic,Pooled player-form logistic,legacy_player_form + team_strength + lineup_continuity + position_and_distribution + recency,2024-25,5311,1327,5,59,63,0.9887744124391628,0.5829273289939344,0.5341143000778054,legacy_player_form|team_strength|lineup_continuity|position_and_distribution|recency
player_form_logistic,Pooled player-form logistic,legacy_player_form + opponent_adjusted_form + lineup_continuity + position_and_distribution + recency,2022-23,2743,1335,5,75,79,0.961148346087566,0.5663124059429453,0.5453469343878743,legacy_player_form|opponent_adjusted_form|lineup_continuity|position_and_distribution|recency
player_form_logistic,Pooled player-form logistic,legacy_player_form + opponent_adjusted_form + lineup_continuity + position_and_distribution + recency,2023-24,4078,1233,5,75,79,0.9563506412579343,0.5638487303750666,0.5474111072977684,legacy_player_form|opponent_adjusted_form|lineup_continuity|position_and_distribution|recency
player_form_logistic,Pooled player-form logistic,legacy_player_form + opponent_adjusted_form + lineup_continuity + position_and_distribution + recency,2024-25,5311,1327,5,75,79,0.985572785521386,0.5819513260103351,0.5280006882926558,legacy_player_form|opponent_adjusted_form|lineup_continuity|position_and_distribution|recency
player_form_logistic,Pooled player-form logistic,team_strength + opponent_adjusted_form + lineup_continuity + position_and_distribution + recency,2022-23,2743,1335,5,76,80,0.9618070515259767,0.5631832008634612,0.5503628737549442,team_strength|opponent_adjusted_form|lineup_continuity|position_and_distribution|recency
player_form_logistic,Pooled player-form logistic,team_strength + opponent_adjusted_form + lineup_continuity + position_and_distribution + recency,2023-24,4078,1233,5,76,80,0.9456725254119404,0.5537027087705606,0.5623492892764437,team_strength|opponent_adjusted_form|lineup_continuity|position_and_distribution|recency
player_form_logistic,Pooled player-form logistic,team_strength + opponent_adjusted_form + lineup_continuity + position_and_distribution + recency,2024-25,5311,1327,5,76,80,0.9906413187263892,0.5836422983044321,0.5265781458840213,team_strength|opponent_adjusted_form|lineup_continuity|position_and_distribution|recency
player_form_logistic,Pooled player-form logistic,legacy_player_form + team_strength + opponent_adjusted_form + lineup_continuity + position_and_distribution + recency,2022-23,2743,1335,5,83,87,0.9626058428011482,0.56391666152463,0.54811029919639,legacy_player_form|team_strength|opponent_adjusted_form|lineup_continuity|position_and_distribution|recency
player_form_logistic,Pooled player-form logistic,legacy_player_form + team_strength + opponent_adjusted_form + lineup_continuity + position_and_distribution + recency,2023-24,4078,1233,5,83,87,0.9496319748922998,0.5556877524176906,0.569482217419551,legacy_player_form|team_strength|opponent_adjusted_form|lineup_continuity|position_and_distribution|recency
player_form_logistic,Pooled player-form logistic,legacy_player_form + team_strength + opponent_adjusted_form + lineup_continuity + position_and_distribution + recency,2024-25,5311,1327,5,83,87,0.9911552991605236,0.5837937668822601,0.5190068755841949,legacy_player_form|team_strength|opponent_adjusted_form|lineup_continuity|position_and_distribution|recency
market_plus_player_form,Pooled market + player-form logistic,legacy_player_form,2022-23,2743,1335,5,7,11,0.9169801222753533,0.538492660605382,0.5828780886902517,legacy_player_form
market_plus_player_form,Pooled market + player-form logistic,legacy_player_form,2023-24,4078,1233,5,7,11,0.912964778851283,0.5361664524515175,0.5767228470479775,legacy_player_form
market_plus_player_form,Pooled market + player-form logistic,legacy_player_form,2024-25,5311,1327,5,7,11,0.9426483842738271,0.5563141052670855,0.5680420296498907,legacy_player_form
market_plus_player_form,Pooled market + player-form logistic,team_strength,2022-23,2743,1335,5,8,12,0.9174274910908083,0.5386772656095375,0.5760034185612589,team_strength
market_plus_player_form,Pooled market + player-form logistic,team_strength,2023-24,4078,1233,5,8,12,0.9127255869879513,0.5364487374724924,0.5709244482468739,team_strength
market_plus_player_form,Pooled market + player-form logistic,team_strength,2024-25,5311,1327,5,8,12,0.9433083077477017,0.5563117306683739,0.5677376099705777,team_strength
market_plus_player_form,Pooled market + player-form logistic,opponent_adjusted_form,2022-23,2743,1335,5,24,28,0.914283679316968,0.537481335526256,0.5813316671869871,opponent_adjusted_form
market_plus_player_form,Pooled market + player-form logistic,opponent_adjusted_form,2023-24,4078,1233,5,24,28,0.913426810929376,0.5372999647306537,0.5807352037160302,opponent_adjusted_form
market_plus_player_form,Pooled market + player-form logistic,opponent_adjusted_form,2024-25,5311,1327,5,24,28,0.9450037545428722,0.5572732800897858,0.5659849779078505,opponent_adjusted_form
market_plus_player_form,Pooled market + player-form logistic,lineup_continuity,2022-23,2743,1335,5,7,11,0.9182290247578748,0.5390341215826846,0.5821196660850662,lineup_continuity
market_plus_player_form,Pooled market + player-form logistic,lineup_continuity,2023-24,4078,1233,5,7,11,0.909989477884144,0.5352276079954273,0.5852672765517577,lineup_continuity
market_plus_player_form,Pooled market + player-form logistic,lineup_continuity,2024-25,5311,1327,5,7,11,0.943279486677411,0.5562237936172576,0.5739441902911165,lineup_continuity
market_plus_player_form,Pooled market + player-form logistic,position_and_distribution,2022-23,2743,1335,5,20,24,0.9309347564066132,0.5463226929593349,0.5730351684763916,position_and_distribution
market_plus_player_form,Pooled market + player-form logistic,position_and_distribution,2023-24,4078,1233,5,20,24,0.916368812728989,0.539075929521664,0.5775770754322426,position_and_distribution
market_plus_player_form,Pooled market + player-form logistic,position_and_distribution,2024-25,5311,1327,5,20,24,0.9425795236918735,0.5564237889486134,0.5731878790516627,position_and_distribution
market_plus_player_form,Pooled market + player-form logistic,recency,2022-23,2743,1335,5,17,21,0.9162234159067013,0.5381370631088758,0.5774818962120486,recency
market_plus_player_form,Pooled market + player-form logistic,recency,2023-24,4078,1233,5,17,21,0.9139640547703646,0.5374725791843418,0.5796166599969895,recency
market_plus_player_form,Pooled market + player-form logistic,recency,2024-25,5311,1327,5,17,21,0.943401343011325,0.5565013120457305,0.5675488034488657,recency
market_plus_player_form,Pooled market + player-form logistic,legacy_player_form + team_strength,2022-23,2743,1335,5,15,19,0.9180347184201045,0.5391126714340179,0.5785762720620065,legacy_player_form|team_strength
market_plus_player_form,Pooled market + player-form logistic,legacy_player_form + team_strength,2023-24,4078,1233,5,15,19,0.9164995745797772,0.5383285341017844,0.5680328368369495,legacy_player_form|team_strength
market_plus_player_form,Pooled market + player-form logistic,legacy_player_form + team_strength,2024-25,5311,1327,5,15,19,0.9461812370519643,0.5584354836402334,0.5674777652861571,legacy_player_form|team_strength
market_plus_player_form,Pooled market + player-form logistic,legacy_player_form + opponent_adjusted_form,2022-23,2743,1335,5,31,35,0.9191285600571468,0.5406028844818054,0.5707157626356126,legacy_player_form|opponent_adjusted_form
market_plus_player_form,Pooled market + player-form logistic,legacy_player_form + opponent_adjusted_form,2023-24,4078,1233,5,31,35,0.9183033314056607,0.539548369325821,0.5738970868936775,legacy_player_form|opponent_adjusted_form
market_plus_player_form,Pooled market + player-form logistic,legacy_player_form + opponent_adjusted_form,2024-25,5311,1327,5,31,35,0.9462173373810099,0.5579624612311984,0.5701597905146233,legacy_player_form|opponent_adjusted_form
market_plus_player_form,Pooled market + player-form logistic,legacy_player_form + lineup_continuity,2022-23,2743,1335,5,14,18,0.9207692715375193,0.5407682817907515,0.5839224465204949,legacy_player_form|lineup_continuity
market_plus_player_form,Pooled market + player-form logistic,legacy_player_form + lineup_continuity,2023-24,4078,1233,5,14,18,0.9127064735509229,0.5362805869772889,0.5859208713229995,legacy_player_form|lineup_continuity
market_plus_player_form,Pooled market + player-form logistic,legacy_player_form + lineup_continuity,2024-25,5311,1327,5,14,18,0.9455270321909401,0.5578176443654017,0.5673084612908027,legacy_player_form|lineup_continuity
market_plus_player_form,Pooled market + player-form logistic,legacy_player_form + position_and_distribution,2022-23,2743,1335,5,27,31,0.9336145070278408,0.5482547947042126,0.5662172247173315,legacy_player_form|position_and_distribution
market_plus_player_form,Pooled market + player-form logistic,legacy_player_form + position_and_distribution,2023-24,4078,1233,5,27,31,0.9169630372276956,0.5390622100891935,0.5800368661781559,legacy_player_form|position_and_distribution
market_plus_player_form,Pooled market + player-form logistic,legacy_player_form + position_and_distribution,2024-25,5311,1327,5,27,31,0.9467956748493972,0.5589727326594722,0.5724798097222894,legacy_player_form|position_and_distribution
market_plus_player_form,Pooled market + player-form logistic,legacy_player_form + recency,2022-23,2743,1335,5,24,28,0.9191281644902993,0.540171948621213,0.5765622992165674,legacy_player_form|recency
market_plus_player_form,Pooled market + player-form logistic,legacy_player_form + recency,2023-24,4078,1233,5,24,28,0.91685668474829,0.538823611231266,0.571944816491958,legacy_player_form|recency
market_plus_player_form,Pooled market + player-form logistic,legacy_player_form + recency,2024-25,5311,1327,5,24,28,0.944304079043803,0.5571062740902016,0.5649725999149066,legacy_player_form|recency
market_plus_player_form,Pooled market + player-form logistic,team_strength + opponent_adjusted_form,2022-23,2743,1335,5,32,36,0.9163472914145107,0.5387551348593251,0.5712943605859798,team_strength|opponent_adjusted_form
market_plus_player_form,Pooled market + player-form logistic,team_strength + opponent_adjusted_form,2023-24,4078,1233,5,32,36,0.9164742454678951,0.5388914494126748,0.5683812526963082,team_strength|opponent_adjusted_form
market_plus_player_form,Pooled market + player-form logistic,team_strength + opponent_adjusted_form,2024-25,5311,1327,5,32,36,0.949064001374708,0.5592963221623315,0.5673022191700936,team_strength|opponent_adjusted_form
market_plus_player_form,Pooled market + player-form logistic,team_strength + lineup_continuity,2022-23,2743,1335,5,15,19,0.9210273987676573,0.5408236159301243,0.5753089741168145,team_strength|lineup_continuity
market_plus_player_form,Pooled market + player-form logistic,team_strength + lineup_continuity,2023-24,4078,1233,5,15,19,0.9120912851781892,0.5364511646800995,0.5841855110227641,team_strength|lineup_continuity
market_plus_player_form,Pooled market + player-form logistic,team_strength + lineup_continuity,2024-25,5311,1327,5,15,19,0.946692149020875,0.5583117250544595,0.565439866467424,team_strength|lineup_continuity
market_plus_player_form,Pooled market + player-form logistic,team_strength + position_and_distribution,2022-23,2743,1335,5,28,32,0.9322018042642142,0.5472577941458383,0.5624243613370348,team_strength|position_and_distribution
market_plus_player_form,Pooled market + player-form logistic,team_strength + position_and_distribution,2023-24,4078,1233,5,28,32,0.918193232929007,0.5400877960121555,0.5674557833256564,team_strength|position_and_distribution
market_plus_player_form,Pooled market + player-form logistic,team_strength + position_and_distribution,2024-25,5311,1327,5,28,32,0.9459114019934132,0.5583061846566202,0.5692852843549865,team_strength|position_and_distribution
market_plus_player_form,Pooled market + player-form logistic,team_strength + recency,2022-23,2743,1335,5,25,29,0.9185977911155179,0.5397306894318256,0.5686411558792192,team_strength|recency
market_plus_player_form,Pooled market + player-form logistic,team_strength + recency,2023-24,4078,1233,5,25,29,0.9161468836254334,0.5388823260426998,0.5614244266931976,team_strength|recency
market_plus_player_form,Pooled market + player-form logistic,team_strength + recency,2024-25,5311,1327,5,25,29,0.9468502771580267,0.5584262659373328,0.5680613975746385,team_strength|recency
market_plus_player_form,Pooled market + player-form logistic,opponent_adjusted_form + lineup_continuity,2022-23,2743,1335,5,31,35,0.9170698961038127,0.5390158268116904,0.5750515217644336,opponent_adjusted_form|lineup_continuity
market_plus_player_form,Pooled market + player-form logistic,opponent_adjusted_form + lineup_continuity,2023-24,4078,1233,5,31,35,0.9117606686960965,0.5365204953417203,0.5794625653777359,opponent_adjusted_form|lineup_continuity
market_plus_player_form,Pooled market + player-form logistic,opponent_adjusted_form + lineup_continuity,2024-25,5311,1327,5,31,35,0.947992028251498,0.5588105785258474,0.5674682828114394,opponent_adjusted_form|lineup_continuity
market_plus_player_form,Pooled market + player-form logistic,opponent_adjusted_form + position_and_distribution,2022-23,2743,1335,5,44,48,0.9312462975466925,0.547396816353653,0.5702349690451383,opponent_adjusted_form|position_and_distribution
market_plus_player_form,Pooled market + player-form logistic,opponent_adjusted_form + position_and_distribution,2023-24,4078,1233,5,44,48,0.9189711017447877,0.5409491738615296,0.579347012383437,opponent_adjusted_form|position_and_distribution
market_plus_player_form,Pooled market + player-form logistic,opponent_adjusted_form + position_and_distribution,2024-25,5311,1327,5,44,48,0.9503090455549248,0.5608178980888343,0.5601172105806984,opponent_adjusted_form|position_and_distribution
market_plus_player_form,Pooled market + player-form logistic,opponent_adjusted_form + recency,2022-23,2743,1335,5,41,45,0.9190934007587451,0.5406110454951139,0.5781923771749534,opponent_adjusted_form|recency
market_plus_player_form,Pooled market + player-form logistic,opponent_adjusted_form + recency,2023-24,4078,1233,5,41,45,0.9161058923416672,0.5384784956327593,0.5750917985659314,opponent_adjusted_form|recency
market_plus_player_form,Pooled market + player-form logistic,opponent_adjusted_form + recency,2024-25,5311,1327,5,41,45,0.9463895873768564,0.5583954544403997,0.5633827911395166,opponent_adjusted_form|recency
market_plus_player_form,Pooled market + player-form logistic,lineup_continuity + position_and_distribution,2022-23,2743,1335,5,27,31,0.9352842623323688,0.549144328736385,0.5709393306381296,lineup_continuity|position_and_distribution
market_plus_player_form,Pooled market + player-form logistic,lineup_continuity + position_and_distribution,2023-24,4078,1233,5,27,31,0.9164932890386772,0.5393150788995307,0.5775134511624757,lineup_continuity|position_and_distribution
market_plus_player_form,Pooled market + player-form logistic,lineup_continuity + position_and_distribution,2024-25,5311,1327,5,27,31,0.9457035990571352,0.5581208987091931,0.5723580654597213,lineup_continuity|position_and_distribution
market_plus_player_form,Pooled market + player-form logistic,lineup_continuity + recency,2022-23,2743,1335,5,24,28,0.9188922058537434,0.5396109373544011,0.5748947268934292,lineup_continuity|recency
market_plus_player_form,Pooled market + player-form logistic,lineup_continuity + recency,2023-24,4078,1233,5,24,28,0.9124245587116793,0.5367652673774483,0.5818004653096625,lineup_continuity|recency
market_plus_player_form,Pooled market + player-form logistic,lineup_continuity + recency,2024-25,5311,1327,5,24,28,0.9460396242611141,0.5578795673827137,0.5677797207756915,lineup_continuity|recency
market_plus_player_form,Pooled market + player-form logistic,position_and_distribution + recency,2022-23,2743,1335,5,37,41,0.9335091756064458,0.5481822754629306,0.5676067151975228,position_and_distribution|recency
market_plus_player_form,Pooled market + player-form logistic,position_and_distribution + recency,2023-24,4078,1233,5,37,41,0.916957591763141,0.5396972079953976,0.5829378905318372,position_and_distribution|recency
market_plus_player_form,Pooled market + player-form logistic,position_and_distribution + recency,2024-25,5311,1327,5,37,41,0.9474337921080535,0.5591068072340397,0.5710507332333757,position_and_distribution|recency
market_plus_player_form,Pooled market + player-form logistic,legacy_player_form + team_strength + opponent_adjusted_form,2022-23,2743,1335,5,39,43,0.9214482156759181,0.5419452824573748,0.5727750507662722,legacy_player_form|team_strength|opponent_adjusted_form
market_plus_player_form,Pooled market + player-form logistic,legacy_player_form + team_strength + opponent_adjusted_form,2023-24,4078,1233,5,39,43,0.9209604022624482,0.5409329087449898,0.5669845474517091,legacy_player_form|team_strength|opponent_adjusted_form
market_plus_player_form,Pooled market + player-form logistic,legacy_player_form + team_strength + opponent_adjusted_form,2024-25,5311,1327,5,39,43,0.9500284740864917,0.559765191082972,0.5640399899810263,legacy_player_form|team_strength|opponent_adjusted_form
market_plus_player_form,Pooled market + player-form logistic,legacy_player_form + team_strength + lineup_continuity,2022-23,2743,1335,5,22,26,0.9220377851188521,0.5415847532853855,0.5718874686569997,legacy_player_form|team_strength|lineup_continuity
market_plus_player_form,Pooled market + player-form logistic,legacy_player_form + team_strength + lineup_continuity,2023-24,4078,1233,5,22,26,0.9165536589635014,0.5386867860174487,0.571541758547869,legacy_player_form|team_strength|lineup_continuity
market_plus_player_form,Pooled market + player-form logistic,legacy_player_form + team_strength + lineup_continuity,2024-25,5311,1327,5,22,26,0.9489655895065171,0.5599395993421092,0.5666476256770329,legacy_player_form|team_strength|lineup_continuity
market_plus_player_form,Pooled market + player-form logistic,legacy_player_form + team_strength + position_and_distribution,2022-23,2743,1335,5,35,39,0.9341815008579107,0.5485632294867603,0.5588657458396318,legacy_player_form|team_strength|position_and_distribution
market_plus_player_form,Pooled market + player-form logistic,legacy_player_form + team_strength + position_and_distribution,2023-24,4078,1233,5,35,39,0.9207199471109657,0.5413511530341604,0.5701896502100675,legacy_player_form|team_strength|position_and_distribution
market_plus_player_form,Pooled market + player-form logistic,legacy_player_form + team_strength + position_and_distribution,2024-25,5311,1327,5,35,39,0.9505281855910737,0.5609964124406277,0.5606557709120392,legacy_player_form|team_strength|position_and_distribution
market_plus_player_form,Pooled market + player-form logistic,legacy_player_form + team_strength + recency,2022-23,2743,1335,5,32,36,0.9207914093977729,0.5413056020397893,0.5716005696247584,legacy_player_form|team_strength|recency
market_plus_player_form,Pooled market + player-form logistic,legacy_player_form + team_strength + recency,2023-24,4078,1233,5,32,36,0.9199796248489609,0.5406240364516136,0.5669625653777359,legacy_player_form|team_strength|recency
market_plus_player_form,Pooled market + player-form logistic,legacy_player_form + team_strength + recency,2024-25,5311,1327,5,32,36,0.947895049573509,0.5590567667658204,0.5673083266891932,legacy_player_form|team_strength|recency
market_plus_player_form,Pooled market + player-form logistic,legacy_player_form + opponent_adjusted_form + lineup_continuity,2022-23,2743,1335,5,38,42,0.9223396356798796,0.5423815126333641,0.5741791095178284,legacy_player_form|opponent_adjusted_form|lineup_continuity
market_plus_player_form,Pooled market + player-form logistic,legacy_player_form + opponent_adjusted_form + lineup_continuity,2023-24,4078,1233,5,38,42,0.9180005424436823,0.5396638462055457,0.5728247088616713,legacy_player_form|opponent_adjusted_form|lineup_continuity
market_plus_player_form,Pooled market + player-form logistic,legacy_player_form + opponent_adjusted_form + lineup_continuity,2024-25,5311,1327,5,38,42,0.9494127804996488,0.5596219747268556,0.5643473004112975,legacy_player_form|opponent_adjusted_form|lineup_continuity
market_plus_player_form,Pooled market + player-form logistic,legacy_player_form + opponent_adjusted_form + position_and_distribution,2022-23,2743,1335,5,51,55,0.9353171086283736,0.550092575302074,0.5602251880486602,legacy_player_form|opponent_adjusted_form|position_and_distribution
market_plus_player_form,Pooled market + player-form logistic,legacy_player_form + opponent_adjusted_form + position_and_distribution,2023-24,4078,1233,5,51,55,0.9230019946301005,0.5429230212635126,0.5818090046684381,legacy_player_form|opponent_adjusted_form|position_and_distribution
market_plus_player_form,Pooled market + player-form logistic,legacy_player_form + opponent_adjusted_form + position_and_distribution,2024-25,5311,1327,5,51,55,0.952008054696095,0.5618579609005475,0.5617933149383705,legacy_player_form|opponent_adjusted_form|position_and_distribution
market_plus_player_form,Pooled market + player-form logistic,legacy_player_form + opponent_adjusted_form + recency,2022-23,2743,1335,5,48,52,0.9213210386892413,0.5422012838724306,0.5703793565626045,legacy_player_form|opponent_adjusted_form|recency
market_plus_player_form,Pooled market + player-form logistic,legacy_player_form + opponent_adjusted_form + recency,2023-24,4078,1233,5,48,52,0.9196577291012374,0.5400221842827263,0.5745600691619066,legacy_player_form|opponent_adjusted_form|recency
market_plus_player_form,Pooled market + player-form logistic,legacy_player_form + opponent_adjusted_form + recency,2024-25,5311,1327,5,48,52,0.946716480474762,0.5585408961327085,0.5651576818779498,legacy_player_form|opponent_adjusted_form|recency
market_plus_player_form,Pooled market + player-form logistic,legacy_player_form + lineup_continuity + position_and_distribution,2022-23,2743,1335,5,34,38,0.9375927521719373,0.5508846570593172,0.5598285817428997,legacy_player_form|lineup_continuity|position_and_distribution
market_plus_player_form,Pooled market + player-form logistic,legacy_player_form + lineup_continuity + position_and_distribution,2023-24,4078,1233,5,34,38,0.9182585592635844,0.5399575307353711,0.5781419076732851,legacy_player_form|lineup_continuity|position_and_distribution
market_plus_player_form,Pooled market + player-form logistic,legacy_player_form + lineup_continuity + position_and_distribution,2024-25,5311,1327,5,34,38,0.9500952615644896,0.560699410891915,0.5684938976241642,legacy_player_form|lineup_continuity|position_and_distribution
market_plus_player_form,Pooled market + player-form logistic,legacy_player_form + lineup_continuity + recency,2022-23,2743,1335,5,31,35,0.9223298396375148,0.5420358979769266,0.5818275724894166,legacy_player_form|lineup_continuity|recency
market_plus_player_form,Pooled market + player-form logistic,legacy_player_form + lineup_continuity + recency,2023-24,4078,1233,5,31,35,0.9166596879223994,0.5389971061735721,0.5765521280802974,legacy_player_form|lineup_continuity|recency
market_plus_player_form,Pooled market + player-form logistic,legacy_player_form + lineup_continuity + recency,2024-25,5311,1327,5,31,35,0.9468290709933772,0.5584107618291358,0.5695290184974743,legacy_player_form|lineup_continuity|recency
market_plus_player_form,Pooled market + player-form logistic,legacy_player_form + position_and_distribution + recency,2022-23,2743,1335,5,44,48,0.936517260665555,0.5501647216747785,0.5585649256670424,legacy_player_form|position_and_distribution|recency
market_plus_player_form,Pooled market + player-form logistic,legacy_player_form + position_and_distribution + recency,2023-24,4078,1233,5,44,48,0.9197757214257487,0.5410948246040603,0.5793398009787678,legacy_player_form|position_and_distribution|recency
market_plus_player_form,Pooled market + player-form logistic,legacy_player_form + position_and_distribution + recency,2024-25,5311,1327,5,44,48,0.9480121660116122,0.5595275235323426,0.5677987390973889,legacy_player_form|position_and_distribution|recency
market_plus_player_form,Pooled market + player-form logistic,team_strength + opponent_adjusted_form + lineup_continuity,2022-23,2743,1335,5,39,43,0.919569172364404,0.5407028430420321,0.5722258023443751,team_strength|opponent_adjusted_form|lineup_continuity
market_plus_player_form,Pooled market + player-form logistic,team_strength + opponent_adjusted_form + lineup_continuity,2023-24,4078,1233,5,39,43,0.915177003827995,0.5384186064752574,0.5756673462580677,team_strength|opponent_adjusted_form|lineup_continuity
market_plus_player_form,Pooled market + player-form logistic,team_strength + opponent_adjusted_form + lineup_continuity,2024-25,5311,1327,5,39,43,0.9523205910295829,0.5610918491557136,0.566353417464933,team_strength|opponent_adjusted_form|lineup_continuity
market_plus_player_form,Pooled market + player-form logistic,team_strength + opponent_adjusted_form + position_and_distribution,2022-23,2743,1335,5,52,56,0.9330722652302592,0.5482806304426406,0.5574386446932641,team_strength|opponent_adjusted_form|position_and_distribution
market_plus_player_form,Pooled market + player-form logistic,team_strength + opponent_adjusted_form + position_and_distribution,2023-24,4078,1233,5,52,56,0.9220282102232147,0.5422415944411163,0.5640659441022299,team_strength|opponent_adjusted_form|position_and_distribution
market_plus_player_form,Pooled market + player-form logistic,team_strength + opponent_adjusted_form + position_and_distribution,2024-25,5311,1327,5,52,56,0.9544428167817663,0.5627230626001817,0.565449308327468,team_strength|opponent_adjusted_form|position_and_distribution
market_plus_player_form,Pooled market + player-form logistic,team_strength + opponent_adjusted_form + recency,2022-23,2743,1335,5,49,53,0.9225837626974507,0.5429657868679917,0.5662215070852323,team_strength|opponent_adjusted_form|recency
market_plus_player_form,Pooled market + player-form logistic,team_strength + opponent_adjusted_form + recency,2023-24,4078,1233,5,49,53,0.9182776034174566,0.5394882274319192,0.5694746581549163,team_strength|opponent_adjusted_form|recency
market_plus_player_form,Pooled market + player-form logistic,team_strength + opponent_adjusted_form + recency,2024-25,5311,1327,5,49,53,0.9498793267451953,0.560065248555379,0.5642736398713334,team_strength|opponent_adjusted_form|recency
market_plus_player_form,Pooled market + player-form logistic,team_strength + lineup_continuity + position_and_distribution,2022-23,2743,1335,5,35,39,0.9362467237444572,0.5500565646424819,0.565825450759098,team_strength|lineup_continuity|position_and_distribution
market_plus_player_form,Pooled market + player-form logistic,team_strength + lineup_continuity + position_and_distribution,2023-24,4078,1233,5,35,39,0.9186954745619043,0.540569882271784,0.573771609134511,team_strength|lineup_continuity|position_and_distribution
market_plus_player_form,Pooled market + player-form logistic,team_strength + lineup_continuity + position_and_distribution,2024-25,5311,1327,5,35,39,0.9499032459345591,0.5605336814616575,0.565353412697665,team_strength|lineup_continuity|position_and_distribution
market_plus_player_form,Pooled market + player-form logistic,team_strength + lineup_continuity + recency,2022-23,2743,1335,5,32,36,0.9218294236825086,0.5416657174793149,0.5724633496379523,team_strength|lineup_continuity|recency
market_plus_player_form,Pooled market + player-form logistic,team_strength + lineup_continuity + recency,2023-24,4078,1233,5,32,36,0.9149372344085588,0.5384220974537265,0.5725715397367102,team_strength|lineup_continuity|recency
market_plus_player_form,Pooled market + player-form logistic,team_strength + lineup_continuity + recency,2024-25,5311,1327,5,32,36,0.9499243555005104,0.5601858180263182,0.5674013315680378,team_strength|lineup_continuity|recency
market_plus_player_form,Pooled market + player-form logistic,team_strength + position_and_distribution + recency,2022-23,2743,1335,5,45,49,0.9348771128832449,0.5491114208827121,0.5619167084230815,team_strength|position_and_distribution|recency
market_plus_player_form,Pooled market + player-form logistic,team_strength + position_and_distribution + recency,2023-24,4078,1233,5,45,49,0.9198132826590184,0.5413460516359165,0.570848628153626,team_strength|position_and_distribution|recency
market_plus_player_form,Pooled market + player-form logistic,team_strength + position_and_distribution + recency,2024-25,5311,1327,5,45,49,0.951414529123722,0.5612496841195911,0.5677661343528603,team_strength|position_and_distribution|recency
market_plus_player_form,Pooled market + player-form logistic,opponent_adjusted_form + lineup_continuity + position_and_distribution,2022-23,2743,1335,5,51,55,0.9361751111007669,0.5505709651951506,0.5644649541305314,opponent_adjusted_form|lineup_continuity|position_and_distribution
market_plus_player_form,Pooled market + player-form logistic,opponent_adjusted_form + lineup_continuity + position_and_distribution,2023-24,4078,1233,5,51,55,0.9186557873460568,0.5407733045500569,0.5772737501994817,opponent_adjusted_form|lineup_continuity|position_and_distribution
market_plus_player_form,Pooled market + player-form logistic,opponent_adjusted_form + lineup_continuity + position_and_distribution,2024-25,5311,1327,5,51,55,0.9537222021373705,0.5624411263422767,0.5638532980460427,opponent_adjusted_form|lineup_continuity|position_and_distribution
market_plus_player_form,Pooled market + player-form logistic,opponent_adjusted_form + lineup_continuity + recency,2022-23,2743,1335,5,48,52,0.9218798950769816,0.5421902845508397,0.5748815236458077,opponent_adjusted_form|lineup_continuity|recency
market_plus_player_form,Pooled market + player-form logistic,opponent_adjusted_form + lineup_continuity + recency,2023-24,4078,1233,5,48,52,0.9151969641447207,0.5381686343094717,0.5748520976029374,opponent_adjusted_form|lineup_continuity|recency
market_plus_player_form,Pooled market + player-form logistic,opponent_adjusted_form + lineup_continuity + recency,2024-25,5311,1327,5,48,52,0.9492895244196576,0.5599158109539801,0.5621494218844507,opponent_adjusted_form|lineup_continuity|recency
market_plus_player_form,Pooled market + player-form logistic,opponent_adjusted_form + position_and_distribution + recency,2022-23,2743,1335,5,61,65,0.9354499882109971,0.5497979509715614,0.5639109639734621,opponent_adjusted_form|position_and_distribution|recency
market_plus_player_form,Pooled market + player-form logistic,opponent_adjusted_form + position_and_distribution + recency,2023-24,4078,1233,5,61,65,0.921098085174266,0.5419489997904154,0.5749303721289433,opponent_adjusted_form|position_and_distribution|recency
market_plus_player_form,Pooled market + player-form logistic,opponent_adjusted_form + position_and_distribution + recency,2024-25,5311,1327,5,61,65,0.9510651771101127,0.5613838307715134,0.5636293754182888,opponent_adjusted_form|position_and_distribution|recency
market_plus_player_form,Pooled market + player-form logistic,lineup_continuity + position_and_distribution + recency,2022-23,2743,1335,5,44,48,0.9369634339069165,0.550417887869529,0.5668134635853235,lineup_continuity|position_and_distribution|recency
market_plus_player_form,Pooled market + player-form logistic,lineup_continuity + position_and_distribution + recency,2023-24,4078,1233,5,44,48,0.9167716689803285,0.5397091029403437,0.5808678099811109,lineup_continuity|position_and_distribution|recency
market_plus_player_form,Pooled market + player-form logistic,lineup_continuity + position_and_distribution + recency,2024-25,5311,1327,5,44,48,0.9504407542377894,0.5606916203154804,0.5693906624595071,lineup_continuity|position_and_distribution|recency
market_plus_player_form,Pooled market + player-form logistic,legacy_player_form + team_strength + opponent_adjusted_form + lineup_continuity,2022-23,2743,1335,5,46,50,0.9251758230275542,0.5442337070357697,0.5620417924730465,legacy_player_form|team_strength|opponent_adjusted_form|lineup_continuity
market_plus_player_form,Pooled market + player-form logistic,legacy_player_form + team_strength + opponent_adjusted_form + lineup_continuity,2023-24,4078,1233,5,46,50,0.9209646426932991,0.5413568801938204,0.567574517953184,legacy_player_form|team_strength|opponent_adjusted_form|lineup_continuity
market_plus_player_form,Pooled market + player-form logistic,legacy_player_form + team_strength + opponent_adjusted_form + lineup_continuity,2024-25,5311,1327,5,46,50,0.9527434886514806,0.5612340390876612,0.5618764579530525,legacy_player_form|team_strength|opponent_adjusted_form|lineup_continuity
market_plus_player_form,Pooled market + player-form logistic,legacy_player_form + team_strength + opponent_adjusted_form + position_and_distribution,2022-23,2743,1335,5,59,63,0.9371631521492614,0.5506541992716995,0.5614388452548364,legacy_player_form|team_strength|opponent_adjusted_form|position_and_distribution
market_plus_player_form,Pooled market + player-form logistic,legacy_player_form + team_strength + opponent_adjusted_form + position_and_distribution,2023-24,4078,1233,5,59,63,0.9256774006412568,0.5441777902877649,0.5652969402447307,legacy_player_form|team_strength|opponent_adjusted_form|position_and_distribution
market_plus_player_form,Pooled market + player-form logistic,legacy_player_form + team_strength + opponent_adjusted_form + position_and_distribution,2024-25,5311,1327,5,59,63,0.9557009308304302,0.563422231606406,0.5644587860349177,legacy_player_form|team_strength|opponent_adjusted_form|position_and_distribution
market_plus_player_form,Pooled market + player-form logistic,legacy_player_form + team_strength + opponent_adjusted_form + recency,2022-23,2743,1335,5,56,60,0.9241861619183152,0.5441967484379143,0.5660596339522437,legacy_player_form|team_strength|opponent_adjusted_form|recency
market_plus_player_form,Pooled market + player-form logistic,legacy_player_form + team_strength + opponent_adjusted_form + recency,2023-24,4078,1233,5,56,60,0.9222688789312707,0.5412649707417692,0.5670417389354927,legacy_player_form|team_strength|opponent_adjusted_form|recency
market_plus_player_form,Pooled market + player-form logistic,legacy_player_form + team_strength + opponent_adjusted_form + recency,2024-25,5311,1327,5,56,60,0.9503505065073975,0.5602082058518263,0.57049047883082,legacy_player_form|team_strength|opponent_adjusted_form|recency
market_plus_player_form,Pooled market + player-form logistic,legacy_player_form + team_strength + lineup_continuity + position_and_distribution,2022-23,2743,1335,5,42,46,0.9381094120918931,0.5512739418292859,0.5581581371482442,legacy_player_form|team_strength|lineup_continuity|position_and_distribution
market_plus_player_form,Pooled market + player-form logistic,legacy_player_form + team_strength + lineup_continuity + position_and_distribution,2023-24,4078,1233,5,42,46,0.922047527526896,0.5422654523399194,0.5726717708899196,legacy_player_form|team_strength|lineup_continuity|position_and_distribution
market_plus_player_form,Pooled market + player-form logistic,legacy_player_form + team_strength + lineup_continuity + position_and_distribution,2024-25,5311,1327,5,42,46,0.9535541001268752,0.5625805415155485,0.5645971250440784,legacy_player_form|team_strength|lineup_continuity|position_and_distribution
market_plus_player_form,Pooled market + player-form logistic,legacy_player_form + team_strength + lineup_continuity + recency,2022-23,2743,1335,5,39,43,0.924673072601544,0.5436936816516866,0.5714635501995247,legacy_player_form|team_strength|lineup_continuity|recency
market_plus_player_form,Pooled market + player-form logistic,legacy_player_form + team_strength + lineup_continuity + recency,2023-24,4078,1233,5,39,43,0.9198534976604551,0.5408912130466035,0.5732125653777359,legacy_player_form|team_strength|lineup_continuity|recency
market_plus_player_form,Pooled market + player-form logistic,legacy_player_form + team_strength + lineup_continuity + recency,2024-25,5311,1327,5,39,43,0.9500691180931137,0.5602316825830822,0.5663340495401851,legacy_player_form|team_strength|lineup_continuity|recency
market_plus_player_form,Pooled market + player-form logistic,legacy_player_form + team_strength + position_and_distribution + recency,2022-23,2743,1335,5,52,56,0.937180989625617,0.5506167936988273,0.5592280665789688,legacy_player_form|team_strength|position_and_distribution|recency
market_plus_player_form,Pooled market + player-form logistic,legacy_player_form + team_strength + position_and_distribution + recency,2023-24,4078,1233,5,52,56,0.9234209724914789,0.5432161622900219,0.5747055924171691,legacy_player_form|team_strength|position_and_distribution|recency
market_plus_player_form,Pooled market + player-form logistic,legacy_player_form + team_strength + position_and_distribution + recency,2024-25,5311,1327,5,52,56,0.9521046258368264,0.5616080755586116,0.5631134705374392,legacy_player_form|team_strength|position_and_distribution|recency
market_plus_player_form,Pooled market + player-form logistic,legacy_player_form + opponent_adjusted_form + lineup_continuity + position_and_distribution,2022-23,2743,1335,5,58,62,0.9387066636013216,0.5521388372668005,0.5538196610500086,legacy_player_form|opponent_adjusted_form|lineup_continuity|position_and_distribution
market_plus_player_form,Pooled market + player-form logistic,legacy_player_form + opponent_adjusted_form + lineup_continuity + position_and_distribution,2023-24,4078,1233,5,58,62,0.923885618648268,0.5434687048540134,0.5798755601542329,legacy_player_form|opponent_adjusted_form|lineup_continuity|position_and_distribution
market_plus_player_form,Pooled market + player-form logistic,legacy_player_form + opponent_adjusted_form + lineup_continuity + position_and_distribution,2024-25,5311,1327,5,58,62,0.9553105985975072,0.5635210725594972,0.5608793203508754,legacy_player_form|opponent_adjusted_form|lineup_continuity|position_and_distribution
market_plus_player_form,Pooled market + player-form logistic,legacy_player_form + opponent_adjusted_form + lineup_continuity + recency,2022-23,2743,1335,5,55,59,0.9242800024026903,0.5437926514027406,0.566339074279898,legacy_player_form|opponent_adjusted_form|lineup_continuity|recency
market_plus_player_form,Pooled market + player-form logistic,legacy_player_form + opponent_adjusted_form + lineup_continuity + recency,2023-24,4078,1233,5,55,59,0.919416485620749,0.5401613308070424,0.575757007820018,legacy_player_form|opponent_adjusted_form|lineup_continuity|recency
market_plus_player_form,Pooled market + player-form logistic,legacy_player_form + opponent_adjusted_form + lineup_continuity + recency,2024-25,5311,1327,5,55,59,0.9494039370685083,0.5599114884664761,0.5640428571461171,legacy_player_form|opponent_adjusted_form|lineup_continuity|recency
market_plus_player_form,Pooled market + player-form logistic,legacy_player_form + opponent_adjusted_form + position_and_distribution + recency,2022-23,2743,1335,5,68,72,0.9373745450105556,0.5514149584677479,0.5590062972783973,legacy_player_form|opponent_adjusted_form|position_and_distribution|recency
market_plus_player_form,Pooled market + player-form logistic,legacy_player_form + opponent_adjusted_form + position_and_distribution + recency,2023-24,4078,1233,5,68,72,0.9241019720278942,0.5432929808413913,0.5777781398039862,legacy_player_form|opponent_adjusted_form|position_and_distribution|recency
market_plus_player_form,Pooled market + player-form logistic,legacy_player_form + opponent_adjusted_form + position_and_distribution + recency,2024-25,5311,1327,5,68,72,0.951751714519467,0.5618321792746545,0.5599419904818179,legacy_player_form|opponent_adjusted_form|position_and_distribution|recency
market_plus_player_form,Pooled market + player-form logistic,legacy_player_form + lineup_continuity + position_and_distribution + recency,2022-23,2743,1335,5,51,55,0.939896331759574,0.5523301317622409,0.5628482473328674,legacy_player_form|lineup_continuity|position_and_distribution|recency
market_plus_player_form,Pooled market + player-form logistic,legacy_player_form + lineup_continuity + position_and_distribution + recency,2023-24,4078,1233,5,51,55,0.9210481718780867,0.5419466240260296,0.5767890461635673,legacy_player_form|lineup_continuity|position_and_distribution|recency
market_plus_player_form,Pooled market + player-form logistic,legacy_player_form + lineup_continuity + position_and_distribution + recency,2024-25,5311,1327,5,51,55,0.9513312136181915,0.5612796624882185,0.5663336999371348,legacy_player_form|lineup_continuity|position_and_distribution|recency
market_plus_player_form,Pooled market + player-form logistic,team_strength + opponent_adjusted_form + lineup_continuity + position_and_distribution,2022-23,2743,1335,5,59,63,0.9381095985548867,0.5517118338897344,0.5588791560010321,team_strength|opponent_adjusted_form|lineup_continuity|position_and_distribution
market_plus_player_form,Pooled market + player-form logistic,team_strength + opponent_adjusted_form + lineup_continuity + position_and_distribution,2023-24,4078,1233,5,59,63,0.9215913529687916,0.5420824289083639,0.5715002881833554,team_strength|opponent_adjusted_form|lineup_continuity|position_and_distribution
market_plus_player_form,Pooled market + player-form logistic,team_strength + opponent_adjusted_form + lineup_continuity + position_and_distribution,2024-25,5311,1327,5,59,63,0.9582200474158821,0.5645419447636824,0.5655133688199113,team_strength|opponent_adjusted_form|lineup_continuity|position_and_distribution
market_plus_player_form,Pooled market + player-form logistic,team_strength + opponent_adjusted_form + lineup_continuity + recency,2022-23,2743,1335,5,56,60,0.9259562493637704,0.5450601520495579,0.5779949506031887,team_strength|opponent_adjusted_form|lineup_continuity|recency
market_plus_player_form,Pooled market + player-form logistic,team_strength + opponent_adjusted_form + lineup_continuity + recency,2023-24,4078,1233,5,56,60,0.9174959299580212,0.5394275399457757,0.5703795683719968,team_strength|opponent_adjusted_form|lineup_continuity|recency
market_plus_player_form,Pooled market + player-form logistic,team_strength + opponent_adjusted_form + lineup_continuity + recency,2024-25,5311,1327,5,56,60,0.9529821442077997,0.5618679123388207,0.5662827822775365,team_strength|opponent_adjusted_form|lineup_continuity|recency
market_plus_player_form,Pooled market + player-form logistic,team_strength + opponent_adjusted_form + position_and_distribution + recency,2022-23,2743,1335,5,69,73,0.9383705600941917,0.5514686007888058,0.5530193064100675,team_strength|opponent_adjusted_form|position_and_distribution|recency
market_plus_player_form,Pooled market + player-form logistic,team_strength + opponent_adjusted_form + position_and_distribution + recency,2023-24,4078,1233,5,69,73,0.9235278053752978,0.5428556663360923,0.5681853954681958,team_strength|opponent_adjusted_form|position_and_distribution|recency
market_plus_player_form,Pooled market + player-form logistic,team_strength + opponent_adjusted_form + position_and_distribution + recency,2024-25,5311,1327,5,69,73,0.9549077849521437,0.5631632022090034,0.5690444986069372,team_strength|opponent_adjusted_form|position_and_distribution|recency
market_plus_player_form,Pooled market + player-form logistic,team_strength + lineup_continuity + position_and_distribution + recency,2022-23,2743,1335,5,52,56,0.9384211876933184,0.5515850532419175,0.5587527134663598,team_strength|lineup_continuity|position_and_distribution|recency
market_plus_player_form,Pooled market + player-form logistic,team_strength + lineup_continuity + position_and_distribution + recency,2023-24,4078,1233,5,52,56,0.9200813029344733,0.5416247090776496,0.5676694168276162,team_strength|lineup_continuity|position_and_distribution|recency
market_plus_player_form,Pooled market + player-form logistic,team_strength + lineup_continuity + position_and_distribution + recency,2024-25,5311,1327,5,52,56,0.9548808176517849,0.5631792216320293,0.5670705086502313,team_strength|lineup_continuity|position_and_distribution|recency
market_plus_player_form,Pooled market + player-form logistic,opponent_adjusted_form + lineup_continuity + position_and_distribution + recency,2022-23,2743,1335,5,68,72,0.9392016402226953,0.5522637706582912,0.5559304744481568,opponent_adjusted_form|lineup_continuity|position_and_distribution|recency
market_plus_player_form,Pooled market + player-form logistic,opponent_adjusted_form + lineup_continuity + position_and_distribution + recency,2023-24,4078,1233,5,68,72,0.920951456672921,0.5418235734076535,0.5716239122633996,opponent_adjusted_form|lineup_continuity|position_and_distribution|recency
market_plus_player_form,Pooled market + player-form logistic,opponent_adjusted_form + lineup_continuity + position_and_distribution + recency,2024-25,5311,1327,5,68,72,0.954678731996253,0.5631766834173095,0.5597393055777047,opponent_adjusted_form|lineup_continuity|position_and_distribution|recency
market_plus_player_form,Pooled market + player-form logistic,legacy_player_form + team_strength + opponent_adjusted_form + lineup_continuity + position_and_distribution,2022-23,2743,1335,5,66,70,0.9409463789861492,0.5531604510335912,0.5584163073933517,legacy_player_form|team_strength|opponent_adjusted_form|lineup_continuity|position_and_distribution
market_plus_player_form,Pooled market + player-form logistic,legacy_player_form + team_strength + opponent_adjusted_form + lineup_continuity + position_and_distribution,2023-24,4078,1233,5,66,70,0.9264716928533453,0.5447678177777449,0.5645434367334751,legacy_player_form|team_strength|opponent_adjusted_form|lineup_continuity|position_and_distribution
market_plus_player_form,Pooled market + player-form logistic,legacy_player_form + team_strength + opponent_adjusted_form + lineup_continuity + position_and_distribution,2024-25,5311,1327,5,66,70,0.9589897480744286,0.5651188244571104,0.5610114342681335,legacy_player_form|team_strength|opponent_adjusted_form|lineup_continuity|position_and_distribution
market_plus_player_form,Pooled market + player-form logistic,legacy_player_form + team_strength + opponent_adjusted_form + lineup_continuity + recency,2022-23,2743,1335,5,63,67,0.9273241236259914,0.5459969328156956,0.5698862072302681,legacy_player_form|team_strength|opponent_adjusted_form|lineup_continuity|recency
market_plus_player_form,Pooled market + player-form logistic,legacy_player_form + team_strength + opponent_adjusted_form + lineup_continuity + recency,2023-24,4078,1233,5,63,67,0.922581112016125,0.5418680382802354,0.5685586017280214,legacy_player_form|team_strength|opponent_adjusted_form|lineup_continuity|recency
market_plus_player_form,Pooled market + player-form logistic,legacy_player_form + team_strength + opponent_adjusted_form + lineup_continuity + recency,2024-25,5311,1327,5,63,67,0.9527853025945273,0.5615562531872456,0.569371929540319,legacy_player_form|team_strength|opponent_adjusted_form|lineup_continuity|recency
market_plus_player_form,Pooled market + player-form logistic,legacy_player_form + team_strength + opponent_adjusted_form + position_and_distribution + recency,2022-23,2743,1335,5,76,80,0.9395899579407615,0.5526234577497819,0.5528849523425723,legacy_player_form|team_strength|opponent_adjusted_form|position_and_distribution|recency
market_plus_player_form,Pooled market + player-form logistic,legacy_player_form + team_strength + opponent_adjusted_form + position_and_distribution + recency,2023-24,4078,1233,5,76,80,0.9270587617629003,0.544576956440044,0.5631789607409126,legacy_player_form|team_strength|opponent_adjusted_form|position_and_distribution|recency
market_plus_player_form,Pooled market + player-form logistic,legacy_player_form + team_strength + opponent_adjusted_form + position_and_distribution + recency,2024-25,5311,1327,5,76,80,0.9552186757510256,0.5633205255334225,0.5626294112656947,legacy_player_form|team_strength|opponent_adjusted_form|position_and_distribution|recency
market_plus_player_form,Pooled market + player-form logistic,legacy_player_form + team_strength + lineup_continuity + position_and_distribution + recency,2022-23,2743,1335,5,59,63,0.941044685556974,0.5532515944653428,0.5611921185560836,legacy_player_form|team_strength|lineup_continuity|position_and_distribution|recency
market_plus_player_form,Pooled market + player-form logistic,legacy_player_form + team_strength + lineup_continuity + position_and_distribution + recency,2023-24,4078,1233,5,59,63,0.9247831104276042,0.544077275746395,0.5693196390571419,legacy_player_form|team_strength|lineup_continuity|position_and_distribution|recency
market_plus_player_form,Pooled market + player-form logistic,legacy_player_form + team_strength + lineup_continuity + position_and_distribution + recency,2024-25,5311,1327,5,59,63,0.9553432359706908,0.5633366603843978,0.5647252054142913,legacy_player_form|team_strength|lineup_continuity|position_and_distribution|recency
market_plus_player_form,Pooled market + player-form logistic,legacy_player_form + opponent_adjusted_form + lineup_continuity + position_and_distribution + recency,2022-23,2743,1335,5,75,79,0.9403985388103087,0.5532695993840681,0.5592494338129061,legacy_player_form|opponent_adjusted_form|lineup_continuity|position_and_distribution|recency
market_plus_player_form,Pooled market + player-form logistic,legacy_player_form + opponent_adjusted_form + lineup_continuity + position_and_distribution + recency,2023-24,4078,1233,5,75,79,0.9249646779959837,0.5438056903792468,0.58009858115318,legacy_player_form|opponent_adjusted_form|lineup_continuity|position_and_distribution|recency
market_plus_player_form,Pooled market + player-form logistic,legacy_player_form + opponent_adjusted_form + lineup_continuity + position_and_distribution + recency,2024-25,5311,1327,5,75,79,0.9552801917067001,0.5635454835763174,0.5516971253960399,legacy_player_form|opponent_adjusted_form|lineup_continuity|position_and_distribution|recency
market_plus_player_form,Pooled market + player-form logistic,team_strength + opponent_adjusted_form + lineup_continuity + position_and_distribution + recency,2022-23,2743,1335,5,76,80,0.9421316237895176,0.5540988491785397,0.555944887417419,team_strength|opponent_adjusted_form|lineup_continuity|position_and_distribution|recency
market_plus_player_form,Pooled market + player-form logistic,team_strength + opponent_adjusted_form + lineup_continuity + position_and_distribution + recency,2023-24,4078,1233,5,76,80,0.9232750544506715,0.5427683781044119,0.5728186239356535,team_strength|opponent_adjusted_form|lineup_continuity|position_and_distribution|recency
market_plus_player_form,Pooled market + player-form logistic,team_strength + opponent_adjusted_form + lineup_continuity + position_and_distribution + recency,2024-25,5311,1327,5,76,80,0.9586337694288785,0.5651159665783146,0.5656384644522302,team_strength|opponent_adjusted_form|lineup_continuity|position_and_distribution|recency
market_plus_player_form,Pooled market + player-form logistic,legacy_player_form + team_strength + opponent_adjusted_form + lineup_continuity + position_and_distribution + recency,2022-23,2743,1335,5,83,87,0.9428399272872463,0.5547128796923845,0.5565735423881792,legacy_player_form|team_strength|opponent_adjusted_form|lineup_continuity|position_and_distribution|recency
market_plus_player_form,Pooled market + player-form logistic,legacy_player_form + team_strength + opponent_adjusted_form + lineup_continuity + position_and_distribution + recency,2023-24,4078,1233,5,83,87,0.9279851008370624,0.5452406438584688,0.5723738033827057,legacy_player_form|team_strength|opponent_adjusted_form|lineup_continuity|position_and_distribution|recency
market_plus_player_form,Pooled market + player-form logistic,legacy_player_form + team_strength + opponent_adjusted_form + lineup_continuity + position_and_distribution + recency,2024-25,5311,1327,5,83,87,0.9586555899236873,0.5650804944454529,0.5579189526644067,legacy_player_form|team_strength|opponent_adjusted_form|lineup_continuity|position_and_distribution|recency
player_form_lightgbm,Pooled player-form LightGBM,legacy_player_form,2022-23,2743,1335,5,7,11,0.9859846445978591,0.5868930234241203,0.5297279116505256,legacy_player_form
player_form_lightgbm,Pooled player-form LightGBM,legacy_player_form,2023-24,4078,1233,5,7,11,0.9821922902047258,0.5844542529742053,0.5232119048110744,legacy_player_form
player_form_lightgbm,Pooled player-form LightGBM,legacy_player_form,2024-25,5311,1327,5,7,11,1.011771709991104,0.6045966085802938,0.5035765049467741,legacy_player_form
player_form_lightgbm,Pooled player-form LightGBM,team_strength,2022-23,2743,1335,5,8,12,0.9340396422243424,0.5495472351950172,0.5622491751940366,team_strength
player_form_lightgbm,Pooled player-form LightGBM,team_strength,2023-24,4078,1233,5,8,12,0.944184297608645,0.5558003248253163,0.5617473564321586,team_strength
player_form_lightgbm,Pooled player-form LightGBM,team_strength,2024-25,5311,1327,5,8,12,0.983289027516838,0.5838379074580169,0.5343316715964737,team_strength
player_form_lightgbm,Pooled player-form LightGBM,opponent_adjusted_form,2022-23,2743,1335,5,24,28,1.0362732632864795,0.6240688396541569,0.48113707435313524,opponent_adjusted_form
player_form_lightgbm,Pooled player-form LightGBM,opponent_adjusted_form,2023-24,4078,1233,5,24,28,1.028314525025809,0.6165003899284369,0.4885530516039083,opponent_adjusted_form
player_form_lightgbm,Pooled player-form LightGBM,opponent_adjusted_form,2024-25,5311,1327,5,24,28,1.0473989575716671,0.6288304285862608,0.46553571497221535,opponent_adjusted_form
player_form_lightgbm,Pooled player-form LightGBM,lineup_continuity,2022-23,2743,1335,5,7,11,1.0336907691626447,0.6205135835585533,0.49686361168514515,lineup_continuity
player_form_lightgbm,Pooled player-form LightGBM,lineup_continuity,2023-24,4078,1233,5,7,11,1.0515773715992836,0.6333640777657863,0.4699995688740065,lineup_continuity
player_form_lightgbm,Pooled player-form LightGBM,lineup_continuity,2024-25,5311,1327,5,7,11,1.0548323461132942,0.6351642918439124,0.485230188535348,lineup_continuity
player_form_lightgbm,Pooled player-form LightGBM,position_and_distribution,2022-23,2743,1335,5,20,24,0.9909006552627913,0.5896865916790347,0.5275589552470252,position_and_distribution
player_form_lightgbm,Pooled player-form LightGBM,position_and_distribution,2023-24,4078,1233,5,20,24,0.9897013498598104,0.5875792474764086,0.5275157495042235,position_and_distribution
player_form_lightgbm,Pooled player-form LightGBM,position_and_distribution,2024-25,5311,1327,5,20,24,0.9993429959265082,0.5960629500602207,0.526170735331837,position_and_distribution
player_form_lightgbm,Pooled player-form LightGBM,recency,2022-23,2743,1335,5,17,21,0.9842016030479934,0.5864964185278293,0.5385063363724903,recency
player_form_lightgbm,Pooled player-form LightGBM,recency,2023-24,4078,1233,5,17,21,0.9804528980154503,0.5834365784237228,0.530752564971427,recency
player_form_lightgbm,Pooled player-form LightGBM,recency,2024-25,5311,1327,5,17,21,1.0159727712121955,0.6070784839959995,0.5024491723876559,recency
player_form_lightgbm,Pooled player-form LightGBM,legacy_player_form + team_strength,2022-23,2743,1335,5,15,19,0.9301553239423921,0.5468469356975498,0.5676587388329615,legacy_player_form|team_strength
player_form_lightgbm,Pooled player-form LightGBM,legacy_player_form + team_strength,2023-24,4078,1233,5,15,19,0.9326045277617355,0.5490151662754984,0.561238911609444,legacy_player_form|team_strength
player_form_lightgbm,Pooled player-form LightGBM,legacy_player_form + team_strength,2024-25,5311,1327,5,15,19,0.9828790718087536,0.5844655100206972,0.5301307411537167,legacy_player_form|team_strength
player_form_lightgbm,Pooled player-form LightGBM,legacy_player_form + opponent_adjusted_form,2022-23,2743,1335,5,31,35,0.9780370234156713,0.5817159031465697,0.5432463158137615,legacy_player_form|opponent_adjusted_form
player_form_lightgbm,Pooled player-form LightGBM,legacy_player_form + opponent_adjusted_form,2023-24,4078,1233,5,31,35,0.9701491070307918,0.5747819036424345,0.5400172747363798,legacy_player_form|opponent_adjusted_form
player_form_lightgbm,Pooled player-form LightGBM,legacy_player_form + opponent_adjusted_form,2024-25,5311,1327,5,31,35,0.9974736316201227,0.5945400285836567,0.5130895464052833,legacy_player_form|opponent_adjusted_form
player_form_lightgbm,Pooled player-form LightGBM,legacy_player_form + lineup_continuity,2022-23,2743,1335,5,14,18,0.976434268714705,0.5795048965269751,0.5424296595908694,legacy_player_form|lineup_continuity
player_form_lightgbm,Pooled player-form LightGBM,legacy_player_form + lineup_continuity,2023-24,4078,1233,5,14,18,0.9729019540454973,0.5775687693515098,0.536968968414609,legacy_player_form|lineup_continuity
player_form_lightgbm,Pooled player-form LightGBM,legacy_player_form + lineup_continuity,2024-25,5311,1327,5,14,18,1.0095003645743168,0.6026953087532279,0.508104654763174,legacy_player_form|lineup_continuity
player_form_lightgbm,Pooled player-form LightGBM,legacy_player_form + position_and_distribution,2022-23,2743,1335,5,27,31,0.974747928525676,0.5783430228119568,0.5474243678760707,legacy_player_form|position_and_distribution
player_form_lightgbm,Pooled player-form LightGBM,legacy_player_form + position_and_distribution,2023-24,4078,1233,5,27,31,0.9766352869412545,0.5790803210683303,0.540708203591535,legacy_player_form|position_and_distribution
player_form_lightgbm,Pooled player-form LightGBM,legacy_player_form + position_and_distribution,2024-25,5311,1327,5,27,31,0.9997845320997637,0.596904899933459,0.5168813310985726,legacy_player_form|position_and_distribution
player_form_lightgbm,Pooled player-form LightGBM,legacy_player_form + recency,2022-23,2743,1335,5,24,28,0.982119355541599,0.584581100957773,0.5358745115106649,legacy_player_form|recency
player_form_lightgbm,Pooled player-form LightGBM,legacy_player_form + recency,2023-24,4078,1233,5,24,28,0.9793190335971174,0.5825620268652041,0.5334492738006104,legacy_player_form|recency
player_form_lightgbm,Pooled player-form LightGBM,legacy_player_form + recency,2024-25,5311,1327,5,24,28,1.0144924034110225,0.6053678249784177,0.4993856587561979,legacy_player_form|recency
player_form_lightgbm,Pooled player-form LightGBM,team_strength + opponent_adjusted_form,2022-23,2743,1335,5,32,36,0.9327612223884163,0.5493232348066195,0.5747568408124024,team_strength|opponent_adjusted_form
player_form_lightgbm,Pooled player-form LightGBM,team_strength + opponent_adjusted_form,2023-24,4078,1233,5,32,36,0.9314296812417044,0.5488528076000186,0.5655003821842475,team_strength|opponent_adjusted_form
player_form_lightgbm,Pooled player-form LightGBM,team_strength + opponent_adjusted_form,2024-25,5311,1327,5,32,36,0.9840354107185689,0.5850084109199665,0.5289131200799453,team_strength|opponent_adjusted_form
player_form_lightgbm,Pooled player-form LightGBM,team_strength + lineup_continuity,2022-23,2743,1335,5,15,19,0.9362402637931476,0.5506990947232158,0.5691589393945339,team_strength|lineup_continuity
player_form_lightgbm,Pooled player-form LightGBM,team_strength + lineup_continuity,2023-24,4078,1233,5,15,19,0.9387743941777844,0.5527618915485302,0.559527266649239,team_strength|lineup_continuity
player_form_lightgbm,Pooled player-form LightGBM,team_strength + lineup_continuity,2024-25,5311,1327,5,15,19,0.9843539332722143,0.5849753589134086,0.5322489862231092,team_strength|lineup_continuity
player_form_lightgbm,Pooled player-form LightGBM,team_strength + position_and_distribution,2022-23,2743,1335,5,28,32,0.9320322247736268,0.5486781708204378,0.5691598450510054,team_strength|position_and_distribution
player_form_lightgbm,Pooled player-form LightGBM,team_strength + position_and_distribution,2023-24,4078,1233,5,28,32,0.9383533459593645,0.55186461616451,0.5606008661261919,team_strength|position_and_distribution
player_form_lightgbm,Pooled player-form LightGBM,team_strength + position_and_distribution,2024-25,5311,1327,5,28,32,0.9781452976973475,0.5813654571225674,0.5279391689481203,team_strength|position_and_distribution
player_form_lightgbm,Pooled player-form LightGBM,team_strength + recency,2022-23,2743,1335,5,25,29,0.9255930358363221,0.544771310349663,0.5733850494005479,team_strength|recency
player_form_lightgbm,Pooled player-form LightGBM,team_strength + recency,2023-24,4078,1233,5,25,29,0.9274575867056036,0.5455831510124238,0.5679807320837322,team_strength|recency
player_form_lightgbm,Pooled player-form LightGBM,team_strength + recency,2024-25,5311,1327,5,25,29,0.9826184842818948,0.5837943011829785,0.5330622990553936,team_strength|recency
player_form_lightgbm,Pooled player-form LightGBM,opponent_adjusted_form + lineup_continuity,2022-23,2743,1335,5,31,35,1.020619141703335,0.6126420126315641,0.5097734338495249,opponent_adjusted_form|lineup_continuity
player_form_lightgbm,Pooled player-form LightGBM,opponent_adjusted_form + lineup_continuity,2023-24,4078,1233,5,31,35,1.0202651067614745,0.6103579606281135,0.5029052928525491,opponent_adjusted_form|lineup_continuity
player_form_lightgbm,Pooled player-form LightGBM,opponent_adjusted_form + lineup_continuity,2024-25,5311,1327,5,31,35,1.0444986141079116,0.6262896485873118,0.48667103730199124,opponent_adjusted_form|lineup_continuity
player_form_lightgbm,Pooled player-form LightGBM,opponent_adjusted_form + position_and_distribution,2022-23,2743,1335,5,44,48,0.9945061300576148,0.5929453541207241,0.5276874741591314,opponent_adjusted_form|position_and_distribution
player_form_lightgbm,Pooled player-form LightGBM,opponent_adjusted_form + position_and_distribution,2023-24,4078,1233,5,44,48,0.9829150101807809,0.5831825349639523,0.5332895037646949,opponent_adjusted_form|position_and_distribution
player_form_lightgbm,Pooled player-form LightGBM,opponent_adjusted_form + position_and_distribution,2024-25,5311,1327,5,44,48,1.0012741144051673,0.5966727818521131,0.5228023754598865,opponent_adjusted_form|position_and_distribution
player_form_lightgbm,Pooled player-form LightGBM,opponent_adjusted_form + recency,2022-23,2743,1335,5,41,45,0.9818671666014417,0.5850375862045941,0.5322583611382481,opponent_adjusted_form|recency
player_form_lightgbm,Pooled player-form LightGBM,opponent_adjusted_form + recency,2023-24,4078,1233,5,41,45,0.977453313259429,0.5806224433043241,0.5385807300815699,opponent_adjusted_form|recency
player_form_lightgbm,Pooled player-form LightGBM,opponent_adjusted_form + recency,2024-25,5311,1327,5,41,45,1.0079699071325228,0.6012895806340744,0.5169322081434969,opponent_adjusted_form|recency
player_form_lightgbm,Pooled player-form LightGBM,lineup_continuity + position_and_distribution,2022-23,2743,1335,5,27,31,0.9848594349964396,0.5854978991442132,0.5357191722757583,lineup_continuity|position_and_distribution
player_form_lightgbm,Pooled player-form LightGBM,lineup_continuity + position_and_distribution,2023-24,4078,1233,5,27,31,0.9880655484422339,0.5860864112507265,0.5323398507809818,lineup_continuity|position_and_distribution
player_form_lightgbm,Pooled player-form LightGBM,lineup_continuity + position_and_distribution,2024-25,5311,1327,5,27,31,1.0013927573101415,0.5974680368312107,0.5212206465361747,lineup_continuity|position_and_distribution
player_form_lightgbm,Pooled player-form LightGBM,lineup_continuity + recency,2022-23,2743,1335,5,24,28,0.9797332484370453,0.5831476855564963,0.5439566804752423,lineup_continuity|recency
player_form_lightgbm,Pooled player-form LightGBM,lineup_continuity + recency,2023-24,4078,1233,5,24,28,0.9765648581632771,0.5803644307001223,0.5348877162072985,lineup_continuity|recency
player_form_lightgbm,Pooled player-form LightGBM,lineup_continuity + recency,2024-25,5311,1327,5,24,28,1.0124671934501217,0.6047889367613498,0.5126073654791818,lineup_continuity|recency
player_form_lightgbm,Pooled player-form LightGBM,position_and_distribution + recency,2022-23,2743,1335,5,37,41,0.972358844447152,0.5772826070611592,0.5435801926811,position_and_distribution|recency
player_form_lightgbm,Pooled player-form LightGBM,position_and_distribution + recency,2023-24,4078,1233,5,37,41,0.9735509091383087,0.5774811144225376,0.5279161195348838,position_and_distribution|recency
player_form_lightgbm,Pooled player-form LightGBM,position_and_distribution + recency,2024-25,5311,1327,5,37,41,0.9989907604151991,0.59541178901991,0.5194546032668999,position_and_distribution|recency
player_form_lightgbm,Pooled player-form LightGBM,legacy_player_form + team_strength + opponent_adjusted_form,2022-23,2743,1335,5,39,43,0.9335955166932767,0.5497616349798046,0.5711332833470746,legacy_player_form|team_strength|opponent_adjusted_form
player_form_lightgbm,Pooled player-form LightGBM,legacy_player_form + team_strength + opponent_adjusted_form,2023-24,4078,1233,5,39,43,0.9311537713315984,0.5487703679343399,0.562058240929554,legacy_player_form|team_strength|opponent_adjusted_form
player_form_lightgbm,Pooled player-form LightGBM,legacy_player_form + team_strength + opponent_adjusted_form,2024-25,5311,1327,5,39,43,0.9807415026852165,0.5832208619705028,0.5304450868977335,legacy_player_form|team_strength|opponent_adjusted_form
player_form_lightgbm,Pooled player-form LightGBM,legacy_player_form + team_strength + lineup_continuity,2022-23,2743,1335,5,22,26,0.929536660050065,0.546366819177903,0.5718350377330396,legacy_player_form|team_strength|lineup_continuity
player_form_lightgbm,Pooled player-form LightGBM,legacy_player_form + team_strength + lineup_continuity,2023-24,4078,1233,5,22,26,0.9308322921687993,0.5479986540259755,0.5665767899876941,legacy_player_form|team_strength|lineup_continuity
player_form_lightgbm,Pooled player-form LightGBM,legacy_player_form + team_strength + lineup_continuity,2024-25,5311,1327,5,22,26,0.9810436057880129,0.5828755960591676,0.5355363412529736,legacy_player_form|team_strength|lineup_continuity
player_form_lightgbm,Pooled player-form LightGBM,legacy_player_form + team_strength + position_and_distribution,2022-23,2743,1335,5,35,39,0.928918848133037,0.5470514338506796,0.5706208695479154,legacy_player_form|team_strength|position_and_distribution
player_form_lightgbm,Pooled player-form LightGBM,legacy_player_form + team_strength + position_and_distribution,2023-24,4078,1233,5,35,39,0.9353087698102979,0.5503820379556793,0.5683927722128578,legacy_player_form|team_strength|position_and_distribution
player_form_lightgbm,Pooled player-form LightGBM,legacy_player_form + team_strength + position_and_distribution,2024-25,5311,1327,5,35,39,0.9777418001036681,0.5813803623618181,0.5328196841231254,legacy_player_form|team_strength|position_and_distribution
player_form_lightgbm,Pooled player-form LightGBM,legacy_player_form + team_strength + recency,2022-23,2743,1335,5,32,36,0.9265091261581837,0.5455662967463534,0.5742103158989559,legacy_player_form|team_strength|recency
player_form_lightgbm,Pooled player-form LightGBM,legacy_player_form + team_strength + recency,2023-24,4078,1233,5,32,36,0.9295963732261878,0.5472133914475676,0.5701116285777319,legacy_player_form|team_strength|recency
player_form_lightgbm,Pooled player-form LightGBM,legacy_player_form + team_strength + recency,2024-25,5311,1327,5,32,36,0.982652000104904,0.5839940999158417,0.5321271073589318,legacy_player_form|team_strength|recency
player_form_lightgbm,Pooled player-form LightGBM,legacy_player_form + opponent_adjusted_form + lineup_continuity,2022-23,2743,1335,5,38,42,0.974739577410362,0.5792662818713497,0.5437945614277966,legacy_player_form|opponent_adjusted_form|lineup_continuity
player_form_lightgbm,Pooled player-form LightGBM,legacy_player_form + opponent_adjusted_form + lineup_continuity,2023-24,4078,1233,5,38,42,0.9703426759177486,0.5751498897346357,0.5503097540836765,legacy_player_form|opponent_adjusted_form|lineup_continuity
player_form_lightgbm,Pooled player-form LightGBM,legacy_player_form + opponent_adjusted_form + lineup_continuity,2024-25,5311,1327,5,38,42,0.9986005080826391,0.5952249549646079,0.5115070819320153,legacy_player_form|opponent_adjusted_form|lineup_continuity
player_form_lightgbm,Pooled player-form LightGBM,legacy_player_form + opponent_adjusted_form + position_and_distribution,2022-23,2743,1335,5,51,55,0.9740802889565753,0.5785514517864755,0.5359120640261292,legacy_player_form|opponent_adjusted_form|position_and_distribution
player_form_lightgbm,Pooled player-form LightGBM,legacy_player_form + opponent_adjusted_form + position_and_distribution,2023-24,4078,1233,5,51,55,0.9707950686663074,0.5746187660132175,0.5467122458712432,legacy_player_form|opponent_adjusted_form|position_and_distribution
player_form_lightgbm,Pooled player-form LightGBM,legacy_player_form + opponent_adjusted_form + position_and_distribution,2024-25,5311,1327,5,51,55,0.9923544020454415,0.5912199354808526,0.5219144174790279,legacy_player_form|opponent_adjusted_form|position_and_distribution
player_form_lightgbm,Pooled player-form LightGBM,legacy_player_form + opponent_adjusted_form + recency,2022-23,2743,1335,5,48,52,0.9724566733045054,0.5779470553998445,0.5327658262884564,legacy_player_form|opponent_adjusted_form|recency
player_form_lightgbm,Pooled player-form LightGBM,legacy_player_form + opponent_adjusted_form + recency,2023-24,4078,1233,5,48,52,0.9676499072678857,0.5735933348478166,0.5502792580976973,legacy_player_form|opponent_adjusted_form|recency
player_form_lightgbm,Pooled player-form LightGBM,legacy_player_form + opponent_adjusted_form + recency,2024-25,5311,1327,5,48,52,1.0035865954295666,0.5981608987533727,0.5114405978644672,legacy_player_form|opponent_adjusted_form|recency
player_form_lightgbm,Pooled player-form LightGBM,legacy_player_form + lineup_continuity + position_and_distribution,2022-23,2743,1335,5,34,38,0.9688997130327344,0.5742182981993753,0.5442773540949591,legacy_player_form|lineup_continuity|position_and_distribution
player_form_lightgbm,Pooled player-form LightGBM,legacy_player_form + lineup_continuity + position_and_distribution,2023-24,4078,1233,5,34,38,0.9752993481197819,0.5776970324327152,0.5427325867282577,legacy_player_form|lineup_continuity|position_and_distribution
player_form_lightgbm,Pooled player-form LightGBM,legacy_player_form + lineup_continuity + position_and_distribution,2024-25,5311,1327,5,34,38,1.0009145472344771,0.5973977294549251,0.5147444706827949,legacy_player_form|lineup_continuity|position_and_distribution
player_form_lightgbm,Pooled player-form LightGBM,legacy_player_form + lineup_continuity + recency,2022-23,2743,1335,5,31,35,0.9777415349806935,0.5810716116549649,0.5429005750334752,legacy_player_form|lineup_continuity|recency
player_form_lightgbm,Pooled player-form LightGBM,legacy_player_form + lineup_continuity + recency,2023-24,4078,1233,5,31,35,0.9746424309060856,0.5791883725723179,0.5338681520276699,legacy_player_form|lineup_continuity|recency
player_form_lightgbm,Pooled player-form LightGBM,legacy_player_form + lineup_continuity + recency,2024-25,5311,1327,5,31,35,1.010883143972465,0.603366534438713,0.5039200100786331,legacy_player_form|lineup_continuity|recency
player_form_lightgbm,Pooled player-form LightGBM,legacy_player_form + position_and_distribution + recency,2022-23,2743,1335,5,44,48,0.9701725675336371,0.5756305467769198,0.5453196546978021,legacy_player_form|position_and_distribution|recency
player_form_lightgbm,Pooled player-form LightGBM,legacy_player_form + position_and_distribution + recency,2023-24,4078,1233,5,44,48,0.9720044528350791,0.5764863207327676,0.536661789439093,legacy_player_form|position_and_distribution|recency
player_form_lightgbm,Pooled player-form LightGBM,legacy_player_form + position_and_distribution + recency,2024-25,5311,1327,5,44,48,1.0001411754314646,0.5962296621357055,0.514609489600446,legacy_player_form|position_and_distribution|recency
player_form_lightgbm,Pooled player-form LightGBM,team_strength + opponent_adjusted_form + lineup_continuity,2022-23,2743,1335,5,39,43,0.9321688390068477,0.5485977144568148,0.5798457698322886,team_strength|opponent_adjusted_form|lineup_continuity
player_form_lightgbm,Pooled player-form LightGBM,team_strength + opponent_adjusted_form + lineup_continuity,2023-24,4078,1233,5,39,43,0.9320132038449629,0.5488626213490158,0.5643235973677567,team_strength|opponent_adjusted_form|lineup_continuity
player_form_lightgbm,Pooled player-form LightGBM,team_strength + opponent_adjusted_form + lineup_continuity,2024-25,5311,1327,5,39,43,0.9836940955167266,0.5848605355290577,0.5295025508991495,team_strength|opponent_adjusted_form|lineup_continuity
player_form_lightgbm,Pooled player-form LightGBM,team_strength + opponent_adjusted_form + position_and_distribution,2022-23,2743,1335,5,52,56,0.9310500631869182,0.5484467701406744,0.5773238400077274,team_strength|opponent_adjusted_form|position_and_distribution
player_form_lightgbm,Pooled player-form LightGBM,team_strength + opponent_adjusted_form + position_and_distribution,2023-24,4078,1233,5,52,56,0.9341186443981695,0.5500286162172386,0.5622718489847441,team_strength|opponent_adjusted_form|position_and_distribution
player_form_lightgbm,Pooled player-form LightGBM,team_strength + opponent_adjusted_form + position_and_distribution,2024-25,5311,1327,5,52,56,0.9794473804735384,0.5819078966230857,0.5270998195091994,team_strength|opponent_adjusted_form|position_and_distribution
player_form_lightgbm,Pooled player-form LightGBM,team_strength + opponent_adjusted_form + recency,2022-23,2743,1335,5,49,53,0.9295873566475631,0.5473889719061559,0.574125617635294,team_strength|opponent_adjusted_form|recency
player_form_lightgbm,Pooled player-form LightGBM,team_strength + opponent_adjusted_form + recency,2023-24,4078,1233,5,49,53,0.9257282943227206,0.5453696303459232,0.5697905525178933,team_strength|opponent_adjusted_form|recency
player_form_lightgbm,Pooled player-form LightGBM,team_strength + opponent_adjusted_form + recency,2024-25,5311,1327,5,49,53,0.9854707717054042,0.5854150131442838,0.5309796542967031,team_strength|opponent_adjusted_form|recency
player_form_lightgbm,Pooled player-form LightGBM,team_strength + lineup_continuity + position_and_distribution,2022-23,2743,1335,5,35,39,0.9293819079593263,0.5469845047755966,0.5661568175708004,team_strength|lineup_continuity|position_and_distribution
player_form_lightgbm,Pooled player-form LightGBM,team_strength + lineup_continuity + position_and_distribution,2023-24,4078,1233,5,35,39,0.9370775506862554,0.5508936457721065,0.5662233642627539,team_strength|lineup_continuity|position_and_distribution
player_form_lightgbm,Pooled player-form LightGBM,team_strength + lineup_continuity + position_and_distribution,2024-25,5311,1327,5,35,39,0.9786043421260663,0.5817764957901923,0.5281766609698989,team_strength|lineup_continuity|position_and_distribution
player_form_lightgbm,Pooled player-form LightGBM,team_strength + lineup_continuity + recency,2022-23,2743,1335,5,32,36,0.9255019574427987,0.5443748961607143,0.5723878181684684,team_strength|lineup_continuity|recency
player_form_lightgbm,Pooled player-form LightGBM,team_strength + lineup_continuity + recency,2023-24,4078,1233,5,32,36,0.9259616441677789,0.5446782470390251,0.5706555538052376,team_strength|lineup_continuity|recency
player_form_lightgbm,Pooled player-form LightGBM,team_strength + lineup_continuity + recency,2024-25,5311,1327,5,32,36,0.9824679037183964,0.5838214253477971,0.5328193581059423,team_strength|lineup_continuity|recency
player_form_lightgbm,Pooled player-form LightGBM,team_strength + position_and_distribution + recency,2022-23,2743,1335,5,45,49,0.9272234678586633,0.5460715296093241,0.5699201179698126,team_strength|position_and_distribution|recency
player_form_lightgbm,Pooled player-form LightGBM,team_strength + position_and_distribution + recency,2023-24,4078,1233,5,45,49,0.9278872986113811,0.5460162103650126,0.5727339976860544,team_strength|position_and_distribution|recency
player_form_lightgbm,Pooled player-form LightGBM,team_strength + position_and_distribution + recency,2024-25,5311,1327,5,45,49,0.9811095286493818,0.5830252675773091,0.5321567509514338,team_strength|position_and_distribution|recency
player_form_lightgbm,Pooled player-form LightGBM,opponent_adjusted_form + lineup_continuity + position_and_distribution,2022-23,2743,1335,5,51,55,0.9880888991788543,0.588580081447984,0.5347368259912104,opponent_adjusted_form|lineup_continuity|position_and_distribution
player_form_lightgbm,Pooled player-form LightGBM,opponent_adjusted_form + lineup_continuity + position_and_distribution,2023-24,4078,1233,5,51,55,0.9826882166941167,0.5832389797909284,0.5420687447789525,opponent_adjusted_form|lineup_continuity|position_and_distribution
player_form_lightgbm,Pooled player-form LightGBM,opponent_adjusted_form + lineup_continuity + position_and_distribution,2024-25,5311,1327,5,51,55,1.00329820183806,0.5982711505737881,0.5205053845350955,opponent_adjusted_form|lineup_continuity|position_and_distribution
player_form_lightgbm,Pooled player-form LightGBM,opponent_adjusted_form + lineup_continuity + recency,2022-23,2743,1335,5,48,52,0.9760454832705816,0.5808889493072986,0.5389103497711617,opponent_adjusted_form|lineup_continuity|recency
player_form_lightgbm,Pooled player-form LightGBM,opponent_adjusted_form + lineup_continuity + recency,2023-24,4078,1233,5,48,52,0.9734706389382446,0.5779088705664248,0.5365084479917556,opponent_adjusted_form|lineup_continuity|recency
player_form_lightgbm,Pooled player-form LightGBM,opponent_adjusted_form + lineup_continuity + recency,2024-25,5311,1327,5,48,52,1.0070595810653669,0.6006664499418608,0.5108925016861467,opponent_adjusted_form|lineup_continuity|recency
player_form_lightgbm,Pooled player-form LightGBM,opponent_adjusted_form + position_and_distribution + recency,2022-23,2743,1335,5,61,65,0.9719921736883288,0.5772951948576862,0.5454578448439982,opponent_adjusted_form|position_and_distribution|recency
player_form_lightgbm,Pooled player-form LightGBM,opponent_adjusted_form + position_and_distribution + recency,2023-24,4078,1233,5,61,65,0.9687616853559119,0.574280902969498,0.5430523602807594,opponent_adjusted_form|position_and_distribution|recency
player_form_lightgbm,Pooled player-form LightGBM,opponent_adjusted_form + position_and_distribution + recency,2024-25,5311,1327,5,61,65,0.9966895794462829,0.5933242641616848,0.5245136899105363,opponent_adjusted_form|position_and_distribution|recency
player_form_lightgbm,Pooled player-form LightGBM,lineup_continuity + position_and_distribution + recency,2022-23,2743,1335,5,44,48,0.9691433933093399,0.5748124335745519,0.5565899219724871,lineup_continuity|position_and_distribution|recency
player_form_lightgbm,Pooled player-form LightGBM,lineup_continuity + position_and_distribution + recency,2023-24,4078,1233,5,44,48,0.973058083853511,0.5768459068842315,0.5384536575707215,lineup_continuity|position_and_distribution|recency
player_form_lightgbm,Pooled player-form LightGBM,lineup_continuity + position_and_distribution + recency,2024-25,5311,1327,5,44,48,0.9990574973186843,0.5956962362509868,0.5190356896402052,lineup_continuity|position_and_distribution|recency
player_form_lightgbm,Pooled player-form LightGBM,legacy_player_form + team_strength + opponent_adjusted_form + lineup_continuity,2022-23,2743,1335,5,46,50,0.9328418824160302,0.5491970454308204,0.5786259734055542,legacy_player_form|team_strength|opponent_adjusted_form|lineup_continuity
player_form_lightgbm,Pooled player-form LightGBM,legacy_player_form + team_strength + opponent_adjusted_form + lineup_continuity,2023-24,4078,1233,5,46,50,0.9322283544464136,0.5491753017777413,0.5640032999266043,legacy_player_form|team_strength|opponent_adjusted_form|lineup_continuity
player_form_lightgbm,Pooled player-form LightGBM,legacy_player_form + team_strength + opponent_adjusted_form + lineup_continuity,2024-25,5311,1327,5,46,50,0.9817531142209426,0.5836227591273218,0.5300956656623484,legacy_player_form|team_strength|opponent_adjusted_form|lineup_continuity
player_form_lightgbm,Pooled player-form LightGBM,legacy_player_form + team_strength + opponent_adjusted_form + position_and_distribution,2022-23,2743,1335,5,59,63,0.932238596926036,0.5493404048817598,0.5703286788008753,legacy_player_form|team_strength|opponent_adjusted_form|position_and_distribution
player_form_lightgbm,Pooled player-form LightGBM,legacy_player_form + team_strength + opponent_adjusted_form + position_and_distribution,2023-24,4078,1233,5,59,63,0.9352850335536841,0.550661593775611,0.5605198643360826,legacy_player_form|team_strength|opponent_adjusted_form|position_and_distribution
player_form_lightgbm,Pooled player-form LightGBM,legacy_player_form + team_strength + opponent_adjusted_form + position_and_distribution,2024-25,5311,1327,5,59,63,0.9811447572952214,0.5832462579441604,0.5277020265293919,legacy_player_form|team_strength|opponent_adjusted_form|position_and_distribution
player_form_lightgbm,Pooled player-form LightGBM,legacy_player_form + team_strength + opponent_adjusted_form + recency,2022-23,2743,1335,5,56,60,0.9317310165058981,0.548842464707428,0.5676042441425653,legacy_player_form|team_strength|opponent_adjusted_form|recency
player_form_lightgbm,Pooled player-form LightGBM,legacy_player_form + team_strength + opponent_adjusted_form + recency,2023-24,4078,1233,5,56,60,0.9268356103544036,0.5459060235644362,0.5726915768715748,legacy_player_form|team_strength|opponent_adjusted_form|recency
player_form_lightgbm,Pooled player-form LightGBM,legacy_player_form + team_strength + opponent_adjusted_form + recency,2024-25,5311,1327,5,56,60,0.985236348763679,0.585521518976643,0.5261444260802792,legacy_player_form|team_strength|opponent_adjusted_form|recency
player_form_lightgbm,Pooled player-form LightGBM,legacy_player_form + team_strength + lineup_continuity + position_and_distribution,2022-23,2743,1335,5,42,46,0.9275235402767255,0.5460222653872723,0.5738400189370481,legacy_player_form|team_strength|lineup_continuity|position_and_distribution
player_form_lightgbm,Pooled player-form LightGBM,legacy_player_form + team_strength + lineup_continuity + position_and_distribution,2023-24,4078,1233,5,42,46,0.934339915460962,0.5496024950361548,0.5691556632211006,legacy_player_form|team_strength|lineup_continuity|position_and_distribution
player_form_lightgbm,Pooled player-form LightGBM,legacy_player_form + team_strength + lineup_continuity + position_and_distribution,2024-25,5311,1327,5,42,46,0.9791318029772758,0.5821696373846378,0.5329575965711063,legacy_player_form|team_strength|lineup_continuity|position_and_distribution
player_form_lightgbm,Pooled player-form LightGBM,legacy_player_form + team_strength + lineup_continuity + recency,2022-23,2743,1335,5,39,43,0.9274291242127882,0.5456112582266156,0.5751450246063922,legacy_player_form|team_strength|lineup_continuity|recency
player_form_lightgbm,Pooled player-form LightGBM,legacy_player_form + team_strength + lineup_continuity + recency,2023-24,4078,1233,5,39,43,0.9266544037514424,0.5452538046661906,0.573239784764191,legacy_player_form|team_strength|lineup_continuity|recency
player_form_lightgbm,Pooled player-form LightGBM,legacy_player_form + team_strength + lineup_continuity + recency,2024-25,5311,1327,5,39,43,0.9832278428537655,0.5843425217079059,0.5303006233406669,legacy_player_form|team_strength|lineup_continuity|recency
player_form_lightgbm,Pooled player-form LightGBM,legacy_player_form + team_strength + position_and_distribution + recency,2022-23,2743,1335,5,52,56,0.9273627995770133,0.5462228292054798,0.5688401160884384,legacy_player_form|team_strength|position_and_distribution|recency
player_form_lightgbm,Pooled player-form LightGBM,legacy_player_form + team_strength + position_and_distribution + recency,2023-24,4078,1233,5,52,56,0.9306036130307431,0.5473714604741106,0.5721713669840996,legacy_player_form|team_strength|position_and_distribution|recency
player_form_lightgbm,Pooled player-form LightGBM,legacy_player_form + team_strength + position_and_distribution + recency,2024-25,5311,1327,5,52,56,0.9811392778097604,0.5830972371702732,0.5291575832149282,legacy_player_form|team_strength|position_and_distribution|recency
player_form_lightgbm,Pooled player-form LightGBM,legacy_player_form + opponent_adjusted_form + lineup_continuity + position_and_distribution,2022-23,2743,1335,5,58,62,0.9699644581737438,0.5758335818763716,0.5391857081056581,legacy_player_form|opponent_adjusted_form|lineup_continuity|position_and_distribution
player_form_lightgbm,Pooled player-form LightGBM,legacy_player_form + opponent_adjusted_form + lineup_continuity + position_and_distribution,2023-24,4078,1233,5,58,62,0.9708973556213809,0.5747877992802903,0.5427294305417986,legacy_player_form|opponent_adjusted_form|lineup_continuity|position_and_distribution
player_form_lightgbm,Pooled player-form LightGBM,legacy_player_form + opponent_adjusted_form + lineup_continuity + position_and_distribution,2024-25,5311,1327,5,58,62,0.9951652889543834,0.5931118578758311,0.5185021818182857,legacy_player_form|opponent_adjusted_form|lineup_continuity|position_and_distribution
player_form_lightgbm,Pooled player-form LightGBM,legacy_player_form + opponent_adjusted_form + lineup_continuity + recency,2022-23,2743,1335,5,55,59,0.9691138574044764,0.5754110222174008,0.5401389309255482,legacy_player_form|opponent_adjusted_form|lineup_continuity|recency
player_form_lightgbm,Pooled player-form LightGBM,legacy_player_form + opponent_adjusted_form + lineup_continuity + recency,2023-24,4078,1233,5,55,59,0.9674403485375912,0.5734895563682468,0.5485322578678474,legacy_player_form|opponent_adjusted_form|lineup_continuity|recency
player_form_lightgbm,Pooled player-form LightGBM,legacy_player_form + opponent_adjusted_form + lineup_continuity + recency,2024-25,5311,1327,5,55,59,1.0023049133575432,0.5973510519766887,0.510920961867888,legacy_player_form|opponent_adjusted_form|lineup_continuity|recency
player_form_lightgbm,Pooled player-form LightGBM,legacy_player_form + opponent_adjusted_form + position_and_distribution + recency,2022-23,2743,1335,5,68,72,0.9678416466740059,0.5745057352526215,0.5372438900182738,legacy_player_form|opponent_adjusted_form|position_and_distribution|recency
player_form_lightgbm,Pooled player-form LightGBM,legacy_player_form + opponent_adjusted_form + position_and_distribution + recency,2023-24,4078,1233,5,68,72,0.9640909073052839,0.5709571049840582,0.548302025464231,legacy_player_form|opponent_adjusted_form|position_and_distribution|recency
player_form_lightgbm,Pooled player-form LightGBM,legacy_player_form + opponent_adjusted_form + position_and_distribution + recency,2024-25,5311,1327,5,68,72,0.9962257859540913,0.5929061981432152,0.5228313434321551,legacy_player_form|opponent_adjusted_form|position_and_distribution|recency
player_form_lightgbm,Pooled player-form LightGBM,legacy_player_form + lineup_continuity + position_and_distribution + recency,2022-23,2743,1335,5,51,55,0.967350222520885,0.5733984767016257,0.5469321307392419,legacy_player_form|lineup_continuity|position_and_distribution|recency
player_form_lightgbm,Pooled player-form LightGBM,legacy_player_form + lineup_continuity + position_and_distribution + recency,2023-24,4078,1233,5,51,55,0.9711081690621086,0.5756646338939867,0.5484508827710027,legacy_player_form|lineup_continuity|position_and_distribution|recency
player_form_lightgbm,Pooled player-form LightGBM,legacy_player_form + lineup_continuity + position_and_distribution + recency,2024-25,5311,1327,5,51,55,1.0004303309232927,0.5967230511843356,0.518125338382031,legacy_player_form|lineup_continuity|position_and_distribution|recency
player_form_lightgbm,Pooled player-form LightGBM,team_strength + opponent_adjusted_form + lineup_continuity + position_and_distribution,2022-23,2743,1335,5,59,63,0.9282588078345804,0.5466027603428186,0.5746208241950308,team_strength|opponent_adjusted_form|lineup_continuity|position_and_distribution
player_form_lightgbm,Pooled player-form LightGBM,team_strength + opponent_adjusted_form + lineup_continuity + position_and_distribution,2023-24,4078,1233,5,59,63,0.9330564563535722,0.5492523837374106,0.569256994881516,team_strength|opponent_adjusted_form|lineup_continuity|position_and_distribution
player_form_lightgbm,Pooled player-form LightGBM,team_strength + opponent_adjusted_form + lineup_continuity + position_and_distribution,2024-25,5311,1327,5,59,63,0.9802431310222147,0.5824170924829295,0.5244628898237412,team_strength|opponent_adjusted_form|lineup_continuity|position_and_distribution
player_form_lightgbm,Pooled player-form LightGBM,team_strength + opponent_adjusted_form + lineup_continuity + recency,2022-23,2743,1335,5,56,60,0.9297082243795849,0.5472061617345123,0.5741994739439036,team_strength|opponent_adjusted_form|lineup_continuity|recency
player_form_lightgbm,Pooled player-form LightGBM,team_strength + opponent_adjusted_form + lineup_continuity + recency,2023-24,4078,1233,5,56,60,0.9248377995706173,0.544558149534643,0.571492809981111,team_strength|opponent_adjusted_form|lineup_continuity|recency
player_form_lightgbm,Pooled player-form LightGBM,team_strength + opponent_adjusted_form + lineup_continuity + recency,2024-25,5311,1327,5,56,60,0.9861593814015068,0.5858975923042303,0.529089109785995,team_strength|opponent_adjusted_form|lineup_continuity|recency
player_form_lightgbm,Pooled player-form LightGBM,team_strength + opponent_adjusted_form + position_and_distribution + recency,2022-23,2743,1335,5,69,73,0.929727668196912,0.5476019509035965,0.5729301123256902,team_strength|opponent_adjusted_form|position_and_distribution|recency
player_form_lightgbm,Pooled player-form LightGBM,team_strength + opponent_adjusted_form + position_and_distribution + recency,2023-24,4078,1233,5,69,73,0.9271636265430555,0.5458762601116219,0.5731927848428505,team_strength|opponent_adjusted_form|position_and_distribution|recency
player_form_lightgbm,Pooled player-form LightGBM,team_strength + opponent_adjusted_form + position_and_distribution + recency,2024-25,5311,1327,5,69,73,0.9835674609608587,0.584264119482756,0.5301597667694656,team_strength|opponent_adjusted_form|position_and_distribution|recency
player_form_lightgbm,Pooled player-form LightGBM,team_strength + lineup_continuity + position_and_distribution + recency,2022-23,2743,1335,5,52,56,0.9265583511667346,0.5454014110395329,0.575073076762116,team_strength|lineup_continuity|position_and_distribution|recency
player_form_lightgbm,Pooled player-form LightGBM,team_strength + lineup_continuity + position_and_distribution + recency,2023-24,4078,1233,5,52,56,0.9271557810202186,0.5454095068127696,0.5771558196374096,team_strength|lineup_continuity|position_and_distribution|recency
player_form_lightgbm,Pooled player-form LightGBM,team_strength + lineup_continuity + position_and_distribution + recency,2024-25,5311,1327,5,52,56,0.9814867630274835,0.5832368436825747,0.529096454088117,team_strength|lineup_continuity|position_and_distribution|recency
player_form_lightgbm,Pooled player-form LightGBM,opponent_adjusted_form + lineup_continuity + position_and_distribution + recency,2022-23,2743,1335,5,68,72,0.9685259244065023,0.574788558676188,0.5470924966244562,opponent_adjusted_form|lineup_continuity|position_and_distribution|recency
player_form_lightgbm,Pooled player-form LightGBM,opponent_adjusted_form + lineup_continuity + position_and_distribution + recency,2023-24,4078,1233,5,68,72,0.9689111920069579,0.5742481072873957,0.547340797348348,opponent_adjusted_form|lineup_continuity|position_and_distribution|recency
player_form_lightgbm,Pooled player-form LightGBM,opponent_adjusted_form + lineup_continuity + position_and_distribution + recency,2024-25,5311,1327,5,68,72,0.9971715534490591,0.5940335833091084,0.523472811121177,opponent_adjusted_form|lineup_continuity|position_and_distribution|recency
player_form_lightgbm,Pooled player-form LightGBM,legacy_player_form + team_strength + opponent_adjusted_form + lineup_continuity + position_and_distribution,2022-23,2743,1335,5,66,70,0.9298673841741628,0.5476743124978807,0.5769177112309436,legacy_player_form|team_strength|opponent_adjusted_form|lineup_continuity|position_and_distribution
player_form_lightgbm,Pooled player-form LightGBM,legacy_player_form + team_strength + opponent_adjusted_form + lineup_continuity + position_and_distribution,2023-24,4078,1233,5,66,70,0.935199846589439,0.5503328731196717,0.5620353042082094,legacy_player_form|team_strength|opponent_adjusted_form|lineup_continuity|position_and_distribution
player_form_lightgbm,Pooled player-form LightGBM,legacy_player_form + team_strength + opponent_adjusted_form + lineup_continuity + position_and_distribution,2024-25,5311,1327,5,66,70,0.9808662342463805,0.5830860205436963,0.528481080649212,legacy_player_form|team_strength|opponent_adjusted_form|lineup_continuity|position_and_distribution
player_form_lightgbm,Pooled player-form LightGBM,legacy_player_form + team_strength + opponent_adjusted_form + lineup_continuity + recency,2022-23,2743,1335,5,63,67,0.9300068951640934,0.5475180441893253,0.5757032065190077,legacy_player_form|team_strength|opponent_adjusted_form|lineup_continuity|recency
player_form_lightgbm,Pooled player-form LightGBM,legacy_player_form + team_strength + opponent_adjusted_form + lineup_continuity + recency,2023-24,4078,1233,5,63,67,0.927404128853951,0.546214222939083,0.5720335790221573,legacy_player_form|team_strength|opponent_adjusted_form|lineup_continuity|recency
player_form_lightgbm,Pooled player-form LightGBM,legacy_player_form + team_strength + opponent_adjusted_form + lineup_continuity + recency,2024-25,5311,1327,5,63,67,0.9851637239906281,0.5853383749708769,0.5294897340834874,legacy_player_form|team_strength|opponent_adjusted_form|lineup_continuity|recency
player_form_lightgbm,Pooled player-form LightGBM,legacy_player_form + team_strength + opponent_adjusted_form + position_and_distribution + recency,2022-23,2743,1335,5,76,80,0.9282897655903826,0.5467878321868926,0.5777555793856706,legacy_player_form|team_strength|opponent_adjusted_form|position_and_distribution|recency
player_form_lightgbm,Pooled player-form LightGBM,legacy_player_form + team_strength + opponent_adjusted_form + position_and_distribution + recency,2023-24,4078,1233,5,76,80,0.9298197147061839,0.5471802779466407,0.5649466961530193,legacy_player_form|team_strength|opponent_adjusted_form|position_and_distribution|recency
player_form_lightgbm,Pooled player-form LightGBM,legacy_player_form + team_strength + opponent_adjusted_form + position_and_distribution + recency,2024-25,5311,1327,5,76,80,0.9833274348823556,0.5842299067911589,0.52673465009252,legacy_player_form|team_strength|opponent_adjusted_form|position_and_distribution|recency
player_form_lightgbm,Pooled player-form LightGBM,legacy_player_form + team_strength + lineup_continuity + position_and_distribution + recency,2022-23,2743,1335,5,59,63,0.9269442885794472,0.545810324510718,0.5773504534167491,legacy_player_form|team_strength|lineup_continuity|position_and_distribution|recency
player_form_lightgbm,Pooled player-form LightGBM,legacy_player_form + team_strength + lineup_continuity + position_and_distribution + recency,2023-24,4078,1233,5,59,63,0.9301582975610714,0.5470208226238992,0.5686365283940618,legacy_player_form|team_strength|lineup_continuity|position_and_distribution|recency
player_form_lightgbm,Pooled player-form LightGBM,legacy_player_form + team_strength + lineup_continuity + position_and_distribution + recency,2024-25,5311,1327,5,59,63,0.980627546995238,0.582884713347273,0.5278630848330512,legacy_player_form|team_strength|lineup_continuity|position_and_distribution|recency
player_form_lightgbm,Pooled player-form LightGBM,legacy_player_form + opponent_adjusted_form + lineup_continuity + position_and_distribution + recency,2022-23,2743,1335,5,75,79,0.96555418504212,0.5725586581520058,0.5436461890685629,legacy_player_form|opponent_adjusted_form|lineup_continuity|position_and_distribution|recency
player_form_lightgbm,Pooled player-form LightGBM,legacy_player_form + opponent_adjusted_form + lineup_continuity + position_and_distribution + recency,2023-24,4078,1233,5,75,79,0.9641121572048169,0.5707631466671145,0.5512206033669403,legacy_player_form|opponent_adjusted_form|lineup_continuity|position_and_distribution|recency
player_form_lightgbm,Pooled player-form LightGBM,legacy_player_form + opponent_adjusted_form + lineup_continuity + position_and_distribution + recency,2024-25,5311,1327,5,75,79,0.9954666944942863,0.592583449002617,0.5204091628881095,legacy_player_form|opponent_adjusted_form|lineup_continuity|position_and_distribution|recency
player_form_lightgbm,Pooled player-form LightGBM,team_strength + opponent_adjusted_form + lineup_continuity + position_and_distribution + recency,2022-23,2743,1335,5,76,80,0.92907515289233,0.5470560495584252,0.5733290799240203,team_strength|opponent_adjusted_form|lineup_continuity|position_and_distribution|recency
player_form_lightgbm,Pooled player-form LightGBM,team_strength + opponent_adjusted_form + lineup_continuity + position_and_distribution + recency,2023-24,4078,1233,5,76,80,0.9272205463113672,0.5457672983773957,0.5703169241963711,team_strength|opponent_adjusted_form|lineup_continuity|position_and_distribution|recency
player_form_lightgbm,Pooled player-form LightGBM,team_strength + opponent_adjusted_form + lineup_continuity + position_and_distribution + recency,2024-25,5311,1327,5,76,80,0.9841006224342758,0.5846433678180991,0.5267380250481383,team_strength|opponent_adjusted_form|lineup_continuity|position_and_distribution|recency
player_form_lightgbm,Pooled player-form LightGBM,legacy_player_form + team_strength + opponent_adjusted_form + lineup_continuity + position_and_distribution + recency,2022-23,2743,1335,5,83,87,0.9276626640339473,0.5462954572334107,0.5781668055744721,legacy_player_form|team_strength|opponent_adjusted_form|lineup_continuity|position_and_distribution|recency
player_form_lightgbm,Pooled player-form LightGBM,legacy_player_form + team_strength + opponent_adjusted_form + lineup_continuity + position_and_distribution + recency,2023-24,4078,1233,5,83,87,0.9298548206211921,0.547194006781553,0.570312868978161,legacy_player_form|team_strength|opponent_adjusted_form|lineup_continuity|position_and_distribution|recency
player_form_lightgbm,Pooled player-form LightGBM,legacy_player_form + team_strength + opponent_adjusted_form + lineup_continuity + position_and_distribution + recency,2024-25,5311,1327,5,83,87,0.9831642231571662,0.5842989750602389,0.5276193913052374,legacy_player_form|team_strength|opponent_adjusted_form|lineup_continuity|position_and_distribution|recency
expanded_player_form_lightgbm,Pooled expanded player-form LightGBM,legacy_player_form,2022-23,2743,1335,5,7,18,0.9842572553171676,0.5848563868089721,0.5301740249970528,legacy_player_form
expanded_player_form_lightgbm,Pooled expanded player-form LightGBM,legacy_player_form,2023-24,4078,1233,5,7,18,0.9814173231592391,0.5827484179837495,0.5327952107563381,legacy_player_form
expanded_player_form_lightgbm,Pooled expanded player-form LightGBM,legacy_player_form,2024-25,5311,1327,5,7,18,1.0083168335787822,0.6011779590784136,0.4997277763041346,legacy_player_form
expanded_player_form_lightgbm,Pooled expanded player-form LightGBM,team_strength,2022-23,2743,1335,5,8,20,0.9312928099068293,0.5484881879429543,0.5633996111328768,team_strength
expanded_player_form_lightgbm,Pooled expanded player-form LightGBM,team_strength,2023-24,4078,1233,5,8,20,0.9349861564390253,0.5511055080753284,0.5664519444627032,team_strength
expanded_player_form_lightgbm,Pooled expanded player-form LightGBM,team_strength,2024-25,5311,1327,5,8,20,0.9714049478215523,0.5765097757965073,0.5359082903672838,team_strength
expanded_player_form_lightgbm,Pooled expanded player-form LightGBM,opponent_adjusted_form,2022-23,2743,1335,5,24,52,1.0392518288713037,0.6258314707423762,0.47763712615164106,opponent_adjusted_form
expanded_player_form_lightgbm,Pooled expanded player-form LightGBM,opponent_adjusted_form,2023-24,4078,1233,5,24,52,1.0219543377283575,0.6126350209917508,0.4938264066806407,opponent_adjusted_form
expanded_player_form_lightgbm,Pooled expanded player-form LightGBM,opponent_adjusted_form,2024-25,5311,1327,5,24,52,1.046737867034277,0.6291240513726869,0.47059175923447755,opponent_adjusted_form
expanded_player_form_lightgbm,Pooled expanded player-form LightGBM,lineup_continuity,2022-23,2743,1335,5,7,18,1.0403410496497445,0.625982883882852,0.48351439713545386,lineup_continuity
expanded_player_form_lightgbm,Pooled expanded player-form LightGBM,lineup_continuity,2023-24,4078,1233,5,7,18,1.047032701171489,0.630276007609934,0.4700436140843432,lineup_continuity
expanded_player_form_lightgbm,Pooled expanded player-form LightGBM,lineup_continuity,2024-25,5311,1327,5,7,18,1.0577853638036443,0.6379391603208588,0.4782290217446521,lineup_continuity
expanded_player_form_lightgbm,Pooled expanded player-form LightGBM,position_and_distribution,2022-23,2743,1335,5,20,44,0.9965193991353274,0.5934097001562646,0.5304242580202676,position_and_distribution
expanded_player_form_lightgbm,Pooled expanded player-form LightGBM,position_and_distribution,2023-24,4078,1233,5,20,44,0.9874642993503958,0.5861932999778917,0.5317172457155195,position_and_distribution
expanded_player_form_lightgbm,Pooled expanded player-form LightGBM,position_and_distribution,2024-25,5311,1327,5,20,44,1.006487815592102,0.6003495390406598,0.5125270030292323,position_and_distribution
expanded_player_form_lightgbm,Pooled expanded player-form LightGBM,recency,2022-23,2743,1335,5,17,38,0.9909519234869961,0.5902656139462786,0.5415894691442513,recency
expanded_player_form_lightgbm,Pooled expanded player-form LightGBM,recency,2023-24,4078,1233,5,17,38,0.9866037053324404,0.5870401392548958,0.5271217778932904,recency
expanded_player_form_lightgbm,Pooled expanded player-form LightGBM,recency,2024-25,5311,1327,5,17,38,1.0171875724376287,0.6075442581619892,0.4980099041873383,recency
expanded_player_form_lightgbm,Pooled expanded player-form LightGBM,legacy_player_form + team_strength,2022-23,2743,1335,5,15,34,0.9334795423920464,0.548383732020939,0.5667578047130007,legacy_player_form|team_strength
expanded_player_form_lightgbm,Pooled expanded player-form LightGBM,legacy_player_form + team_strength,2023-24,4078,1233,5,15,34,0.9265068770066464,0.5453272397485973,0.5702949166756281,legacy_player_form|team_strength
expanded_player_form_lightgbm,Pooled expanded player-form LightGBM,legacy_player_form + team_strength,2024-25,5311,1327,5,15,34,0.9729709190602323,0.5780854351539686,0.5391601499016611,legacy_player_form|team_strength
expanded_player_form_lightgbm,Pooled expanded player-form LightGBM,legacy_player_form + opponent_adjusted_form,2022-23,2743,1335,5,31,66,0.9845534534693554,0.5856290035027827,0.528567953240662,legacy_player_form|opponent_adjusted_form
expanded_player_form_lightgbm,Pooled expanded player-form LightGBM,legacy_player_form + opponent_adjusted_form,2023-24,4078,1233,5,31,66,0.9695319292481995,0.5748764277415136,0.5333248892031907,legacy_player_form|opponent_adjusted_form
expanded_player_form_lightgbm,Pooled expanded player-form LightGBM,legacy_player_form + opponent_adjusted_form,2024-25,5311,1327,5,31,66,0.9946938387679986,0.5922937310161145,0.5141949056912045,legacy_player_form|opponent_adjusted_form
expanded_player_form_lightgbm,Pooled expanded player-form LightGBM,legacy_player_form + lineup_continuity,2022-23,2743,1335,5,14,32,0.9798277216145863,0.5819818184412924,0.5398924111405741,legacy_player_form|lineup_continuity
expanded_player_form_lightgbm,Pooled expanded player-form LightGBM,legacy_player_form + lineup_continuity,2023-24,4078,1233,5,14,32,0.9771608258622807,0.5797150415029214,0.5236541806870497,legacy_player_form|lineup_continuity
expanded_player_form_lightgbm,Pooled expanded player-form LightGBM,legacy_player_form + lineup_continuity,2024-25,5311,1327,5,14,32,1.0055644521580303,0.5998437211312275,0.5014485496436348,legacy_player_form|lineup_continuity
expanded_player_form_lightgbm,Pooled expanded player-form LightGBM,legacy_player_form + position_and_distribution,2022-23,2743,1335,5,27,58,0.9760490897274948,0.5783782178309872,0.5444492216772403,legacy_player_form|position_and_distribution
expanded_player_form_lightgbm,Pooled expanded player-form LightGBM,legacy_player_form + position_and_distribution,2023-24,4078,1233,5,27,58,0.9708163647602739,0.5748204182647951,0.5444446878939526,legacy_player_form|position_and_distribution
expanded_player_form_lightgbm,Pooled expanded player-form LightGBM,legacy_player_form + position_and_distribution,2024-25,5311,1327,5,27,58,0.99516192805413,0.5927127271265993,0.5134877235418035,legacy_player_form|position_and_distribution
expanded_player_form_lightgbm,Pooled expanded player-form LightGBM,legacy_player_form + recency,2022-23,2743,1335,5,24,52,0.9849922166217816,0.5857705904885661,0.5216931343486026,legacy_player_form|recency
expanded_player_form_lightgbm,Pooled expanded player-form LightGBM,legacy_player_form + recency,2023-24,4078,1233,5,24,52,0.981228203679591,0.5827950001602059,0.5243489312797444,legacy_player_form|recency
expanded_player_form_lightgbm,Pooled expanded player-form LightGBM,legacy_player_form + recency,2024-25,5311,1327,5,24,52,1.010185901292153,0.6022109582248568,0.5031970008001194,legacy_player_form|recency
expanded_player_form_lightgbm,Pooled expanded player-form LightGBM,team_strength + opponent_adjusted_form,2022-23,2743,1335,5,32,68,0.9306020282657294,0.548060484515198,0.5726969510904404,team_strength|opponent_adjusted_form
expanded_player_form_lightgbm,Pooled expanded player-form LightGBM,team_strength + opponent_adjusted_form,2023-24,4078,1233,5,32,68,0.9279050692421118,0.5465662787339364,0.5646331793578155,team_strength|opponent_adjusted_form
expanded_player_form_lightgbm,Pooled expanded player-form LightGBM,team_strength + opponent_adjusted_form,2024-25,5311,1327,5,32,68,0.9749131183438065,0.5785293858735362,0.5370325975738341,team_strength|opponent_adjusted_form
expanded_player_form_lightgbm,Pooled expanded player-form LightGBM,team_strength + lineup_continuity,2022-23,2743,1335,5,15,34,0.9339245690490726,0.5494046827193588,0.5612877949268665,team_strength|lineup_continuity
expanded_player_form_lightgbm,Pooled expanded player-form LightGBM,team_strength + lineup_continuity,2023-24,4078,1233,5,15,34,0.937829373868659,0.5526878710205813,0.5676805630374305,team_strength|lineup_continuity
expanded_player_form_lightgbm,Pooled expanded player-form LightGBM,team_strength + lineup_continuity,2024-25,5311,1327,5,15,34,0.9741380379637554,0.5782149402497667,0.5325663167050201,team_strength|lineup_continuity
expanded_player_form_lightgbm,Pooled expanded player-form LightGBM,team_strength + position_and_distribution,2022-23,2743,1335,5,28,60,0.9341484974930683,0.5496710654646176,0.5757392452476623,team_strength|position_and_distribution
expanded_player_form_lightgbm,Pooled expanded player-form LightGBM,team_strength + position_and_distribution,2023-24,4078,1233,5,28,60,0.9356101892116401,0.5506523811089614,0.5777428099811109,team_strength|position_and_distribution
expanded_player_form_lightgbm,Pooled expanded player-form LightGBM,team_strength + position_and_distribution,2024-25,5311,1327,5,28,60,0.96981009003848,0.5752174824643351,0.5325373723186189,team_strength|position_and_distribution
expanded_player_form_lightgbm,Pooled expanded player-form LightGBM,team_strength + recency,2022-23,2743,1335,5,25,54,0.9301795636635383,0.5481003104405322,0.5681286904683838,team_strength|recency
expanded_player_form_lightgbm,Pooled expanded player-form LightGBM,team_strength + recency,2023-24,4078,1233,5,25,54,0.9287622936235801,0.5466713808810053,0.5688878438399005,team_strength|recency
expanded_player_form_lightgbm,Pooled expanded player-form LightGBM,team_strength + recency,2024-25,5311,1327,5,25,54,0.9770874884345119,0.5800469530570185,0.536119261577766,team_strength|recency
expanded_player_form_lightgbm,Pooled expanded player-form LightGBM,opponent_adjusted_form + lineup_continuity,2022-23,2743,1335,5,31,66,1.0286332218652992,0.6180258854448248,0.49326708145639653,opponent_adjusted_form|lineup_continuity
expanded_player_form_lightgbm,Pooled expanded player-form LightGBM,opponent_adjusted_form + lineup_continuity,2023-24,4078,1233,5,31,66,1.0103582890467204,0.6040190029912267,0.5144649323995282,opponent_adjusted_form|lineup_continuity
expanded_player_form_lightgbm,Pooled expanded player-form LightGBM,opponent_adjusted_form + lineup_continuity,2024-25,5311,1327,5,31,66,1.044174280946373,0.6270713599814378,0.48058596265671205,opponent_adjusted_form|lineup_continuity
expanded_player_form_lightgbm,Pooled expanded player-form LightGBM,opponent_adjusted_form + position_and_distribution,2022-23,2743,1335,5,44,92,0.993766751406754,0.5920783688493791,0.5210325941046668,opponent_adjusted_form|position_and_distribution
expanded_player_form_lightgbm,Pooled expanded player-form LightGBM,opponent_adjusted_form + position_and_distribution,2023-24,4078,1233,5,44,92,0.980505978096225,0.5817178797215391,0.5376813790654913,opponent_adjusted_form|position_and_distribution
expanded_player_form_lightgbm,Pooled expanded player-form LightGBM,opponent_adjusted_form + position_and_distribution,2024-25,5311,1327,5,44,92,1.0066524997145423,0.6007701613758563,0.5160668754702014,opponent_adjusted_form|position_and_distribution
expanded_player_form_lightgbm,Pooled expanded player-form LightGBM,opponent_adjusted_form + recency,2022-23,2743,1335,5,41,86,0.9879694712503199,0.5888527188051424,0.540928760286604,opponent_adjusted_form|recency
expanded_player_form_lightgbm,Pooled expanded player-form LightGBM,opponent_adjusted_form + recency,2023-24,4078,1233,5,41,86,0.9741558928871829,0.5783953934672578,0.5366979928469497,opponent_adjusted_form|recency
expanded_player_form_lightgbm,Pooled expanded player-form LightGBM,opponent_adjusted_form + recency,2024-25,5311,1327,5,41,86,1.0083126285115247,0.6016105627773889,0.5019744683755969,opponent_adjusted_form|recency
expanded_player_form_lightgbm,Pooled expanded player-form LightGBM,lineup_continuity + position_and_distribution,2022-23,2743,1335,5,27,58,0.9945918181035347,0.5923088001029012,0.5262615635843707,lineup_continuity|position_and_distribution
expanded_player_form_lightgbm,Pooled expanded player-form LightGBM,lineup_continuity + position_and_distribution,2023-24,4078,1233,5,27,58,0.9869242920316088,0.586180039976734,0.5406438007030822,lineup_continuity|position_and_distribution
expanded_player_form_lightgbm,Pooled expanded player-form LightGBM,lineup_continuity + position_and_distribution,2024-25,5311,1327,5,27,58,1.0069780329512936,0.6007448869097327,0.5112228639851606,lineup_continuity|position_and_distribution
expanded_player_form_lightgbm,Pooled expanded player-form LightGBM,lineup_continuity + recency,2022-23,2743,1335,5,24,52,0.9867597517042068,0.5874428752793079,0.5450074425905344,lineup_continuity|recency
expanded_player_form_lightgbm,Pooled expanded player-form LightGBM,lineup_continuity + recency,2023-24,4078,1233,5,24,52,0.9863541142043489,0.5862405196295274,0.5300161721829387,lineup_continuity|recency
expanded_player_form_lightgbm,Pooled expanded player-form LightGBM,lineup_continuity + recency,2024-25,5311,1327,5,24,52,1.016990748659676,0.6076076876382005,0.4952704871483176,lineup_continuity|recency
expanded_player_form_lightgbm,Pooled expanded player-form LightGBM,position_and_distribution + recency,2022-23,2743,1335,5,37,78,0.9847337290178968,0.584951144772872,0.5427274005781629,position_and_distribution|recency
expanded_player_form_lightgbm,Pooled expanded player-form LightGBM,position_and_distribution + recency,2023-24,4078,1233,5,37,78,0.9768273989563433,0.579304263149311,0.5279891567484077,position_and_distribution|recency
expanded_player_form_lightgbm,Pooled expanded player-form LightGBM,position_and_distribution + recency,2024-25,5311,1327,5,37,78,1.0051495137753788,0.5992724757620181,0.5179223680754087,position_and_distribution|recency
expanded_player_form_lightgbm,Pooled expanded player-form LightGBM,legacy_player_form + team_strength + opponent_adjusted_form,2022-23,2743,1335,5,39,82,0.934056441914137,0.5492422770137662,0.5749893033049596,legacy_player_form|team_strength|opponent_adjusted_form
expanded_player_form_lightgbm,Pooled expanded player-form LightGBM,legacy_player_form + team_strength + opponent_adjusted_form,2023-24,4078,1233,5,39,82,0.9254666510197435,0.5452137719330209,0.5649444946139315,legacy_player_form|team_strength|opponent_adjusted_form
expanded_player_form_lightgbm,Pooled expanded player-form LightGBM,legacy_player_form + team_strength + opponent_adjusted_form,2024-25,5311,1327,5,39,82,0.9743951098058256,0.5788394072819918,0.5356099782070702,legacy_player_form|team_strength|opponent_adjusted_form
expanded_player_form_lightgbm,Pooled expanded player-form LightGBM,legacy_player_form + team_strength + lineup_continuity,2022-23,2743,1335,5,22,48,0.9339542579198042,0.5484544554039218,0.5655469807776632,legacy_player_form|team_strength|lineup_continuity
expanded_player_form_lightgbm,Pooled expanded player-form LightGBM,legacy_player_form + team_strength + lineup_continuity,2023-24,4078,1233,5,22,48,0.927660831009829,0.5457073722059056,0.569040983811783,legacy_player_form|team_strength|lineup_continuity
expanded_player_form_lightgbm,Pooled expanded player-form LightGBM,legacy_player_form + team_strength + lineup_continuity,2024-25,5311,1327,5,22,48,0.9743122093064912,0.578842016094329,0.533283599305892,legacy_player_form|team_strength|lineup_continuity
expanded_player_form_lightgbm,Pooled expanded player-form LightGBM,legacy_player_form + team_strength + position_and_distribution,2022-23,2743,1335,5,35,74,0.9325906396791922,0.5482754440917076,0.5678146670481727,legacy_player_form|team_strength|position_and_distribution
expanded_player_form_lightgbm,Pooled expanded player-form LightGBM,legacy_player_form + team_strength + position_and_distribution,2023-24,4078,1233,5,35,74,0.9300948002934628,0.547022582808471,0.5737984806610007,legacy_player_form|team_strength|position_and_distribution
expanded_player_form_lightgbm,Pooled expanded player-form LightGBM,legacy_player_form + team_strength + position_and_distribution,2024-25,5311,1327,5,35,74,0.9696105064677288,0.5756207716794269,0.5336520624488418,legacy_player_form|team_strength|position_and_distribution
expanded_player_form_lightgbm,Pooled expanded player-form LightGBM,legacy_player_form + team_strength + recency,2022-23,2743,1335,5,32,68,0.9335109227166958,0.5494604909945954,0.564694887417419,legacy_player_form|team_strength|recency
expanded_player_form_lightgbm,Pooled expanded player-form LightGBM,legacy_player_form + team_strength + recency,2023-24,4078,1233,5,32,68,0.9264243208667551,0.5450989397953228,0.5653615191618688,legacy_player_form|team_strength|recency
expanded_player_form_lightgbm,Pooled expanded player-form LightGBM,legacy_player_form + team_strength + recency,2024-25,5311,1327,5,32,68,0.9766023764082508,0.5801203521985803,0.5329122689978513,legacy_player_form|team_strength|recency
expanded_player_form_lightgbm,Pooled expanded player-form LightGBM,legacy_player_form + opponent_adjusted_form + lineup_continuity,2022-23,2743,1335,5,38,80,0.9814785495199377,0.5834740815061267,0.5305268106543688,legacy_player_form|opponent_adjusted_form|lineup_continuity
expanded_player_form_lightgbm,Pooled expanded player-form LightGBM,legacy_player_form + opponent_adjusted_form + lineup_continuity,2023-24,4078,1233,5,38,80,0.9675783609161901,0.5738127719141147,0.541186182597121,legacy_player_form|opponent_adjusted_form|lineup_continuity
expanded_player_form_lightgbm,Pooled expanded player-form LightGBM,legacy_player_form + opponent_adjusted_form + lineup_continuity,2024-25,5311,1327,5,38,80,0.9957955227691457,0.5934394691247391,0.5067322708787141,legacy_player_form|opponent_adjusted_form|lineup_continuity
expanded_player_form_lightgbm,Pooled expanded player-form LightGBM,legacy_player_form + opponent_adjusted_form + position_and_distribution,2022-23,2743,1335,5,51,106,0.9770105462934733,0.5795797338838548,0.5326161860568698,legacy_player_form|opponent_adjusted_form|position_and_distribution
expanded_player_form_lightgbm,Pooled expanded player-form LightGBM,legacy_player_form + opponent_adjusted_form + position_and_distribution,2023-24,4078,1233,5,51,106,0.9661651319306348,0.571753447721591,0.5411790916055168,legacy_player_form|opponent_adjusted_form|position_and_distribution
expanded_player_form_lightgbm,Pooled expanded player-form LightGBM,legacy_player_form + opponent_adjusted_form + position_and_distribution,2024-25,5311,1327,5,51,106,0.9928176162265767,0.5910257744708864,0.5123922667347187,legacy_player_form|opponent_adjusted_form|position_and_distribution
expanded_player_form_lightgbm,Pooled expanded player-form LightGBM,legacy_player_form + opponent_adjusted_form + recency,2022-23,2743,1335,5,48,100,0.9797871097184924,0.5825745475214535,0.5214573467562926,legacy_player_form|opponent_adjusted_form|recency
expanded_player_form_lightgbm,Pooled expanded player-form LightGBM,legacy_player_form + opponent_adjusted_form + recency,2023-24,4078,1233,5,48,100,0.9678103206144808,0.5734351584343036,0.5335676907370231,legacy_player_form|opponent_adjusted_form|recency
expanded_player_form_lightgbm,Pooled expanded player-form LightGBM,legacy_player_form + opponent_adjusted_form + recency,2024-25,5311,1327,5,48,100,0.9999199114142139,0.5955000383554269,0.5115451058178222,legacy_player_form|opponent_adjusted_form|recency
expanded_player_form_lightgbm,Pooled expanded player-form LightGBM,legacy_player_form + lineup_continuity + position_and_distribution,2022-23,2743,1335,5,34,72,0.9767019881415131,0.5789734233226937,0.5522179688129091,legacy_player_form|lineup_continuity|position_and_distribution
expanded_player_form_lightgbm,Pooled expanded player-form LightGBM,legacy_player_form + lineup_continuity + position_and_distribution,2023-24,4078,1233,5,34,72,0.9705010392169282,0.5748859594455142,0.5438744724805935,legacy_player_form|lineup_continuity|position_and_distribution
expanded_player_form_lightgbm,Pooled expanded player-form LightGBM,legacy_player_form + lineup_continuity + position_and_distribution,2024-25,5311,1327,5,34,72,0.994683914902779,0.5926224794786353,0.509261358269873,legacy_player_form|lineup_continuity|position_and_distribution
expanded_player_form_lightgbm,Pooled expanded player-form LightGBM,legacy_player_form + lineup_continuity + recency,2022-23,2743,1335,5,31,66,0.9790665738248576,0.5819147101055443,0.53833116284049,legacy_player_form|lineup_continuity|recency
expanded_player_form_lightgbm,Pooled expanded player-form LightGBM,legacy_player_form + lineup_continuity + recency,2023-24,4078,1233,5,31,66,0.97920306823574,0.5811308766912815,0.5374837001634721,legacy_player_form|lineup_continuity|recency
expanded_player_form_lightgbm,Pooled expanded player-form LightGBM,legacy_player_form + lineup_continuity + recency,2024-25,5311,1327,5,31,66,1.0093695516745846,0.6022672468763463,0.5051491009988183,legacy_player_form|lineup_continuity|recency
expanded_player_form_lightgbm,Pooled expanded player-form LightGBM,legacy_player_form + position_and_distribution + recency,2022-23,2743,1335,5,44,92,0.9753831371674702,0.5781618023723324,0.5417676828608693,legacy_player_form|position_and_distribution|recency
expanded_player_form_lightgbm,Pooled expanded player-form LightGBM,legacy_player_form + position_and_distribution + recency,2023-24,4078,1233,5,44,92,0.9706381936472743,0.5749729446837419,0.5426788061609683,legacy_player_form|position_and_distribution|recency
expanded_player_form_lightgbm,Pooled expanded player-form LightGBM,legacy_player_form + position_and_distribution + recency,2024-25,5311,1327,5,44,92,1.0005083558590853,0.5957762063151426,0.5131386925241428,legacy_player_form|position_and_distribution|recency
expanded_player_form_lightgbm,Pooled expanded player-form LightGBM,team_strength + opponent_adjusted_form + lineup_continuity,2022-23,2743,1335,5,39,82,0.9306749146081488,0.5476853107471614,0.5742780138369736,team_strength|opponent_adjusted_form|lineup_continuity
expanded_player_form_lightgbm,Pooled expanded player-form LightGBM,team_strength + opponent_adjusted_form + lineup_continuity,2023-24,4078,1233,5,39,82,0.9271705886569904,0.5461778641195784,0.5655492357847104,team_strength|opponent_adjusted_form|lineup_continuity
expanded_player_form_lightgbm,Pooled expanded player-form LightGBM,team_strength + opponent_adjusted_form + lineup_continuity,2024-25,5311,1327,5,39,82,0.975359303173368,0.578725929353007,0.5330883526908367,team_strength|opponent_adjusted_form|lineup_continuity
expanded_player_form_lightgbm,Pooled expanded player-form LightGBM,team_strength + opponent_adjusted_form + position_and_distribution,2022-23,2743,1335,5,52,108,0.9299494424963006,0.5470823134678817,0.5732043580899365,team_strength|opponent_adjusted_form|position_and_distribution
expanded_player_form_lightgbm,Pooled expanded player-form LightGBM,team_strength + opponent_adjusted_form + position_and_distribution,2023-24,4078,1233,5,52,108,0.9279775947214578,0.5465524963983859,0.5676725730140753,team_strength|opponent_adjusted_form|position_and_distribution
expanded_player_form_lightgbm,Pooled expanded player-form LightGBM,team_strength + opponent_adjusted_form + position_and_distribution,2024-25,5311,1327,5,52,108,0.9723720219728946,0.5772391552417373,0.536385697985946,team_strength|opponent_adjusted_form|position_and_distribution
expanded_player_form_lightgbm,Pooled expanded player-form LightGBM,team_strength + opponent_adjusted_form + recency,2022-23,2743,1335,5,49,102,0.931474748641906,0.5480895571874786,0.5752760925748126,team_strength|opponent_adjusted_form|recency
expanded_player_form_lightgbm,Pooled expanded player-form LightGBM,team_strength + opponent_adjusted_form + recency,2023-24,4078,1233,5,49,102,0.9238927725997638,0.5443590772168249,0.562058240929554,team_strength|opponent_adjusted_form|recency
expanded_player_form_lightgbm,Pooled expanded player-form LightGBM,team_strength + opponent_adjusted_form + recency,2024-25,5311,1327,5,49,102,0.9765737493682909,0.5797746114876374,0.5362023403919067,team_strength|opponent_adjusted_form|recency
expanded_player_form_lightgbm,Pooled expanded player-form LightGBM,team_strength + lineup_continuity + position_and_distribution,2022-23,2743,1335,5,35,74,0.9364210551728538,0.5508847887634579,0.5739978166159144,team_strength|lineup_continuity|position_and_distribution
expanded_player_form_lightgbm,Pooled expanded player-form LightGBM,team_strength + lineup_continuity + position_and_distribution,2023-24,4078,1233,5,35,74,0.9350462258781915,0.5504794026592359,0.576840101303118,team_strength|lineup_continuity|position_and_distribution
expanded_player_form_lightgbm,Pooled expanded player-form LightGBM,team_strength + lineup_continuity + position_and_distribution,2024-25,5311,1327,5,35,74,0.9708776104248809,0.5759145122431477,0.5345947330490355,team_strength|lineup_continuity|position_and_distribution
expanded_player_form_lightgbm,Pooled expanded player-form LightGBM,team_strength + lineup_continuity + recency,2022-23,2743,1335,5,32,68,0.9300328921488923,0.5478374996771042,0.560340374800723,team_strength|lineup_continuity|recency
expanded_player_form_lightgbm,Pooled expanded player-form LightGBM,team_strength + lineup_continuity + recency,2023-24,4078,1233,5,32,68,0.9298210105482985,0.5473862112829598,0.5688950552445698,team_strength|lineup_continuity|recency
expanded_player_form_lightgbm,Pooled expanded player-form LightGBM,team_strength + lineup_continuity + recency,2024-25,5311,1327,5,32,68,0.9806485678847746,0.5821897786492394,0.5323960315427577,team_strength|lineup_continuity|recency
expanded_player_form_lightgbm,Pooled expanded player-form LightGBM,team_strength + position_and_distribution + recency,2022-23,2743,1335,5,45,94,0.9289912414702727,0.5469602279365504,0.5685125853554368,team_strength|position_and_distribution|recency
expanded_player_form_lightgbm,Pooled expanded player-form LightGBM,team_strength + position_and_distribution + recency,2023-24,4078,1233,5,45,94,0.9289916964826551,0.5468956578529246,0.5734441002886892,team_strength|position_and_distribution|recency
expanded_player_form_lightgbm,Pooled expanded player-form LightGBM,team_strength + position_and_distribution + recency,2024-25,5311,1327,5,45,94,0.9743416105021161,0.5780955184332922,0.5395162804336086,team_strength|position_and_distribution|recency
expanded_player_form_lightgbm,Pooled expanded player-form LightGBM,opponent_adjusted_form + lineup_continuity + position_and_distribution,2022-23,2743,1335,5,51,106,0.9933493747747171,0.5917204910536092,0.5190907760172825,opponent_adjusted_form|lineup_continuity|position_and_distribution
expanded_player_form_lightgbm,Pooled expanded player-form LightGBM,opponent_adjusted_form + lineup_continuity + position_and_distribution,2023-24,4078,1233,5,51,106,0.9798193524182406,0.5812166351210583,0.5351495057534255,opponent_adjusted_form|lineup_continuity|position_and_distribution
expanded_player_form_lightgbm,Pooled expanded player-form LightGBM,opponent_adjusted_form + lineup_continuity + position_and_distribution,2024-25,5311,1327,5,51,106,1.0069067799742584,0.6009878332085608,0.5143460785448337,opponent_adjusted_form|lineup_continuity|position_and_distribution
expanded_player_form_lightgbm,Pooled expanded player-form LightGBM,opponent_adjusted_form + lineup_continuity + recency,2022-23,2743,1335,5,48,100,0.9876223405900593,0.5886816960877275,0.5404765467201971,opponent_adjusted_form|lineup_continuity|recency
expanded_player_form_lightgbm,Pooled expanded player-form LightGBM,opponent_adjusted_form + lineup_continuity + recency,2023-24,4078,1233,5,48,100,0.9736361705150219,0.5779819486015183,0.5286078524554947,opponent_adjusted_form|lineup_continuity|recency
expanded_player_form_lightgbm,Pooled expanded player-form LightGBM,opponent_adjusted_form + lineup_continuity + recency,2024-25,5311,1327,5,48,100,1.0100403549387762,0.6026080436584337,0.5047782142807636,opponent_adjusted_form|lineup_continuity|recency
expanded_player_form_lightgbm,Pooled expanded player-form LightGBM,opponent_adjusted_form + position_and_distribution + recency,2022-23,2743,1335,5,61,126,0.98035771674132,0.582395239948015,0.5341670062294593,opponent_adjusted_form|position_and_distribution|recency
expanded_player_form_lightgbm,Pooled expanded player-form LightGBM,opponent_adjusted_form + position_and_distribution + recency,2023-24,4078,1233,5,61,126,0.9691434827855978,0.5739733836422137,0.5338400336094639,opponent_adjusted_form|position_and_distribution|recency
expanded_player_form_lightgbm,Pooled expanded player-form LightGBM,opponent_adjusted_form + position_and_distribution + recency,2024-25,5311,1327,5,61,126,1.0025624421642974,0.5975904818811392,0.5191114883527651,opponent_adjusted_form|position_and_distribution|recency
expanded_player_form_lightgbm,Pooled expanded player-form LightGBM,lineup_continuity + position_and_distribution + recency,2022-23,2743,1335,5,44,92,0.9813592593097102,0.5828739963260411,0.5413474841806709,lineup_continuity|position_and_distribution|recency
expanded_player_form_lightgbm,Pooled expanded player-form LightGBM,lineup_continuity + position_and_distribution + recency,2023-24,4078,1233,5,44,92,0.9762136862369524,0.5788341993792517,0.5383250115575555,lineup_continuity|position_and_distribution|recency
expanded_player_form_lightgbm,Pooled expanded player-form LightGBM,lineup_continuity + position_and_distribution + recency,2024-25,5311,1327,5,44,92,1.0059386361217293,0.5997781612063289,0.5169805846551873,lineup_continuity|position_and_distribution|recency
expanded_player_form_lightgbm,Pooled expanded player-form LightGBM,legacy_player_form + team_strength + opponent_adjusted_form + lineup_continuity,2022-23,2743,1335,5,46,96,0.9361527513369701,0.5503542837195892,0.5629801693460834,legacy_player_form|team_strength|opponent_adjusted_form|lineup_continuity
expanded_player_form_lightgbm,Pooled expanded player-form LightGBM,legacy_player_form + team_strength + opponent_adjusted_form + lineup_continuity,2023-24,4078,1233,5,46,96,0.9246021372037683,0.5447791976933816,0.5634737720616674,legacy_player_form|team_strength|opponent_adjusted_form|lineup_continuity
expanded_player_form_lightgbm,Pooled expanded player-form LightGBM,legacy_player_form + team_strength + opponent_adjusted_form + lineup_continuity,2024-25,5311,1327,5,46,96,0.9763136050510081,0.5799136008741638,0.5347841575475003,legacy_player_form|team_strength|opponent_adjusted_form|lineup_continuity
expanded_player_form_lightgbm,Pooled expanded player-form LightGBM,legacy_player_form + team_strength + opponent_adjusted_form + position_and_distribution,2022-23,2743,1335,5,59,122,0.9322166633072712,0.548216754409014,0.575806697271223,legacy_player_form|team_strength|opponent_adjusted_form|position_and_distribution
expanded_player_form_lightgbm,Pooled expanded player-form LightGBM,legacy_player_form + team_strength + opponent_adjusted_form + position_and_distribution,2023-24,4078,1233,5,59,122,0.928096897746445,0.5469459864018139,0.5659764518950908,legacy_player_form|team_strength|opponent_adjusted_form|position_and_distribution
expanded_player_form_lightgbm,Pooled expanded player-form LightGBM,legacy_player_form + team_strength + opponent_adjusted_form + position_and_distribution,2024-25,5311,1327,5,59,122,0.9713384695865563,0.576973258860202,0.5307912507503035,legacy_player_form|team_strength|opponent_adjusted_form|position_and_distribution
expanded_player_form_lightgbm,Pooled expanded player-form LightGBM,legacy_player_form + team_strength + opponent_adjusted_form + recency,2022-23,2743,1335,5,56,116,0.9340378868674264,0.5493028048095928,0.5670675392262752,legacy_player_form|team_strength|opponent_adjusted_form|recency
expanded_player_form_lightgbm,Pooled expanded player-form LightGBM,legacy_player_form + team_strength + opponent_adjusted_form + recency,2023-24,4078,1233,5,56,116,0.9233614442226763,0.5440493948934984,0.573969572935416,legacy_player_form|team_strength|opponent_adjusted_form|recency
expanded_player_form_lightgbm,Pooled expanded player-form LightGBM,legacy_player_form + team_strength + opponent_adjusted_form + recency,2024-25,5311,1327,5,56,116,0.9757829445762075,0.5794878512898366,0.5379585217970192,legacy_player_form|team_strength|opponent_adjusted_form|recency
expanded_player_form_lightgbm,Pooled expanded player-form LightGBM,legacy_player_form + team_strength + lineup_continuity + position_and_distribution,2022-23,2743,1335,5,42,88,0.9324813896708747,0.548168809567581,0.575131161616756,legacy_player_form|team_strength|lineup_continuity|position_and_distribution
expanded_player_form_lightgbm,Pooled expanded player-form LightGBM,legacy_player_form + team_strength + lineup_continuity + position_and_distribution,2023-24,4078,1233,5,42,88,0.9296505658815548,0.5468275189066707,0.573283280639107,legacy_player_form|team_strength|lineup_continuity|position_and_distribution
expanded_player_form_lightgbm,Pooled expanded player-form LightGBM,legacy_player_form + team_strength + lineup_continuity + position_and_distribution,2024-25,5311,1327,5,42,88,0.9705101487665312,0.5761953121957084,0.5287305556789426,legacy_player_form|team_strength|lineup_continuity|position_and_distribution
expanded_player_form_lightgbm,Pooled expanded player-form LightGBM,legacy_player_form + team_strength + lineup_continuity + recency,2022-23,2743,1335,5,39,82,0.933018637024885,0.5488239532907369,0.5659895039599466,legacy_player_form|team_strength|lineup_continuity|recency
expanded_player_form_lightgbm,Pooled expanded player-form LightGBM,legacy_player_form + team_strength + lineup_continuity + recency,2023-24,4078,1233,5,39,82,0.9268410957084263,0.5454320544241668,0.5672971652151619,legacy_player_form|team_strength|lineup_continuity|recency
expanded_player_form_lightgbm,Pooled expanded player-form LightGBM,legacy_player_form + team_strength + lineup_continuity + recency,2024-25,5311,1327,5,39,82,0.9774655732340947,0.580562458334766,0.5364181917147326,legacy_player_form|team_strength|lineup_continuity|recency
expanded_player_form_lightgbm,Pooled expanded player-form LightGBM,legacy_player_form + team_strength + position_and_distribution + recency,2022-23,2743,1335,5,52,108,0.931920081213026,0.5482416369917228,0.5669919687561128,legacy_player_form|team_strength|position_and_distribution|recency
expanded_player_form_lightgbm,Pooled expanded player-form LightGBM,legacy_player_form + team_strength + position_and_distribution + recency,2023-24,4078,1233,5,52,108,0.9275082156769052,0.5457986059623832,0.5691785999424452,legacy_player_form|team_strength|position_and_distribution|recency
expanded_player_form_lightgbm,Pooled expanded player-form LightGBM,legacy_player_form + team_strength + position_and_distribution + recency,2024-25,5311,1327,5,52,108,0.9730660028910363,0.5777398501977046,0.5325566056417571,legacy_player_form|team_strength|position_and_distribution|recency
expanded_player_form_lightgbm,Pooled expanded player-form LightGBM,legacy_player_form + opponent_adjusted_form + lineup_continuity + position_and_distribution,2022-23,2743,1335,5,58,120,0.9765773617943614,0.5791735357437763,0.5365147461798485,legacy_player_form|opponent_adjusted_form|lineup_continuity|position_and_distribution
expanded_player_form_lightgbm,Pooled expanded player-form LightGBM,legacy_player_form + opponent_adjusted_form + lineup_continuity + position_and_distribution,2023-24,4078,1233,5,58,120,0.9663661992571114,0.5720765181256725,0.5416338489908724,legacy_player_form|opponent_adjusted_form|lineup_continuity|position_and_distribution
expanded_player_form_lightgbm,Pooled expanded player-form LightGBM,legacy_player_form + opponent_adjusted_form + lineup_continuity + position_and_distribution,2024-25,5311,1327,5,58,120,0.9931562155998039,0.5913007361539278,0.5115909539391926,legacy_player_form|opponent_adjusted_form|lineup_continuity|position_and_distribution
expanded_player_form_lightgbm,Pooled expanded player-form LightGBM,legacy_player_form + opponent_adjusted_form + lineup_continuity + recency,2022-23,2743,1335,5,55,114,0.9767563627040625,0.5806223130211888,0.5352986886804245,legacy_player_form|opponent_adjusted_form|lineup_continuity|recency
expanded_player_form_lightgbm,Pooled expanded player-form LightGBM,legacy_player_form + opponent_adjusted_form + lineup_continuity + recency,2023-24,4078,1233,5,55,114,0.9671655525479503,0.5731515121106853,0.5432083085791355,legacy_player_form|opponent_adjusted_form|lineup_continuity|recency
expanded_player_form_lightgbm,Pooled expanded player-form LightGBM,legacy_player_form + opponent_adjusted_form + lineup_continuity + recency,2024-25,5311,1327,5,55,114,1.0008003213738865,0.5964801990674025,0.5080329409802319,legacy_player_form|opponent_adjusted_form|lineup_continuity|recency
expanded_player_form_lightgbm,Pooled expanded player-form LightGBM,legacy_player_form + opponent_adjusted_form + position_and_distribution + recency,2022-23,2743,1335,5,68,140,0.9742532988701538,0.5777997369853192,0.5294066689011487,legacy_player_form|opponent_adjusted_form|position_and_distribution|recency
expanded_player_form_lightgbm,Pooled expanded player-form LightGBM,legacy_player_form + opponent_adjusted_form + position_and_distribution + recency,2023-24,4078,1233,5,68,140,0.9673915980408294,0.5727171843614152,0.5404515049733796,legacy_player_form|opponent_adjusted_form|position_and_distribution|recency
expanded_player_form_lightgbm,Pooled expanded player-form LightGBM,legacy_player_form + opponent_adjusted_form + position_and_distribution + recency,2024-25,5311,1327,5,68,140,0.9973398305454205,0.593792265123005,0.5185410522693907,legacy_player_form|opponent_adjusted_form|position_and_distribution|recency
expanded_player_form_lightgbm,Pooled expanded player-form LightGBM,legacy_player_form + lineup_continuity + position_and_distribution + recency,2022-23,2743,1335,5,51,106,0.9729594450354005,0.576784319696179,0.5451089277270256,legacy_player_form|lineup_continuity|position_and_distribution|recency
expanded_player_form_lightgbm,Pooled expanded player-form LightGBM,legacy_player_form + lineup_continuity + position_and_distribution + recency,2023-24,4078,1233,5,51,106,0.9710962620797108,0.5755949045255576,0.5479428687070086,legacy_player_form|lineup_continuity|position_and_distribution|recency
expanded_player_form_lightgbm,Pooled expanded player-form LightGBM,legacy_player_form + lineup_continuity + position_and_distribution + recency,2024-25,5311,1327,5,51,106,1.0012638209771527,0.5967319908596938,0.5088256178663384,legacy_player_form|lineup_continuity|position_and_distribution|recency
expanded_player_form_lightgbm,Pooled expanded player-form LightGBM,team_strength + opponent_adjusted_form + lineup_continuity + position_and_distribution,2022-23,2743,1335,5,59,122,0.9305121481789959,0.5473368831215257,0.5748549882381427,team_strength|opponent_adjusted_form|lineup_continuity|position_and_distribution
expanded_player_form_lightgbm,Pooled expanded player-form LightGBM,team_strength + opponent_adjusted_form + lineup_continuity + position_and_distribution,2023-24,4078,1233,5,59,122,0.9277548525969191,0.546285466296731,0.5720182015654475,team_strength|opponent_adjusted_form|lineup_continuity|position_and_distribution
expanded_player_form_lightgbm,Pooled expanded player-form LightGBM,team_strength + opponent_adjusted_form + lineup_continuity + position_and_distribution,2024-25,5311,1327,5,59,122,0.9723591394286567,0.5772019127279344,0.5318929902927712,team_strength|opponent_adjusted_form|lineup_continuity|position_and_distribution
expanded_player_form_lightgbm,Pooled expanded player-form LightGBM,team_strength + opponent_adjusted_form + lineup_continuity + recency,2022-23,2743,1335,5,56,116,0.9306027965492725,0.5474010667837244,0.5790838733642836,team_strength|opponent_adjusted_form|lineup_continuity|recency
expanded_player_form_lightgbm,Pooled expanded player-form LightGBM,team_strength + opponent_adjusted_form + lineup_continuity + recency,2023-24,4078,1233,5,56,116,0.9255435402468187,0.5453580499023367,0.569777983387677,team_strength|opponent_adjusted_form|lineup_continuity|recency
expanded_player_form_lightgbm,Pooled expanded player-form LightGBM,team_strength + opponent_adjusted_form + lineup_continuity + recency,2024-25,5311,1327,5,56,116,0.9783272176619997,0.5807493691665251,0.5356604693054889,team_strength|opponent_adjusted_form|lineup_continuity|recency
expanded_player_form_lightgbm,Pooled expanded player-form LightGBM,team_strength + opponent_adjusted_form + position_and_distribution + recency,2022-23,2743,1335,5,69,142,0.9301596575862223,0.5471819506118595,0.56306299814609,team_strength|opponent_adjusted_form|position_and_distribution|recency
expanded_player_form_lightgbm,Pooled expanded player-form LightGBM,team_strength + opponent_adjusted_form + position_and_distribution + recency,2023-24,4078,1233,5,69,142,0.9276969071206409,0.5465531814037927,0.5647101259297148,team_strength|opponent_adjusted_form|position_and_distribution|recency
expanded_player_form_lightgbm,Pooled expanded player-form LightGBM,team_strength + opponent_adjusted_form + position_and_distribution + recency,2024-25,5311,1327,5,69,142,0.9734867126466827,0.5777523966838237,0.5391635248572794,team_strength|opponent_adjusted_form|position_and_distribution|recency
expanded_player_form_lightgbm,Pooled expanded player-form LightGBM,team_strength + lineup_continuity + position_and_distribution + recency,2022-23,2743,1335,5,52,108,0.9286368791581904,0.5466830124024696,0.5695932469788254,team_strength|lineup_continuity|position_and_distribution|recency
expanded_player_form_lightgbm,Pooled expanded player-form LightGBM,team_strength + lineup_continuity + position_and_distribution + recency,2023-24,4078,1233,5,52,108,0.9281388180686111,0.5463694259176007,0.5713081939291079,team_strength|lineup_continuity|position_and_distribution|recency
expanded_player_form_lightgbm,Pooled expanded player-form LightGBM,team_strength + lineup_continuity + position_and_distribution + recency,2024-25,5311,1327,5,52,108,0.9762527259287971,0.5792414279316913,0.5360297256414753,team_strength|lineup_continuity|position_and_distribution|recency
expanded_player_form_lightgbm,Pooled expanded player-form LightGBM,opponent_adjusted_form + lineup_continuity + position_and_distribution + recency,2022-23,2743,1335,5,68,140,0.9778622072458262,0.5806363282260688,0.5408708823457428,opponent_adjusted_form|lineup_continuity|position_and_distribution|recency
expanded_player_form_lightgbm,Pooled expanded player-form LightGBM,opponent_adjusted_form + lineup_continuity + position_and_distribution + recency,2023-24,4078,1233,5,68,140,0.9699679688653859,0.5747511326696346,0.5351762962175249,opponent_adjusted_form|lineup_continuity|position_and_distribution|recency
expanded_player_form_lightgbm,Pooled expanded player-form LightGBM,opponent_adjusted_form + lineup_continuity + position_and_distribution + recency,2024-25,5311,1327,5,68,140,1.002205537791011,0.5972760232879935,0.5168075027289023,opponent_adjusted_form|lineup_continuity|position_and_distribution|recency
expanded_player_form_lightgbm,Pooled expanded player-form LightGBM,legacy_player_form + team_strength + opponent_adjusted_form + lineup_continuity + position_and_distribution,2022-23,2743,1335,5,66,136,0.9314561193929961,0.5476003604309447,0.572007947123861,legacy_player_form|team_strength|opponent_adjusted_form|lineup_continuity|position_and_distribution
expanded_player_form_lightgbm,Pooled expanded player-form LightGBM,legacy_player_form + team_strength + opponent_adjusted_form + lineup_continuity + position_and_distribution,2023-24,4078,1233,5,66,136,0.9282718867425522,0.5467258487668166,0.5693890518111763,legacy_player_form|team_strength|opponent_adjusted_form|lineup_continuity|position_and_distribution
expanded_player_form_lightgbm,Pooled expanded player-form LightGBM,legacy_player_form + team_strength + opponent_adjusted_form + lineup_continuity + position_and_distribution,2024-25,5311,1327,5,66,136,0.9720259501449352,0.5773945497432751,0.5310250588280874,legacy_player_form|team_strength|opponent_adjusted_form|lineup_continuity|position_and_distribution
expanded_player_form_lightgbm,Pooled expanded player-form LightGBM,legacy_player_form + team_strength + opponent_adjusted_form + lineup_continuity + recency,2022-23,2743,1335,5,63,130,0.9331112212476429,0.5486384864995488,0.5673524200317946,legacy_player_form|team_strength|opponent_adjusted_form|lineup_continuity|recency
expanded_player_form_lightgbm,Pooled expanded player-form LightGBM,legacy_player_form + team_strength + opponent_adjusted_form + lineup_continuity + recency,2023-24,4078,1233,5,63,130,0.9224584860059701,0.5434332122943519,0.5697833411132242,legacy_player_form|team_strength|opponent_adjusted_form|lineup_continuity|recency
expanded_player_form_lightgbm,Pooled expanded player-form LightGBM,legacy_player_form + team_strength + opponent_adjusted_form + lineup_continuity + recency,2024-25,5311,1327,5,63,130,0.976342915618347,0.5798197901024956,0.540230322680472,legacy_player_form|team_strength|opponent_adjusted_form|lineup_continuity|recency
expanded_player_form_lightgbm,Pooled expanded player-form LightGBM,legacy_player_form + team_strength + opponent_adjusted_form + position_and_distribution + recency,2022-23,2743,1335,5,76,156,0.9330449792531313,0.5485507413771045,0.5714942846023827,legacy_player_form|team_strength|opponent_adjusted_form|position_and_distribution|recency
expanded_player_form_lightgbm,Pooled expanded player-form LightGBM,legacy_player_form + team_strength + opponent_adjusted_form + position_and_distribution + recency,2023-24,4078,1233,5,76,156,0.9254455852884325,0.545203412930816,0.5648758604785831,legacy_player_form|team_strength|opponent_adjusted_form|position_and_distribution|recency
expanded_player_form_lightgbm,Pooled expanded player-form LightGBM,legacy_player_form + team_strength + opponent_adjusted_form + position_and_distribution + recency,2024-25,5311,1327,5,76,156,0.9721805320450437,0.5772997859695925,0.5325372377170093,legacy_player_form|team_strength|opponent_adjusted_form|position_and_distribution|recency
expanded_player_form_lightgbm,Pooled expanded player-form LightGBM,legacy_player_form + team_strength + lineup_continuity + position_and_distribution + recency,2022-23,2743,1335,5,59,122,0.9308133820144006,0.5474056505388856,0.5732702057143327,legacy_player_form|team_strength|lineup_continuity|position_and_distribution|recency
expanded_player_form_lightgbm,Pooled expanded player-form LightGBM,legacy_player_form + team_strength + lineup_continuity + position_and_distribution + recency,2023-24,4078,1233,5,59,122,0.925810682783182,0.5447544179552046,0.5728425153043694,legacy_player_form|team_strength|lineup_continuity|position_and_distribution|recency
expanded_player_form_lightgbm,Pooled expanded player-form LightGBM,legacy_player_form + team_strength + lineup_continuity + position_and_distribution + recency,2024-25,5311,1327,5,59,122,0.9752804120394348,0.5790530862334726,0.5234021418761678,legacy_player_form|team_strength|lineup_continuity|position_and_distribution|recency
expanded_player_form_lightgbm,Pooled expanded player-form LightGBM,legacy_player_form + opponent_adjusted_form + lineup_continuity + position_and_distribution + recency,2022-23,2743,1335,5,75,154,0.971763652544815,0.5760645841604057,0.5378832706426621,legacy_player_form|opponent_adjusted_form|lineup_continuity|position_and_distribution|recency
expanded_player_form_lightgbm,Pooled expanded player-form LightGBM,legacy_player_form + opponent_adjusted_form + lineup_continuity + position_and_distribution + recency,2023-24,4078,1233,5,75,154,0.9674815903450839,0.5730181641483154,0.5502091797925827,legacy_player_form|opponent_adjusted_form|lineup_continuity|position_and_distribution|recency
expanded_player_form_lightgbm,Pooled expanded player-form LightGBM,legacy_player_form + opponent_adjusted_form + lineup_continuity + position_and_distribution + recency,2024-25,5311,1327,5,75,154,0.9978268030361331,0.5942096786756494,0.5188739963309864,legacy_player_form|opponent_adjusted_form|lineup_continuity|position_and_distribution|recency
expanded_player_form_lightgbm,Pooled expanded player-form LightGBM,team_strength + opponent_adjusted_form + lineup_continuity + position_and_distribution + recency,2022-23,2743,1335,5,76,156,0.9310688048375937,0.5476010541394176,0.5721760757788319,team_strength|opponent_adjusted_form|lineup_continuity|position_and_distribution|recency
expanded_player_form_lightgbm,Pooled expanded player-form LightGBM,team_strength + opponent_adjusted_form + lineup_continuity + position_and_distribution + recency,2023-24,4078,1233,5,76,156,0.9275952931998024,0.5462491437633303,0.5704337796980068,team_strength|opponent_adjusted_form|lineup_continuity|position_and_distribution|recency
expanded_player_form_lightgbm,Pooled expanded player-form LightGBM,team_strength + opponent_adjusted_form + lineup_continuity + position_and_distribution + recency,2024-25,5311,1327,5,76,156,0.9743101668383722,0.5782589965899212,0.5357091548055558,team_strength|opponent_adjusted_form|lineup_continuity|position_and_distribution|recency
expanded_player_form_lightgbm,Pooled expanded player-form LightGBM,legacy_player_form + team_strength + opponent_adjusted_form + lineup_continuity + position_and_distribution + recency,2022-23,2743,1335,5,83,170,0.9319939566024459,0.5478726273226998,0.5802405066743941,legacy_player_form|team_strength|opponent_adjusted_form|lineup_continuity|position_and_distribution|recency
expanded_player_form_lightgbm,Pooled expanded player-form LightGBM,legacy_player_form + team_strength + opponent_adjusted_form + lineup_continuity + position_and_distribution + recency,2023-24,4078,1233,5,83,170,0.9264848041134505,0.5455887912556794,0.5675985811531801,legacy_player_form|team_strength|opponent_adjusted_form|lineup_continuity|position_and_distribution|recency
expanded_player_form_lightgbm,Pooled expanded player-form LightGBM,legacy_player_form + team_strength + opponent_adjusted_form + lineup_continuity + position_and_distribution + recency,2024-25,5311,1327,5,83,170,0.9741514206679135,0.5783981429668885,0.5347834049691378,legacy_player_form|team_strength|opponent_adjusted_form|lineup_continuity|position_and_distribution|recency
