model,seed,step,action,feature,feature_count,mean_log_loss,accepted
player_form_logistic,team_strength,1,add,key_passes_per90_sum_5,9,0.9518213471110789,True
player_form_logistic,team_strength,1,add,key_passes_per90_lineup_mean_3,9,0.9530353034253556,False
player_form_logistic,team_strength,1,add,adjusted_key_passes_lineup_mean_5,9,0.953734618551499,False
player_form_logistic,team_strength,1,add,key_passes_per90_lineup_mean_ewm,9,0.9543647154223184,False
player_form_logistic,team_strength,1,add,adjusted_key_passes_lineup_mean_3,9,0.95450228377123,False
player_form_logistic,team_strength,1,add,shots_per90_sum_5,9,0.9549969637921121,False
player_form_logistic,team_strength,1,add,adjusted_key_passes_lineup_mean_ewm,9,0.95514062444174,False
player_form_logistic,team_strength,1,add,shots_per90_lineup_mean_3,9,0.9553212748777983,False
player_form_logistic,team_strength,1,add,mid_adjusted_key_passes_5,9,0.9556365236054011,False
player_form_logistic,team_strength,1,add,shots_per90_lineup_mean_ewm,9,0.9559556625562453,False
player_form_logistic,team_strength,1,add,adjusted_key_passes_lineup_mean_1,9,0.956092086507162,False
player_form_logistic,team_strength,1,remove,prior_team_matches,7,0.9561298516335686,False
player_form_logistic,team_strength,1,add,key_passes_per90_lineup_mean_1,9,0.9562785339442916,False
player_form_logistic,team_strength,1,add,adjusted_shots_lineup_mean_1,9,0.9563535570326205,False
player_form_logistic,team_strength,1,add,shots_per90_lineup_mean_1,9,0.9564624833212269,False
player_form_logistic,team_strength,1,add,adjusted_shots_lineup_mean_ewm,9,0.9565946169139103,False
player_form_logistic,team_strength,1,add,adjusted_shots_lineup_mean_5,9,0.9566906145494098,False
player_form_logistic,team_strength,1,add,adjusted_shots_lineup_mean_3,9,0.9567597331624684,False
player_form_logistic,team_strength,1,add,rating_mean_5,9,0.9568232854069239,False
player_form_logistic,team_strength,1,remove,elo_expected_result,7,0.9568606874196952,False
player_form_logistic,team_strength,1,add,adjusted_key_passes_lineup_std_across_starters_5,9,0.9568930644090844,False
player_form_logistic,team_strength,1,add,rating_lineup_mean_ewm,9,0.9569564257774745,False
player_form_logistic,team_strength,1,add,adjusted_key_passes_lineup_mean_std_5,9,0.957058821786708,False
player_form_logistic,team_strength,1,remove,expected_goals_strength,7,0.9571132203676087,False
player_form_logistic,team_strength,1,add,rating_lineup_max_5,9,0.9571291621608926,False
player_form_logistic,team_strength,1,add,adjusted_defensive_actions_lineup_mean_5,9,0.9571886363855072,False
player_form_logistic,team_strength,1,add,rating_lineup_top3_mean_5,9,0.9572034082088918,False
player_form_logistic,team_strength,1,add,gk_saves_per90_5,9,0.9572279581121301,False
player_form_logistic,team_strength,1,add,new_player_pairs,9,0.9572509028401412,False
player_form_logistic,team_strength,1,add,rating_lineup_mean_3,9,0.9572826719455382,False
player_form_logistic,team_strength,1,add,mean_pairwise_prior_minutes,9,0.9573444307643204,False
player_form_logistic,team_strength,1,remove,attack_goal_rate_ewm,7,0.9573544732529891,False
player_form_logistic,team_strength,1,add,mean_pairwise_prior_starts,9,0.9573889536315446,False
player_form_logistic,team_strength,1,add,rating_lineup_mean_trend_1_5,9,0.9574497221088125,False
player_form_logistic,team_strength,1,add,mid_rating_mean_5,9,0.9574693517449857,False
player_form_logistic,team_strength,1,add,defensive_actions_per90_sum_5,9,0.9574805117928309,False
player_form_logistic,team_strength,1,add,adjusted_shots_lineup_mean_std_5,9,0.9575158271446431,False
player_form_logistic,team_strength,1,remove,defence_goal_rate_ewm,7,0.9575721338409439,False
player_form_logistic,team_strength,1,add,rating_lineup_std_across_starters_5,9,0.9576144313893467,False
player_form_logistic,team_strength,1,add,fwd_rating_mean_5,9,0.9576191246396707,False
player_form_logistic,team_strength,1,add,adjusted_shots_lineup_mean_trend_1_5,9,0.957649392715425,False
player_form_logistic,team_strength,1,remove,elo_rating,7,0.9576806444528405,False
player_form_logistic,team_strength,1,remove,opponent_elo_rating,7,0.9576806444528405,False
player_form_logistic,team_strength,1,remove,elo_difference,7,0.9576806444528407,False
player_form_logistic,team_strength,1,add,rating_lineup_min_5,9,0.9576892428640444,False
player_form_logistic,team_strength,1,add,rating_lineup_mean_1,9,0.9577016034685277,False
player_form_logistic,team_strength,1,add,defensive_actions_per90_lineup_mean_3,9,0.9577061578029578,False
player_form_logistic,team_strength,1,add,shots_per90_lineup_mean_trend_1_5,9,0.957710791868615,False
player_form_logistic,team_strength,1,add,def_rating_mean_5,9,0.9577108113928858,False
player_form_logistic,team_strength,1,add,gk_count,9,0.9577429406981537,False
player_form_logistic,team_strength,1,add,starters_without_history,9,0.9577649360636452,False
player_form_logistic,team_strength,1,add,fwd_adjusted_shots_5,9,0.9577794730504292,False
player_form_logistic,team_strength,1,add,adjusted_key_passes_lineup_mean_trend_1_5,9,0.9577837920338235,False
player_form_logistic,team_strength,1,add,adjusted_defensive_actions_lineup_mean_3,9,0.9578061868933849,False
player_form_logistic,team_strength,1,add,key_passes_per90_lineup_mean_trend_1_5,9,0.9578231810978249,False
player_form_logistic,team_strength,1,add,gk_rating_mean_5,9,0.9578289865584182,False
player_form_logistic,team_strength,1,add,adjusted_rating_lineup_mean_trend_1_5,9,0.9578756640467359,False
player_form_logistic,team_strength,1,add,mid_count,9,0.9579079503654468,False
player_form_logistic,team_strength,1,add,retained_starters,9,0.957923752437156,False
player_form_logistic,team_strength,1,add,adjusted_rating_lineup_std_across_starters_5,9,0.9579475132828543,False
player_form_logistic,team_strength,1,add,adjusted_rating_lineup_mean_5,9,0.9579884983863866,False
player_form_logistic,team_strength,1,add,recent_minutes_sum_5,9,0.9579956493342858,False
player_form_logistic,team_strength,1,add,adjusted_defensive_actions_lineup_mean_1,9,0.9580311926280374,False
player_form_logistic,team_strength,1,add,adjusted_defensive_actions_lineup_mean_trend_1_5,9,0.9580339751394911,False
player_form_logistic,team_strength,1,add,defensive_actions_per90_lineup_mean_trend_1_5,9,0.9580374612972543,False
player_form_logistic,team_strength,1,add,defensive_actions_per90_lineup_mean_1,9,0.9580596665712706,False
player_form_logistic,team_strength,1,add,adjusted_shots_lineup_std_across_starters_5,9,0.9581241541833733,False
player_form_logistic,team_strength,1,add,adjusted_rating_lineup_mean_1,9,0.9581333573273028,False
player_form_logistic,team_strength,1,add,adjusted_defensive_actions_lineup_mean_ewm,9,0.9581479821099401,False
player_form_logistic,team_strength,1,add,rating_lineup_mean_std_5,9,0.958164544570169,False
player_form_logistic,team_strength,1,add,missing_regular_starters,9,0.9581838875688568,False
player_form_logistic,team_strength,1,add,adjusted_rating_lineup_mean_std_5,9,0.9582028949337682,False
player_form_logistic,team_strength,1,add,def_adjusted_defensive_actions_5,9,0.9582208885131329,False
player_form_logistic,team_strength,1,add,new_starters,9,0.9582218128872686,False
player_form_logistic,team_strength,1,add,adjusted_rating_lineup_mean_ewm,9,0.9582335678396343,False
player_form_logistic,team_strength,1,add,adjusted_defensive_actions_lineup_mean_std_5,9,0.9582725778952801,False
player_form_logistic,team_strength,1,add,replacement_quality,9,0.958360478921936,False
player_form_logistic,team_strength,1,add,adjusted_rating_lineup_mean_3,9,0.9584373107030117,False
player_form_logistic,team_strength,1,add,defensive_actions_per90_lineup_mean_ewm,9,0.9584796043405408,False
player_form_logistic,team_strength,1,add,fwd_count,9,0.9585150319122117,False
player_form_logistic,team_strength,1,add,starters_without_full_window,9,0.9586569719180698,False
player_form_logistic,team_strength,1,add,def_count,9,0.9587372068857456,False
player_form_logistic,team_strength,1,add,adjusted_defensive_actions_lineup_std_across_starters_5,9,0.9589304204723861,False
player_form_logistic,team_strength,2,remove,prior_team_matches,8,0.9503903724168719,True
player_form_logistic,team_strength,2,add,adjusted_defensive_actions_lineup_mean_5,10,0.9510407643992391,False
player_form_logistic,team_strength,2,remove,elo_expected_result,8,0.9510810973771475,False
player_form_logistic,team_strength,2,remove,attack_goal_rate_ewm,8,0.9512067843082948,False
player_form_logistic,team_strength,2,remove,expected_goals_strength,8,0.9512283961312347,False
player_form_logistic,team_strength,2,add,adjusted_key_passes_lineup_std_across_starters_5,10,0.9513257282891132,False
player_form_logistic,team_strength,2,add,defensive_actions_per90_sum_5,10,0.9513509470256658,False
player_form_logistic,team_strength,2,add,new_player_pairs,10,0.9514284798498749,False
player_form_logistic,team_strength,2,add,rating_lineup_mean_trend_1_5,10,0.9514378528369851,False
player_form_logistic,team_strength,2,add,adjusted_shots_lineup_mean_1,10,0.9514913727317094,False
player_form_logistic,team_strength,2,add,mean_pairwise_prior_minutes,10,0.9514957031832059,False
player_form_logistic,team_strength,2,add,mean_pairwise_prior_starts,10,0.9515066800287233,False
player_form_logistic,team_strength,2,add,gk_saves_per90_5,10,0.95155233774437,False
player_form_logistic,team_strength,2,remove,defence_goal_rate_ewm,8,0.9515545203006155,False
player_form_logistic,team_strength,2,add,shots_per90_lineup_mean_ewm,10,0.9516230969608195,False
player_form_logistic,team_strength,2,add,defensive_actions_per90_lineup_mean_3,10,0.951690796360372,False
player_form_logistic,team_strength,2,add,shots_per90_lineup_mean_1,10,0.9516973791335193,False
player_form_logistic,team_strength,2,remove,elo_rating,8,0.9517230234277189,False
player_form_logistic,team_strength,2,remove,opponent_elo_rating,8,0.9517230234277189,False
player_form_logistic,team_strength,2,remove,elo_difference,8,0.9517230234277216,False
player_form_logistic,team_strength,2,add,key_passes_per90_lineup_mean_3,10,0.951796534544172,False
player_form_logistic,team_strength,2,add,rating_mean_5,10,0.9517971761529032,False
player_form_logistic,team_strength,2,add,adjusted_shots_lineup_mean_ewm,10,0.9517991332357107,False
player_form_logistic,team_strength,2,add,adjusted_defensive_actions_lineup_mean_3,10,0.9518010889820359,False
player_form_logistic,team_strength,2,add,rating_lineup_std_across_starters_5,10,0.9518086753929054,False
player_form_logistic,team_strength,2,add,rating_lineup_mean_ewm,10,0.9518121525250081,False
player_form_logistic,team_strength,2,add,gk_count,10,0.9518213471110761,False
player_form_logistic,team_strength,2,add,mid_rating_mean_5,10,0.9518337487890002,False
player_form_logistic,team_strength,2,add,shots_per90_lineup_mean_3,10,0.9518806417105767,False
player_form_logistic,team_strength,2,add,shots_per90_lineup_mean_trend_1_5,10,0.9519005431476553,False
player_form_logistic,team_strength,2,add,adjusted_key_passes_lineup_mean_1,10,0.9519030475393822,False
player_form_logistic,team_strength,2,add,rating_lineup_mean_1,10,0.9519169397950479,False
player_form_logistic,team_strength,2,add,adjusted_shots_lineup_mean_trend_1_5,10,0.9519230691793374,False
player_form_logistic,team_strength,2,add,rating_lineup_min_5,10,0.9519279821918467,False
player_form_logistic,team_strength,2,add,shots_per90_sum_5,10,0.9519284566727393,False
player_form_logistic,team_strength,2,add,retained_starters,10,0.9519394223108015,False
player_form_logistic,team_strength,2,add,adjusted_rating_lineup_mean_trend_1_5,10,0.9519475297463981,False
player_form_logistic,team_strength,2,add,rating_lineup_mean_3,10,0.951960070563711,False
player_form_logistic,team_strength,2,add,mid_count,10,0.9519673092870448,False
player_form_logistic,team_strength,2,add,adjusted_shots_lineup_mean_std_5,10,0.9519769100572988,False
player_form_logistic,team_strength,2,add,gk_rating_mean_5,10,0.9519792551154611,False
player_form_logistic,team_strength,2,add,adjusted_key_passes_lineup_mean_std_5,10,0.9519807378838443,False
player_form_logistic,team_strength,2,add,adjusted_key_passes_lineup_mean_trend_1_5,10,0.951988275068683,False
player_form_logistic,team_strength,2,add,adjusted_rating_lineup_std_across_starters_5,10,0.9519932783822791,False
player_form_logistic,team_strength,2,add,mid_adjusted_key_passes_5,10,0.9520024671286706,False
player_form_logistic,team_strength,2,add,adjusted_defensive_actions_lineup_mean_1,10,0.9520049218188685,False
player_form_logistic,team_strength,2,add,rating_lineup_max_5,10,0.9520062548224033,False
player_form_logistic,team_strength,2,add,key_passes_per90_lineup_mean_trend_1_5,10,0.952018788177465,False
player_form_logistic,team_strength,2,add,key_passes_per90_lineup_mean_1,10,0.9520368233368743,False
player_form_logistic,team_strength,2,add,defensive_actions_per90_lineup_mean_1,10,0.9520594662687674,False
player_form_logistic,team_strength,2,add,defensive_actions_per90_lineup_mean_trend_1_5,10,0.9520685808159638,False
player_form_logistic,team_strength,2,add,def_rating_mean_5,10,0.952074075737247,False
player_form_logistic,team_strength,2,add,adjusted_defensive_actions_lineup_mean_trend_1_5,10,0.9520783847256802,False
player_form_logistic,team_strength,2,add,rating_lineup_top3_mean_5,10,0.9520835656984219,False
player_form_logistic,team_strength,2,add,adjusted_rating_lineup_mean_1,10,0.9521304963257071,False
player_form_logistic,team_strength,2,add,adjusted_defensive_actions_lineup_mean_ewm,10,0.9521514056194658,False
player_form_logistic,team_strength,2,add,fwd_adjusted_shots_5,10,0.952152530658169,False
player_form_logistic,team_strength,2,add,key_passes_per90_lineup_mean_ewm,10,0.9521710793413547,False
player_form_logistic,team_strength,2,add,new_starters,10,0.9521825159678411,False
player_form_logistic,team_strength,2,add,def_adjusted_defensive_actions_5,10,0.9522450869848244,False
player_form_logistic,team_strength,2,add,recent_minutes_sum_5,10,0.9522465880780511,False
player_form_logistic,team_strength,2,add,adjusted_shots_lineup_std_across_starters_5,10,0.9522542247516701,False
player_form_logistic,team_strength,2,add,missing_regular_starters,10,0.9522633395146881,False
player_form_logistic,team_strength,2,add,starters_without_history,10,0.9523127208207919,False
player_form_logistic,team_strength,2,add,adjusted_defensive_actions_lineup_mean_std_5,10,0.9523422511596353,False
player_form_logistic,team_strength,2,add,adjusted_key_passes_lineup_mean_ewm,10,0.9523510252275007,False
player_form_logistic,team_strength,2,add,fwd_rating_mean_5,10,0.9524154454512896,False
player_form_logistic,team_strength,2,add,rating_lineup_mean_std_5,10,0.9524380055400643,False
player_form_logistic,team_strength,2,add,adjusted_rating_lineup_mean_5,10,0.9524486327894366,False
player_form_logistic,team_strength,2,add,adjusted_rating_lineup_mean_std_5,10,0.9524661459705704,False
player_form_logistic,team_strength,2,add,adjusted_rating_lineup_mean_3,10,0.9524949089378931,False
player_form_logistic,team_strength,2,add,adjusted_key_passes_lineup_mean_3,10,0.9525483717059591,False
player_form_logistic,team_strength,2,add,replacement_quality,10,0.9525568817788976,False
player_form_logistic,team_strength,2,add,defensive_actions_per90_lineup_mean_ewm,10,0.9525579897492619,False
player_form_logistic,team_strength,2,add,fwd_count,10,0.9525596963338466,False
player_form_logistic,team_strength,2,add,def_count,10,0.952566840588744,False
player_form_logistic,team_strength,2,add,adjusted_shots_lineup_mean_3,10,0.9525713019548756,False
player_form_logistic,team_strength,2,add,adjusted_rating_lineup_mean_ewm,10,0.9526041507244928,False
player_form_logistic,team_strength,2,add,adjusted_shots_lineup_mean_5,10,0.9527648528488475,False
player_form_logistic,team_strength,2,add,starters_without_full_window,10,0.9528908026085819,False
player_form_logistic,team_strength,2,add,adjusted_defensive_actions_lineup_std_across_starters_5,10,0.9530945476254622,False
player_form_logistic,team_strength,2,add,adjusted_key_passes_lineup_mean_5,10,0.954858188114964,False
player_form_logistic,team_strength,2,remove,key_passes_per90_sum_5,8,0.9577429406981521,False
player_form_logistic,team_strength,3,add,adjusted_defensive_actions_lineup_mean_5,9,0.949566353743026,True
player_form_logistic,team_strength,3,remove,elo_expected_result,7,0.9495862124126042,False
player_form_logistic,team_strength,3,remove,attack_goal_rate_ewm,7,0.9497587943408189,False
player_form_logistic,team_strength,3,add,adjusted_key_passes_lineup_std_across_starters_5,9,0.9497826516020705,False
player_form_logistic,team_strength,3,remove,expected_goals_strength,7,0.9497980277067299,False
player_form_logistic,team_strength,3,add,defensive_actions_per90_sum_5,9,0.9499434010153726,False
player_form_logistic,team_strength,3,add,rating_lineup_mean_trend_1_5,9,0.9500394533801244,False
player_form_logistic,team_strength,3,add,new_player_pairs,9,0.9500449090651674,False
player_form_logistic,team_strength,3,add,adjusted_shots_lineup_mean_1,9,0.9501101403481114,False
player_form_logistic,team_strength,3,remove,defence_goal_rate_ewm,7,0.9501131516076216,False
player_form_logistic,team_strength,3,add,mean_pairwise_prior_minutes,9,0.950149199129942,False
player_form_logistic,team_strength,3,add,mean_pairwise_prior_starts,9,0.9501562375420158,False
player_form_logistic,team_strength,3,add,gk_saves_per90_5,9,0.9501818315477151,False
player_form_logistic,team_strength,3,add,defensive_actions_per90_lineup_mean_3,9,0.9502459253337325,False
player_form_logistic,team_strength,3,add,shots_per90_lineup_mean_ewm,9,0.9502541981853156,False
player_form_logistic,team_strength,3,add,shots_per90_lineup_mean_1,9,0.9502872303764799,False
player_form_logistic,team_strength,3,remove,elo_difference,7,0.9503170878822805,False
player_form_logistic,team_strength,3,remove,elo_rating,7,0.9503170878822913,False
player_form_logistic,team_strength,3,remove,opponent_elo_rating,7,0.9503170878822913,False
player_form_logistic,team_strength,3,add,rating_lineup_std_across_starters_5,9,0.9503436345478007,False
player_form_logistic,team_strength,3,add,adjusted_defensive_actions_lineup_mean_3,9,0.9503525009099383,False
player_form_logistic,team_strength,3,add,rating_mean_5,9,0.9503742311760279,False
player_form_logistic,team_strength,3,add,rating_lineup_mean_ewm,9,0.950376313326892,False
player_form_logistic,team_strength,3,add,mid_rating_mean_5,9,0.9503858956913536,False
player_form_logistic,team_strength,3,add,gk_count,9,0.9503903724168712,False
player_form_logistic,team_strength,3,add,adjusted_shots_lineup_mean_ewm,9,0.9504013644823461,False
player_form_logistic,team_strength,3,add,adjusted_rating_lineup_mean_trend_1_5,9,0.9504274132128598,False
player_form_logistic,team_strength,3,add,key_passes_per90_lineup_mean_3,9,0.9504290666309625,False
player_form_logistic,team_strength,3,add,adjusted_key_passes_lineup_mean_1,9,0.9504463748550824,False
player_form_logistic,team_strength,3,add,rating_lineup_min_5,9,0.9504556575665191,False
player_form_logistic,team_strength,3,add,shots_per90_lineup_mean_trend_1_5,9,0.9504719612969761,False
player_form_logistic,team_strength,3,add,adjusted_shots_lineup_mean_trend_1_5,9,0.9504819840645609,False
player_form_logistic,team_strength,3,add,rating_lineup_mean_3,9,0.9505027846566982,False
player_form_logistic,team_strength,3,add,adjusted_rating_lineup_std_across_starters_5,9,0.9505056718793177,False
player_form_logistic,team_strength,3,add,shots_per90_lineup_mean_3,9,0.9505094151715081,False
player_form_logistic,team_strength,3,add,adjusted_shots_lineup_mean_std_5,9,0.9505237479623522,False
player_form_logistic,team_strength,3,add,gk_rating_mean_5,9,0.9505282421989437,False
player_form_logistic,team_strength,3,add,rating_lineup_max_5,9,0.9505375374665261,False
player_form_logistic,team_strength,3,add,rating_lineup_mean_1,9,0.9505405605703985,False
player_form_logistic,team_strength,3,add,mid_count,9,0.9505528029496528,False
player_form_logistic,team_strength,3,add,adjusted_defensive_actions_lineup_mean_1,9,0.9505745866391813,False
player_form_logistic,team_strength,3,add,key_passes_per90_lineup_mean_1,9,0.9505792243308816,False
player_form_logistic,team_strength,3,add,adjusted_key_passes_lineup_mean_std_5,9,0.9505869846388721,False
player_form_logistic,team_strength,3,add,defensive_actions_per90_lineup_mean_1,9,0.9505925676291282,False
player_form_logistic,team_strength,3,add,mid_adjusted_key_passes_5,9,0.9505959751352764,False
player_form_logistic,team_strength,3,add,adjusted_key_passes_lineup_mean_trend_1_5,9,0.9505989143460097,False
player_form_logistic,team_strength,3,add,rating_lineup_top3_mean_5,9,0.950606625874739,False
player_form_logistic,team_strength,3,add,key_passes_per90_lineup_mean_trend_1_5,9,0.9506120258811923,False
player_form_logistic,team_strength,3,add,retained_starters,9,0.9506210630378973,False
player_form_logistic,team_strength,3,add,defensive_actions_per90_lineup_mean_trend_1_5,9,0.950628247694723,False
player_form_logistic,team_strength,3,add,shots_per90_sum_5,9,0.9506292744445437,False
player_form_logistic,team_strength,3,add,adjusted_defensive_actions_lineup_mean_trend_1_5,9,0.9506470824646064,False
player_form_logistic,team_strength,3,add,adjusted_rating_lineup_mean_1,9,0.9506889217735649,False
player_form_logistic,team_strength,3,add,replacement_quality,9,0.950704688970953,False
player_form_logistic,team_strength,3,add,fwd_adjusted_shots_5,9,0.9507055790482178,False
player_form_logistic,team_strength,3,add,adjusted_defensive_actions_lineup_mean_ewm,9,0.9507236957913391,False
player_form_logistic,team_strength,3,add,key_passes_per90_lineup_mean_ewm,9,0.9507562296845735,False
player_form_logistic,team_strength,3,add,missing_regular_starters,9,0.9507720602464835,False
player_form_logistic,team_strength,3,add,starters_without_history,9,0.9507897540999641,False
player_form_logistic,team_strength,3,add,adjusted_shots_lineup_std_across_starters_5,9,0.9507932076224577,False
player_form_logistic,team_strength,3,add,recent_minutes_sum_5,9,0.9508173281145768,False
player_form_logistic,team_strength,3,add,def_adjusted_defensive_actions_5,9,0.9508202953597373,False
player_form_logistic,team_strength,3,add,def_rating_mean_5,9,0.950826990975588,False
player_form_logistic,team_strength,3,add,adjusted_key_passes_lineup_mean_ewm,9,0.9508333085889504,False
player_form_logistic,team_strength,3,add,new_starters,9,0.9508622940670106,False
player_form_logistic,team_strength,3,add,adjusted_defensive_actions_lineup_mean_std_5,9,0.9509382515549101,False
player_form_logistic,team_strength,3,add,fwd_rating_mean_5,9,0.9509492844242737,False
player_form_logistic,team_strength,3,add,adjusted_rating_lineup_mean_std_5,9,0.9509497485697844,False
player_form_logistic,team_strength,3,add,rating_lineup_mean_std_5,9,0.9509695492133132,False
player_form_logistic,team_strength,3,add,adjusted_rating_lineup_mean_5,9,0.9510156193133643,False
player_form_logistic,team_strength,3,add,adjusted_rating_lineup_mean_3,9,0.9510399649705277,False
player_form_logistic,team_strength,3,add,adjusted_key_passes_lineup_mean_3,9,0.9510563780301631,False
player_form_logistic,team_strength,3,add,adjusted_rating_lineup_mean_ewm,9,0.9510712883626204,False
player_form_logistic,team_strength,3,add,fwd_count,9,0.9511252775844232,False
player_form_logistic,team_strength,3,add,adjusted_shots_lineup_mean_3,9,0.9511670183316654,False
player_form_logistic,team_strength,3,add,def_count,9,0.9511729732144611,False
player_form_logistic,team_strength,3,add,defensive_actions_per90_lineup_mean_ewm,9,0.9512049334581654,False
player_form_logistic,team_strength,3,add,adjusted_shots_lineup_mean_5,9,0.9513586369411227,False
player_form_logistic,team_strength,3,add,starters_without_full_window,9,0.9516905022633269,False
player_form_logistic,team_strength,3,add,adjusted_defensive_actions_lineup_std_across_starters_5,9,0.9517461758287907,False
player_form_logistic,team_strength,3,add,prior_team_matches,9,0.9518213471110755,False
player_form_logistic,team_strength,3,add,adjusted_key_passes_lineup_mean_5,9,0.9530992815477264,False
player_form_logistic,team_strength,3,remove,key_passes_per90_sum_5,7,0.9561298516335686,False
market_plus_player_form,lineup_continuity,1,add,expected_goals_strength,8,0.9235675038784694,True
market_plus_player_form,lineup_continuity,1,remove,mean_pairwise_prior_starts,6,0.9236113497609,False
market_plus_player_form,lineup_continuity,1,remove,mean_pairwise_prior_minutes,6,0.923619935739727,False
market_plus_player_form,lineup_continuity,1,add,adjusted_defensive_actions_lineup_mean_5,8,0.9236370865639348,False
market_plus_player_form,lineup_continuity,1,add,defensive_actions_per90_sum_5,8,0.9236528312086267,False
market_plus_player_form,lineup_continuity,1,remove,missing_regular_starters,6,0.923791743898055,False
market_plus_player_form,lineup_continuity,1,remove,new_player_pairs,6,0.9238089035401771,False
market_plus_player_form,lineup_continuity,1,add,adjusted_key_passes_lineup_mean_ewm,8,0.9238138254115646,False
market_plus_player_form,lineup_continuity,1,add,adjusted_key_passes_lineup_mean_1,8,0.9238889412515268,False
market_plus_player_form,lineup_continuity,1,add,key_passes_per90_lineup_mean_ewm,8,0.9239038971425855,False
market_plus_player_form,lineup_continuity,1,add,adjusted_key_passes_lineup_mean_3,8,0.923922737302023,False
market_plus_player_form,lineup_continuity,1,add,adjusted_shots_lineup_mean_1,8,0.9239252768173318,False
market_plus_player_form,lineup_continuity,1,add,rating_lineup_mean_trend_1_5,8,0.9239375108555969,False
market_plus_player_form,lineup_continuity,1,add,attack_goal_rate_ewm,8,0.9239596640847122,False
market_plus_player_form,lineup_continuity,1,remove,replacement_quality,6,0.9239664659199862,False
market_plus_player_form,lineup_continuity,1,add,key_passes_per90_lineup_mean_3,8,0.9239925842983918,False
market_plus_player_form,lineup_continuity,1,add,mid_adjusted_key_passes_5,8,0.9240068057913757,False
market_plus_player_form,lineup_continuity,1,add,adjusted_key_passes_lineup_mean_5,8,0.9240564353931149,False
market_plus_player_form,lineup_continuity,1,add,key_passes_per90_lineup_mean_1,8,0.9240577447988121,False
market_plus_player_form,lineup_continuity,1,add,shots_per90_lineup_mean_1,8,0.9240595969275006,False
market_plus_player_form,lineup_continuity,1,add,defence_goal_rate_ewm,8,0.9240621844517076,False
market_plus_player_form,lineup_continuity,1,add,adjusted_key_passes_lineup_mean_std_5,8,0.9240698700086156,False
market_plus_player_form,lineup_continuity,1,remove,new_starters,6,0.9241032915968576,False
market_plus_player_form,lineup_continuity,1,add,adjusted_rating_lineup_mean_1,8,0.9241079611835095,False
market_plus_player_form,lineup_continuity,1,add,key_passes_per90_sum_5,8,0.9241268717430943,False
market_plus_player_form,lineup_continuity,1,add,defensive_actions_per90_lineup_mean_3,8,0.9241368800742252,False
market_plus_player_form,lineup_continuity,1,add,gk_count,8,0.9241552382808309,False
market_plus_player_form,lineup_continuity,1,add,adjusted_rating_lineup_mean_3,8,0.9241604378056735,False
market_plus_player_form,lineup_continuity,1,add,rating_lineup_max_5,8,0.9241660227048534,False
market_plus_player_form,lineup_continuity,1,add,rating_lineup_top3_mean_5,8,0.9241731696768378,False
market_plus_player_form,lineup_continuity,1,add,adjusted_defensive_actions_lineup_mean_std_5,8,0.9241912838847475,False
market_plus_player_form,lineup_continuity,1,add,shots_per90_lineup_mean_trend_1_5,8,0.9241991366720581,False
market_plus_player_form,lineup_continuity,1,add,adjusted_defensive_actions_lineup_mean_1,8,0.9241996459898163,False
market_plus_player_form,lineup_continuity,1,add,mid_count,8,0.9242056212373231,False
market_plus_player_form,lineup_continuity,1,add,defensive_actions_per90_lineup_mean_1,8,0.9242098943943772,False
market_plus_player_form,lineup_continuity,1,add,adjusted_shots_lineup_mean_ewm,8,0.9242168168410148,False
market_plus_player_form,lineup_continuity,1,add,adjusted_key_passes_lineup_std_across_starters_5,8,0.9242201835742907,False
market_plus_player_form,lineup_continuity,1,add,adjusted_defensive_actions_lineup_mean_ewm,8,0.9242283610272144,False
market_plus_player_form,lineup_continuity,1,add,mid_rating_mean_5,8,0.9242300063559155,False
market_plus_player_form,lineup_continuity,1,remove,retained_starters,6,0.9242339925193661,False
market_plus_player_form,lineup_continuity,1,add,adjusted_key_passes_lineup_mean_trend_1_5,8,0.9242342256763543,False
market_plus_player_form,lineup_continuity,1,add,adjusted_rating_lineup_mean_trend_1_5,8,0.9242465009884444,False
market_plus_player_form,lineup_continuity,1,add,adjusted_shots_lineup_mean_trend_1_5,8,0.9242509456534166,False
market_plus_player_form,lineup_continuity,1,add,key_passes_per90_lineup_mean_trend_1_5,8,0.9242651644853864,False
market_plus_player_form,lineup_continuity,1,add,gk_rating_mean_5,8,0.9242764501600618,False
market_plus_player_form,lineup_continuity,1,add,adjusted_defensive_actions_lineup_mean_trend_1_5,8,0.924285579181011,False
market_plus_player_form,lineup_continuity,1,add,defensive_actions_per90_lineup_mean_trend_1_5,8,0.9242962282008148,False
market_plus_player_form,lineup_continuity,1,add,rating_lineup_mean_1,8,0.9242979364058895,False
market_plus_player_form,lineup_continuity,1,add,adjusted_defensive_actions_lineup_mean_3,8,0.9242992294273433,False
market_plus_player_form,lineup_continuity,1,add,rating_lineup_std_across_starters_5,8,0.9243147004521453,False
market_plus_player_form,lineup_continuity,1,add,shots_per90_lineup_mean_ewm,8,0.9243285313864509,False
market_plus_player_form,lineup_continuity,1,add,rating_mean_5,8,0.9243297474582952,False
market_plus_player_form,lineup_continuity,1,add,rating_lineup_min_5,8,0.9243309458166991,False
market_plus_player_form,lineup_continuity,1,add,rating_lineup_mean_3,8,0.9243414855435929,False
market_plus_player_form,lineup_continuity,1,add,adjusted_rating_lineup_std_across_starters_5,8,0.9243607258485842,False
market_plus_player_form,lineup_continuity,1,add,rating_lineup_mean_ewm,8,0.9243661246316475,False
market_plus_player_form,lineup_continuity,1,add,adjusted_rating_lineup_mean_std_5,8,0.9244028508536721,False
market_plus_player_form,lineup_continuity,1,add,adjusted_shots_lineup_std_across_starters_5,8,0.9244278720618935,False
market_plus_player_form,lineup_continuity,1,add,fwd_rating_mean_5,8,0.9244394211127293,False
market_plus_player_form,lineup_continuity,1,add,rating_lineup_mean_std_5,8,0.9244457064094447,False
market_plus_player_form,lineup_continuity,1,add,shots_per90_lineup_mean_3,8,0.9244525292694794,False
market_plus_player_form,lineup_continuity,1,add,defensive_actions_per90_lineup_mean_ewm,8,0.9244572031245839,False
market_plus_player_form,lineup_continuity,1,add,adjusted_shots_lineup_mean_std_5,8,0.9244588549596189,False
market_plus_player_form,lineup_continuity,1,add,adjusted_shots_lineup_mean_3,8,0.9244641887794517,False
market_plus_player_form,lineup_continuity,1,add,def_adjusted_defensive_actions_5,8,0.9245023098218985,False
market_plus_player_form,lineup_continuity,1,add,starters_without_history,8,0.9246214176135314,False
market_plus_player_form,lineup_continuity,1,add,shots_per90_sum_5,8,0.9246286885274488,False
market_plus_player_form,lineup_continuity,1,add,adjusted_shots_lineup_mean_5,8,0.9246493344220001,False
market_plus_player_form,lineup_continuity,1,add,fwd_adjusted_shots_5,8,0.9246623304051285,False
market_plus_player_form,lineup_continuity,1,add,gk_saves_per90_5,8,0.9246912799920857,False
market_plus_player_form,lineup_continuity,1,add,elo_rating,8,0.9247306941437958,False
market_plus_player_form,lineup_continuity,1,add,opponent_elo_rating,8,0.9247306941437958,False
market_plus_player_form,lineup_continuity,1,add,elo_difference,8,0.9247306941438054,False
market_plus_player_form,lineup_continuity,1,add,adjusted_rating_lineup_mean_5,8,0.9247848571084614,False
market_plus_player_form,lineup_continuity,1,add,adjusted_rating_lineup_mean_ewm,8,0.9248027206962237,False
market_plus_player_form,lineup_continuity,1,add,fwd_count,8,0.9248327763229856,False
market_plus_player_form,lineup_continuity,1,add,elo_expected_result,8,0.924854617231254,False
market_plus_player_form,lineup_continuity,1,add,def_rating_mean_5,8,0.924990125410409,False
market_plus_player_form,lineup_continuity,1,add,adjusted_defensive_actions_lineup_std_across_starters_5,8,0.9250996898088573,False
market_plus_player_form,lineup_continuity,1,add,def_count,8,0.9251135357694122,False
market_plus_player_form,lineup_continuity,1,add,prior_team_matches,8,0.925200112852837,False
market_plus_player_form,lineup_continuity,1,add,recent_minutes_sum_5,8,0.9252027302977135,False
market_plus_player_form,lineup_continuity,1,add,starters_without_full_window,8,0.9254778575721525,False
market_plus_player_form,lineup_continuity,2,add,adjusted_defensive_actions_lineup_mean_5,9,0.9229918448904517,True
market_plus_player_form,lineup_continuity,2,add,defensive_actions_per90_sum_5,9,0.9230172212665498,False
market_plus_player_form,lineup_continuity,2,remove,mean_pairwise_prior_minutes,7,0.9230201647831353,False
market_plus_player_form,lineup_continuity,2,remove,mean_pairwise_prior_starts,7,0.9230203554954625,False
market_plus_player_form,lineup_continuity,2,remove,missing_regular_starters,7,0.9231881865407695,False
market_plus_player_form,lineup_continuity,2,remove,new_player_pairs,7,0.9231899577328577,False
market_plus_player_form,lineup_continuity,2,add,adjusted_key_passes_lineup_mean_ewm,9,0.9232707235861644,False
market_plus_player_form,lineup_continuity,2,add,key_passes_per90_lineup_mean_ewm,9,0.9232877953326197,False
market_plus_player_form,lineup_continuity,2,add,adjusted_key_passes_lineup_mean_1,9,0.9233249894491065,False
market_plus_player_form,lineup_continuity,2,add,key_passes_per90_lineup_mean_3,9,0.9233507129004297,False
market_plus_player_form,lineup_continuity,2,add,adjusted_key_passes_lineup_mean_3,9,0.9233589407075726,False
market_plus_player_form,lineup_continuity,2,add,adjusted_shots_lineup_mean_1,9,0.9233768008580323,False
market_plus_player_form,lineup_continuity,2,add,mid_adjusted_key_passes_5,9,0.9234137719851551,False
market_plus_player_form,lineup_continuity,2,remove,replacement_quality,7,0.9234320210447686,False
market_plus_player_form,lineup_continuity,2,add,key_passes_per90_lineup_mean_1,9,0.9234339021334894,False
market_plus_player_form,lineup_continuity,2,add,rating_lineup_max_5,9,0.9234586944971233,False
market_plus_player_form,lineup_continuity,2,add,shots_per90_lineup_mean_1,9,0.9234623918338585,False
market_plus_player_form,lineup_continuity,2,add,adjusted_key_passes_lineup_mean_std_5,9,0.9234826615687908,False
market_plus_player_form,lineup_continuity,2,add,rating_lineup_mean_trend_1_5,9,0.9234868749132675,False
market_plus_player_form,lineup_continuity,2,add,key_passes_per90_sum_5,9,0.9234926048207319,False
market_plus_player_form,lineup_continuity,2,add,defensive_actions_per90_lineup_mean_3,9,0.923533921369269,False
market_plus_player_form,lineup_continuity,2,remove,new_starters,7,0.9235350473031239,False
market_plus_player_form,lineup_continuity,2,add,rating_lineup_top3_mean_5,9,0.9235586795569017,False
market_plus_player_form,lineup_continuity,2,add,adjusted_defensive_actions_lineup_mean_std_5,9,0.9235608175953947,False
market_plus_player_form,lineup_continuity,2,add,adjusted_key_passes_lineup_mean_5,9,0.9235623285656065,False
market_plus_player_form,lineup_continuity,2,add,gk_count,9,0.9235675038784696,False
market_plus_player_form,lineup_continuity,2,add,adjusted_key_passes_lineup_std_across_starters_5,9,0.9235786178765248,False
market_plus_player_form,lineup_continuity,2,add,adjusted_defensive_actions_lineup_mean_ewm,9,0.9235893799821513,False
market_plus_player_form,lineup_continuity,2,add,defensive_actions_per90_lineup_mean_1,9,0.9235978597765588,False
market_plus_player_form,lineup_continuity,2,add,adjusted_defensive_actions_lineup_mean_1,9,0.9236093815333574,False
market_plus_player_form,lineup_continuity,2,add,mid_count,9,0.9236127644666408,False
market_plus_player_form,lineup_continuity,2,add,gk_rating_mean_5,9,0.9236274197212571,False
market_plus_player_form,lineup_continuity,2,add,shots_per90_lineup_mean_trend_1_5,9,0.923632272995456,False
market_plus_player_form,lineup_continuity,2,add,adjusted_key_passes_lineup_mean_trend_1_5,9,0.923645460190091,False
market_plus_player_form,lineup_continuity,2,add,adjusted_rating_lineup_std_across_starters_5,9,0.9236496536378305,False
market_plus_player_form,lineup_continuity,2,add,adjusted_shots_lineup_mean_ewm,9,0.9236659928507268,False
market_plus_player_form,lineup_continuity,2,add,mid_rating_mean_5,9,0.9236670223215196,False
market_plus_player_form,lineup_continuity,2,add,key_passes_per90_lineup_mean_trend_1_5,9,0.9236672168327438,False
market_plus_player_form,lineup_continuity,2,remove,retained_starters,7,0.9236705794158399,False
market_plus_player_form,lineup_continuity,2,add,defence_goal_rate_ewm,9,0.9236789599594537,False
market_plus_player_form,lineup_continuity,2,add,adjusted_defensive_actions_lineup_mean_3,9,0.9236911795474897,False
market_plus_player_form,lineup_continuity,2,add,adjusted_rating_lineup_mean_std_5,9,0.9236949169074538,False
market_plus_player_form,lineup_continuity,2,add,adjusted_shots_lineup_mean_trend_1_5,9,0.9237003522783246,False
market_plus_player_form,lineup_continuity,2,add,adjusted_defensive_actions_lineup_mean_trend_1_5,9,0.9237066101279827,False
market_plus_player_form,lineup_continuity,2,add,defensive_actions_per90_lineup_mean_trend_1_5,9,0.9237082415065173,False
market_plus_player_form,lineup_continuity,2,add,adjusted_rating_lineup_mean_trend_1_5,9,0.9237168437954251,False
market_plus_player_form,lineup_continuity,2,add,adjusted_rating_lineup_mean_1,9,0.9237245003487258,False
market_plus_player_form,lineup_continuity,2,add,rating_lineup_std_across_starters_5,9,0.9237246468590928,False
market_plus_player_form,lineup_continuity,2,add,rating_lineup_min_5,9,0.9237306596994537,False
market_plus_player_form,lineup_continuity,2,add,shots_per90_lineup_mean_ewm,9,0.9237324927670211,False
market_plus_player_form,lineup_continuity,2,add,rating_mean_5,9,0.9237505031267041,False
market_plus_player_form,lineup_continuity,2,add,fwd_rating_mean_5,9,0.9237638259404432,False
market_plus_player_form,lineup_continuity,2,add,rating_lineup_mean_ewm,9,0.9237850296758923,False
market_plus_player_form,lineup_continuity,2,add,rating_lineup_mean_std_5,9,0.9237870011906215,False
market_plus_player_form,lineup_continuity,2,add,defensive_actions_per90_lineup_mean_ewm,9,0.9237987714124775,False
market_plus_player_form,lineup_continuity,2,add,shots_per90_lineup_mean_3,9,0.9238319495596741,False
market_plus_player_form,lineup_continuity,2,add,adjusted_shots_lineup_std_across_starters_5,9,0.9238346481221202,False
market_plus_player_form,lineup_continuity,2,add,rating_lineup_mean_3,9,0.9238376856276369,False
market_plus_player_form,lineup_continuity,2,add,adjusted_shots_lineup_mean_std_5,9,0.9238535762639946,False
market_plus_player_form,lineup_continuity,2,add,rating_lineup_mean_1,9,0.9238890362599146,False
market_plus_player_form,lineup_continuity,2,add,adjusted_rating_lineup_mean_3,9,0.9238948197994042,False
market_plus_player_form,lineup_continuity,2,add,adjusted_shots_lineup_mean_3,9,0.9238981423355123,False
market_plus_player_form,lineup_continuity,2,add,def_adjusted_defensive_actions_5,9,0.9239378401302247,False
market_plus_player_form,lineup_continuity,2,add,starters_without_history,9,0.9240259830678299,False
market_plus_player_form,lineup_continuity,2,add,shots_per90_sum_5,9,0.9240617352570895,False
market_plus_player_form,lineup_continuity,2,add,fwd_adjusted_shots_5,9,0.9240800728513654,False
market_plus_player_form,lineup_continuity,2,add,elo_rating,9,0.9240898209608495,False
market_plus_player_form,lineup_continuity,2,add,opponent_elo_rating,9,0.9240898209608495,False
market_plus_player_form,lineup_continuity,2,add,elo_difference,9,0.9240898209608637,False
market_plus_player_form,lineup_continuity,2,add,adjusted_shots_lineup_mean_5,9,0.9240917773751886,False
market_plus_player_form,lineup_continuity,2,add,gk_saves_per90_5,9,0.9241111711372404,False
market_plus_player_form,lineup_continuity,2,remove,expected_goals_strength,7,0.9241552382808311,False
market_plus_player_form,lineup_continuity,2,add,attack_goal_rate_ewm,9,0.9242028670970984,False
market_plus_player_form,lineup_continuity,2,add,elo_expected_result,9,0.9242090240606339,False
market_plus_player_form,lineup_continuity,2,add,fwd_count,9,0.9242763454681127,False
market_plus_player_form,lineup_continuity,2,add,adjusted_defensive_actions_lineup_std_across_starters_5,9,0.924350250939104,False
market_plus_player_form,lineup_continuity,2,add,adjusted_rating_lineup_mean_5,9,0.9244264711346468,False
market_plus_player_form,lineup_continuity,2,add,def_rating_mean_5,9,0.9245006983603088,False
market_plus_player_form,lineup_continuity,2,add,adjusted_rating_lineup_mean_ewm,9,0.9245251112050463,False
market_plus_player_form,lineup_continuity,2,add,def_count,9,0.924533378623326,False
market_plus_player_form,lineup_continuity,2,add,prior_team_matches,9,0.9246540240852501,False
market_plus_player_form,lineup_continuity,2,add,recent_minutes_sum_5,9,0.9246708153437311,False
market_plus_player_form,lineup_continuity,2,add,starters_without_full_window,9,0.9249984423343327,False
market_plus_player_form,lineup_continuity,3,remove,mean_pairwise_prior_starts,8,0.9224825436288321,True
market_plus_player_form,lineup_continuity,3,remove,mean_pairwise_prior_minutes,8,0.9224965429787064,False
market_plus_player_form,lineup_continuity,3,remove,missing_regular_starters,8,0.9225981356792481,False
market_plus_player_form,lineup_continuity,3,remove,new_player_pairs,8,0.9226264724525887,False
market_plus_player_form,lineup_continuity,3,add,adjusted_key_passes_lineup_mean_ewm,10,0.9226275532725561,False
market_plus_player_form,lineup_continuity,3,add,key_passes_per90_lineup_mean_ewm,10,0.9226292569699673,False
market_plus_player_form,lineup_continuity,3,add,key_passes_per90_lineup_mean_3,10,0.9226919266238911,False
market_plus_player_form,lineup_continuity,3,add,adjusted_key_passes_lineup_mean_3,10,0.9227225131567909,False
market_plus_player_form,lineup_continuity,3,add,mid_adjusted_key_passes_5,10,0.9227265903302853,False
market_plus_player_form,lineup_continuity,3,add,adjusted_key_passes_lineup_mean_1,10,0.9227424019582734,False
market_plus_player_form,lineup_continuity,3,remove,replacement_quality,8,0.9228058827386707,False
market_plus_player_form,lineup_continuity,3,add,key_passes_per90_sum_5,10,0.9228110852556022,False
market_plus_player_form,lineup_continuity,3,add,adjusted_shots_lineup_mean_1,10,0.9228139203749626,False
market_plus_player_form,lineup_continuity,3,add,key_passes_per90_lineup_mean_1,10,0.9228431141385736,False
market_plus_player_form,lineup_continuity,3,add,adjusted_key_passes_lineup_mean_std_5,10,0.9228749910689953,False
market_plus_player_form,lineup_continuity,3,add,adjusted_key_passes_lineup_mean_5,10,0.9228792280190314,False
market_plus_player_form,lineup_continuity,3,add,rating_lineup_mean_trend_1_5,10,0.9228857846249299,False
market_plus_player_form,lineup_continuity,3,add,shots_per90_lineup_mean_1,10,0.9228954531329926,False
market_plus_player_form,lineup_continuity,3,add,rating_lineup_max_5,10,0.9228960789981648,False
market_plus_player_form,lineup_continuity,3,add,defensive_actions_per90_lineup_mean_3,10,0.9229011687972397,False
market_plus_player_form,lineup_continuity,3,remove,new_starters,8,0.9229727089831913,False
market_plus_player_form,lineup_continuity,3,add,adjusted_key_passes_lineup_std_across_starters_5,10,0.9229915080605311,False
market_plus_player_form,lineup_continuity,3,add,gk_count,10,0.9229918448904539,False
market_plus_player_form,lineup_continuity,3,add,rating_lineup_top3_mean_5,10,0.9229926072317448,False
market_plus_player_form,lineup_continuity,3,add,mid_count,10,0.9230082587774131,False
market_plus_player_form,lineup_continuity,3,add,adjusted_defensive_actions_lineup_mean_3,10,0.9230435220145107,False
market_plus_player_form,lineup_continuity,3,add,shots_per90_lineup_mean_trend_1_5,10,0.9230481835007494,False
market_plus_player_form,lineup_continuity,3,add,gk_rating_mean_5,10,0.9230534490815295,False
market_plus_player_form,lineup_continuity,3,add,adjusted_key_passes_lineup_mean_trend_1_5,10,0.9230837863657582,False
market_plus_player_form,lineup_continuity,3,add,key_passes_per90_lineup_mean_trend_1_5,10,0.9231012987959165,False
market_plus_player_form,lineup_continuity,3,remove,retained_starters,8,0.9231066833725613,False
market_plus_player_form,lineup_continuity,3,add,adjusted_shots_lineup_mean_ewm,10,0.9231087441403123,False
market_plus_player_form,lineup_continuity,3,add,mid_rating_mean_5,10,0.9231110900135823,False
market_plus_player_form,lineup_continuity,3,add,adjusted_defensive_actions_lineup_mean_1,10,0.9231171076472611,False
market_plus_player_form,lineup_continuity,3,add,adjusted_rating_lineup_std_across_starters_5,10,0.9231226947391289,False
market_plus_player_form,lineup_continuity,3,add,adjusted_shots_lineup_mean_trend_1_5,10,0.9231249588214009,False
market_plus_player_form,lineup_continuity,3,add,defence_goal_rate_ewm,10,0.9231261129957711,False
market_plus_player_form,lineup_continuity,3,add,adjusted_defensive_actions_lineup_mean_trend_1_5,10,0.9231270599711863,False
market_plus_player_form,lineup_continuity,3,add,rating_lineup_std_across_starters_5,10,0.9231277722111462,False
market_plus_player_form,lineup_continuity,3,add,defensive_actions_per90_lineup_mean_trend_1_5,10,0.9231362435468451,False
market_plus_player_form,lineup_continuity,3,add,adjusted_rating_lineup_mean_trend_1_5,10,0.923136683506652,False
market_plus_player_form,lineup_continuity,3,add,adjusted_rating_lineup_mean_1,10,0.9231439042783272,False
market_plus_player_form,lineup_continuity,3,add,defensive_actions_per90_lineup_mean_1,10,0.9231502988354199,False
market_plus_player_form,lineup_continuity,3,add,rating_mean_5,10,0.9231604941239507,False
market_plus_player_form,lineup_continuity,3,add,adjusted_rating_lineup_mean_std_5,10,0.9231625600982762,False
market_plus_player_form,lineup_continuity,3,add,fwd_rating_mean_5,10,0.9231689828665,False
market_plus_player_form,lineup_continuity,3,add,rating_lineup_min_5,10,0.9231710436855436,False
market_plus_player_form,lineup_continuity,3,add,shots_per90_lineup_mean_ewm,10,0.9231853364686058,False
market_plus_player_form,lineup_continuity,3,add,rating_lineup_mean_ewm,10,0.9232076470445139,False
market_plus_player_form,lineup_continuity,3,add,rating_lineup_mean_std_5,10,0.9232290403313457,False
market_plus_player_form,lineup_continuity,3,add,adjusted_defensive_actions_lineup_mean_std_5,10,0.9232318380474909,False
market_plus_player_form,lineup_continuity,3,add,rating_lineup_mean_3,10,0.9232551037117873,False
market_plus_player_form,lineup_continuity,3,add,shots_per90_lineup_mean_3,10,0.9232775024569264,False
market_plus_player_form,lineup_continuity,3,add,rating_lineup_mean_1,10,0.9232921256972313,False
market_plus_player_form,lineup_continuity,3,add,adjusted_shots_lineup_mean_std_5,10,0.9233177120277064,False
market_plus_player_form,lineup_continuity,3,add,adjusted_rating_lineup_mean_3,10,0.923325587685045,False
market_plus_player_form,lineup_continuity,3,add,adjusted_shots_lineup_mean_3,10,0.9233305992883609,False
market_plus_player_form,lineup_continuity,3,add,adjusted_shots_lineup_std_across_starters_5,10,0.9233464668426175,False
market_plus_player_form,lineup_continuity,3,add,starters_without_history,10,0.9234514195629906,False
market_plus_player_form,lineup_continuity,3,add,shots_per90_sum_5,10,0.9234783774252495,False
market_plus_player_form,lineup_continuity,3,add,elo_difference,10,0.9235178414214114,False
market_plus_player_form,lineup_continuity,3,add,elo_rating,10,0.9235178414214136,False
market_plus_player_form,lineup_continuity,3,add,opponent_elo_rating,10,0.9235178414214136,False
market_plus_player_form,lineup_continuity,3,add,fwd_adjusted_shots_5,10,0.9235181766055501,False
market_plus_player_form,lineup_continuity,3,add,gk_saves_per90_5,10,0.9235302466414032,False
market_plus_player_form,lineup_continuity,3,add,adjusted_shots_lineup_mean_5,10,0.9235354721478768,False
market_plus_player_form,lineup_continuity,3,remove,adjusted_defensive_actions_lineup_mean_5,8,0.9235675038784694,False
market_plus_player_form,lineup_continuity,3,add,defensive_actions_per90_sum_5,10,0.9235846912375234,False
market_plus_player_form,lineup_continuity,3,remove,expected_goals_strength,8,0.9236370865639348,False
market_plus_player_form,lineup_continuity,3,add,adjusted_defensive_actions_lineup_mean_ewm,10,0.9236534966992362,False
market_plus_player_form,lineup_continuity,3,add,attack_goal_rate_ewm,10,0.9236575375297312,False
market_plus_player_form,lineup_continuity,3,add,elo_expected_result,10,0.923662321520347,False
market_plus_player_form,lineup_continuity,3,add,fwd_count,10,0.9237087565797011,False
market_plus_player_form,lineup_continuity,3,add,adjusted_rating_lineup_mean_5,10,0.9238274002768914,False
market_plus_player_form,lineup_continuity,3,add,defensive_actions_per90_lineup_mean_ewm,10,0.92386938778667,False
market_plus_player_form,lineup_continuity,3,add,adjusted_rating_lineup_mean_ewm,10,0.9239057943367175,False
market_plus_player_form,lineup_continuity,3,add,def_rating_mean_5,10,0.923959048107573,False
market_plus_player_form,lineup_continuity,3,add,def_count,10,0.9239640811954084,False
market_plus_player_form,lineup_continuity,3,add,def_adjusted_defensive_actions_5,10,0.9240650311067962,False
market_plus_player_form,lineup_continuity,3,add,recent_minutes_sum_5,10,0.9241033212050002,False
market_plus_player_form,lineup_continuity,3,add,prior_team_matches,10,0.924142521795071,False
market_plus_player_form,lineup_continuity,3,add,adjusted_defensive_actions_lineup_std_across_starters_5,10,0.9243206510464568,False
market_plus_player_form,lineup_continuity,3,add,starters_without_full_window,10,0.924451402266506,False
player_form_lightgbm,legacy_player_form + team_strength,1,add,key_passes_per90_lineup_mean_ewm,16,0.9471834935598809,True
player_form_lightgbm,legacy_player_form + team_strength,1,add,mid_rating_mean_5,16,0.9474121098100589,False
player_form_lightgbm,legacy_player_form + team_strength,1,add,rating_lineup_mean_3,16,0.9475019591083278,False
player_form_lightgbm,legacy_player_form + team_strength,1,add,def_adjusted_defensive_actions_5,16,0.9475437082477429,False
player_form_lightgbm,legacy_player_form + team_strength,1,add,rating_lineup_mean_ewm,16,0.9477358220503085,False
player_form_lightgbm,legacy_player_form + team_strength,1,add,gk_saves_per90_5,16,0.9477694195604192,False
player_form_lightgbm,legacy_player_form + team_strength,1,add,rating_lineup_mean_trend_1_5,16,0.9477712429089181,False
player_form_lightgbm,legacy_player_form + team_strength,1,add,adjusted_defensive_actions_lineup_std_across_starters_5,16,0.9477903364895899,False
player_form_lightgbm,legacy_player_form + team_strength,1,add,adjusted_key_passes_lineup_std_across_starters_5,16,0.9479116115094519,False
player_form_lightgbm,legacy_player_form + team_strength,1,add,key_passes_per90_lineup_mean_1,16,0.947924783463276,False
player_form_lightgbm,legacy_player_form + team_strength,1,remove,defensive_actions_per90_sum_5,14,0.9479256780306785,False
player_form_lightgbm,legacy_player_form + team_strength,1,remove,rating_mean_5,14,0.9479367993282846,False
player_form_lightgbm,legacy_player_form + team_strength,1,add,adjusted_defensive_actions_lineup_mean_3,16,0.9479481003919277,False
player_form_lightgbm,legacy_player_form + team_strength,1,add,rating_lineup_min_5,16,0.947956846276222,False
player_form_lightgbm,legacy_player_form + team_strength,1,add,rating_lineup_max_5,16,0.9479654012010146,False
player_form_lightgbm,legacy_player_form + team_strength,1,remove,expected_goals_strength,14,0.9479944857580733,False
player_form_lightgbm,legacy_player_form + team_strength,1,add,shots_per90_lineup_mean_trend_1_5,16,0.9480094765532445,False
player_form_lightgbm,legacy_player_form + team_strength,1,add,adjusted_defensive_actions_lineup_mean_trend_1_5,16,0.9480316936729657,False
player_form_lightgbm,legacy_player_form + team_strength,1,add,rating_lineup_mean_1,16,0.9480352744431155,False
player_form_lightgbm,legacy_player_form + team_strength,1,add,adjusted_defensive_actions_lineup_mean_1,16,0.9480467615573749,False
player_form_lightgbm,legacy_player_form + team_strength,1,remove,defence_goal_rate_ewm,14,0.9480561865503285,False
player_form_lightgbm,legacy_player_form + team_strength,1,add,new_player_pairs,16,0.9480743760134476,False
player_form_lightgbm,legacy_player_form + team_strength,1,add,missing_regular_starters,16,0.9481328527605831,False
player_form_lightgbm,legacy_player_form + team_strength,1,add,key_passes_per90_lineup_mean_trend_1_5,16,0.9481425603118206,False
player_form_lightgbm,legacy_player_form + team_strength,1,add,adjusted_key_passes_lineup_mean_5,16,0.9481513662135187,False
player_form_lightgbm,legacy_player_form + team_strength,1,remove,shots_per90_sum_5,14,0.9481811780920538,False
player_form_lightgbm,legacy_player_form + team_strength,1,remove,starters_without_full_window,14,0.9482525526124417,False
player_form_lightgbm,legacy_player_form + team_strength,1,add,shots_per90_lineup_mean_1,16,0.9482926941044896,False
player_form_lightgbm,legacy_player_form + team_strength,1,add,adjusted_shots_lineup_mean_trend_1_5,16,0.9483032363416055,False
player_form_lightgbm,legacy_player_form + team_strength,1,add,adjusted_rating_lineup_mean_trend_1_5,16,0.9483225484397897,False
player_form_lightgbm,legacy_player_form + team_strength,1,add,replacement_quality,16,0.9483272575744964,False
player_form_lightgbm,legacy_player_form + team_strength,1,add,rating_lineup_top3_mean_5,16,0.9483506514154323,False
player_form_lightgbm,legacy_player_form + team_strength,1,add,defensive_actions_per90_lineup_mean_1,16,0.9483559326650071,False
player_form_lightgbm,legacy_player_form + team_strength,1,add,adjusted_rating_lineup_std_across_starters_5,16,0.9483624689377256,False
player_form_lightgbm,legacy_player_form + team_strength,1,add,defensive_actions_per90_lineup_mean_ewm,16,0.9483846428688185,False
player_form_lightgbm,legacy_player_form + team_strength,1,remove,opponent_elo_rating,14,0.9484050260056416,False
player_form_lightgbm,legacy_player_form + team_strength,1,add,fwd_adjusted_shots_5,16,0.948428334678828,False
player_form_lightgbm,legacy_player_form + team_strength,1,add,mean_pairwise_prior_starts,16,0.9484304856752929,False
player_form_lightgbm,legacy_player_form + team_strength,1,add,defensive_actions_per90_lineup_mean_trend_1_5,16,0.9484386853079118,False
player_form_lightgbm,legacy_player_form + team_strength,1,add,adjusted_defensive_actions_lineup_mean_ewm,16,0.9484494073575735,False
player_form_lightgbm,legacy_player_form + team_strength,1,remove,recent_minutes_sum_5,14,0.9484642224111839,False
player_form_lightgbm,legacy_player_form + team_strength,1,add,shots_per90_lineup_mean_3,16,0.9484675302491923,False
player_form_lightgbm,legacy_player_form + team_strength,1,add,adjusted_key_passes_lineup_mean_3,16,0.9485087083897341,False
player_form_lightgbm,legacy_player_form + team_strength,1,add,mean_pairwise_prior_minutes,16,0.948512985874447,False
player_form_lightgbm,legacy_player_form + team_strength,1,add,mid_count,16,0.9485364408772511,False
player_form_lightgbm,legacy_player_form + team_strength,1,add,defensive_actions_per90_lineup_mean_3,16,0.9485485554229425,False
player_form_lightgbm,legacy_player_form + team_strength,1,add,new_starters,16,0.9485682796388496,False
player_form_lightgbm,legacy_player_form + team_strength,1,add,rating_lineup_std_across_starters_5,16,0.948573551470942,False
player_form_lightgbm,legacy_player_form + team_strength,1,add,def_count,16,0.9485835137915493,False
player_form_lightgbm,legacy_player_form + team_strength,1,add,shots_per90_lineup_mean_ewm,16,0.9486592142563147,False
player_form_lightgbm,legacy_player_form + team_strength,1,add,adjusted_key_passes_lineup_mean_std_5,16,0.9486612968265811,False
player_form_lightgbm,legacy_player_form + team_strength,1,add,def_rating_mean_5,16,0.9486753840234303,False
player_form_lightgbm,legacy_player_form + team_strength,1,add,adjusted_key_passes_lineup_mean_1,16,0.9486819863986421,False
player_form_lightgbm,legacy_player_form + team_strength,1,add,adjusted_shots_lineup_std_across_starters_5,16,0.948694086408528,False
player_form_lightgbm,legacy_player_form + team_strength,1,add,retained_starters,16,0.9486966431176131,False
player_form_lightgbm,legacy_player_form + team_strength,1,add,key_passes_per90_lineup_mean_3,16,0.9487376153860747,False
player_form_lightgbm,legacy_player_form + team_strength,1,remove,prior_team_matches,14,0.9487441291650323,False
player_form_lightgbm,legacy_player_form + team_strength,1,add,adjusted_shots_lineup_mean_1,16,0.948774489120086,False
player_form_lightgbm,legacy_player_form + team_strength,1,add,fwd_count,16,0.9487800330091156,False
player_form_lightgbm,legacy_player_form + team_strength,1,remove,attack_goal_rate_ewm,14,0.9488034544245909,False
player_form_lightgbm,legacy_player_form + team_strength,1,add,adjusted_key_passes_lineup_mean_trend_1_5,16,0.9488086239342919,False
player_form_lightgbm,legacy_player_form + team_strength,1,add,adjusted_key_passes_lineup_mean_ewm,16,0.9488088830964976,False
player_form_lightgbm,legacy_player_form + team_strength,1,add,adjusted_rating_lineup_mean_1,16,0.9488479832959766,False
player_form_lightgbm,legacy_player_form + team_strength,1,add,adjusted_defensive_actions_lineup_mean_5,16,0.9488494463807897,False
player_form_lightgbm,legacy_player_form + team_strength,1,remove,starters_without_history,14,0.9488550704073543,False
player_form_lightgbm,legacy_player_form + team_strength,1,add,fwd_rating_mean_5,16,0.9488771075520981,False
player_form_lightgbm,legacy_player_form + team_strength,1,add,adjusted_rating_lineup_mean_5,16,0.948879349695299,False
player_form_lightgbm,legacy_player_form + team_strength,1,remove,elo_rating,14,0.9488820124552747,False
player_form_lightgbm,legacy_player_form + team_strength,1,remove,elo_difference,14,0.948893265335951,False
player_form_lightgbm,legacy_player_form + team_strength,1,add,gk_count,16,0.948893265335951,False
player_form_lightgbm,legacy_player_form + team_strength,1,add,adjusted_shots_lineup_mean_ewm,16,0.948898179994307,False
player_form_lightgbm,legacy_player_form + team_strength,1,add,adjusted_rating_lineup_mean_3,16,0.9489352336439265,False
player_form_lightgbm,legacy_player_form + team_strength,1,remove,elo_expected_result,14,0.9489973375506693,False
player_form_lightgbm,legacy_player_form + team_strength,1,add,mid_adjusted_key_passes_5,16,0.9490367905169649,False
player_form_lightgbm,legacy_player_form + team_strength,1,add,rating_lineup_mean_std_5,16,0.9490522843364189,False
player_form_lightgbm,legacy_player_form + team_strength,1,add,adjusted_rating_lineup_mean_std_5,16,0.9490879854247698,False
player_form_lightgbm,legacy_player_form + team_strength,1,add,gk_rating_mean_5,16,0.9491226875598742,False
player_form_lightgbm,legacy_player_form + team_strength,1,add,adjusted_rating_lineup_mean_ewm,16,0.9492424655910704,False
player_form_lightgbm,legacy_player_form + team_strength,1,add,adjusted_shots_lineup_mean_5,16,0.9493489192988644,False
player_form_lightgbm,legacy_player_form + team_strength,1,add,adjusted_shots_lineup_mean_3,16,0.9495614298099514,False
player_form_lightgbm,legacy_player_form + team_strength,1,add,adjusted_defensive_actions_lineup_mean_std_5,16,0.9495697682277782,False
player_form_lightgbm,legacy_player_form + team_strength,1,add,adjusted_shots_lineup_mean_std_5,16,0.9498261055622559,False
player_form_lightgbm,legacy_player_form + team_strength,1,remove,key_passes_per90_sum_5,14,0.9519556090352677,False
player_form_lightgbm,legacy_player_form + team_strength,2,add,adjusted_defensive_actions_lineup_mean_1,17,0.9460165751401481,True
player_form_lightgbm,legacy_player_form + team_strength,2,add,def_adjusted_defensive_actions_5,17,0.9461053288644287,False
player_form_lightgbm,legacy_player_form + team_strength,2,add,rating_lineup_mean_trend_1_5,17,0.9461112165360259,False
player_form_lightgbm,legacy_player_form + team_strength,2,add,adjusted_defensive_actions_lineup_mean_trend_1_5,17,0.9462022744470272,False
player_form_lightgbm,legacy_player_form + team_strength,2,remove,defence_goal_rate_ewm,15,0.946275501705746,False
player_form_lightgbm,legacy_player_form + team_strength,2,remove,expected_goals_strength,15,0.9462764157517357,False
player_form_lightgbm,legacy_player_form + team_strength,2,add,adjusted_key_passes_lineup_std_across_starters_5,17,0.9462977543429605,False
player_form_lightgbm,legacy_player_form + team_strength,2,add,rating_lineup_mean_3,17,0.9463526497566666,False
player_form_lightgbm,legacy_player_form + team_strength,2,add,adjusted_rating_lineup_std_across_starters_5,17,0.9464705755809523,False
player_form_lightgbm,legacy_player_form + team_strength,2,add,mid_rating_mean_5,17,0.9464715940743871,False
player_form_lightgbm,legacy_player_form + team_strength,2,add,gk_saves_per90_5,17,0.9465882173254747,False
player_form_lightgbm,legacy_player_form + team_strength,2,add,rating_lineup_mean_1,17,0.946589819567278,False
player_form_lightgbm,legacy_player_form + team_strength,2,add,adjusted_defensive_actions_lineup_std_across_starters_5,17,0.9466711342063777,False
player_form_lightgbm,legacy_player_form + team_strength,2,add,new_player_pairs,17,0.9466860021829306,False
player_form_lightgbm,legacy_player_form + team_strength,2,add,rating_lineup_max_5,17,0.9467137606199563,False
player_form_lightgbm,legacy_player_form + team_strength,2,add,mean_pairwise_prior_starts,17,0.9467368177770288,False
player_form_lightgbm,legacy_player_form + team_strength,2,add,rating_lineup_top3_mean_5,17,0.9467441996425844,False
player_form_lightgbm,legacy_player_form + team_strength,2,add,shots_per90_lineup_mean_trend_1_5,17,0.9467581473025116,False
player_form_lightgbm,legacy_player_form + team_strength,2,add,rating_lineup_mean_ewm,17,0.9467751000837774,False
player_form_lightgbm,legacy_player_form + team_strength,2,add,retained_starters,17,0.9468336871728147,False
player_form_lightgbm,legacy_player_form + team_strength,2,remove,opponent_elo_rating,15,0.9468486866196685,False
player_form_lightgbm,legacy_player_form + team_strength,2,add,adjusted_rating_lineup_mean_trend_1_5,17,0.9468491089026503,False
player_form_lightgbm,legacy_player_form + team_strength,2,add,def_count,17,0.9468527852766296,False
player_form_lightgbm,legacy_player_form + team_strength,2,add,fwd_adjusted_shots_5,17,0.9468545576698686,False
player_form_lightgbm,legacy_player_form + team_strength,2,add,shots_per90_lineup_mean_1,17,0.9468611273228322,False
player_form_lightgbm,legacy_player_form + team_strength,2,add,adjusted_defensive_actions_lineup_mean_ewm,17,0.9468671515550703,False
player_form_lightgbm,legacy_player_form + team_strength,2,remove,recent_minutes_sum_5,15,0.9468771131618079,False
player_form_lightgbm,legacy_player_form + team_strength,2,remove,rating_mean_5,15,0.9468801150968411,False
player_form_lightgbm,legacy_player_form + team_strength,2,add,defensive_actions_per90_lineup_mean_trend_1_5,17,0.9469659308509712,False
player_form_lightgbm,legacy_player_form + team_strength,2,add,adjusted_rating_lineup_mean_1,17,0.9469731820640173,False
player_form_lightgbm,legacy_player_form + team_strength,2,add,adjusted_key_passes_lineup_mean_std_5,17,0.9469796086916544,False
player_form_lightgbm,legacy_player_form + team_strength,2,add,rating_lineup_min_5,17,0.9469981096015267,False
player_form_lightgbm,legacy_player_form + team_strength,2,add,mean_pairwise_prior_minutes,17,0.947016547077957,False
player_form_lightgbm,legacy_player_form + team_strength,2,add,shots_per90_lineup_mean_3,17,0.9470173589829984,False
player_form_lightgbm,legacy_player_form + team_strength,2,add,new_starters,17,0.9470307062125868,False
player_form_lightgbm,legacy_player_form + team_strength,2,add,defensive_actions_per90_lineup_mean_1,17,0.9470368638829259,False
player_form_lightgbm,legacy_player_form + team_strength,2,add,fwd_count,17,0.9470611447139617,False
player_form_lightgbm,legacy_player_form + team_strength,2,add,defensive_actions_per90_lineup_mean_ewm,17,0.9470762206536947,False
player_form_lightgbm,legacy_player_form + team_strength,2,add,key_passes_per90_lineup_mean_1,17,0.9470911124710231,False
player_form_lightgbm,legacy_player_form + team_strength,2,add,missing_regular_starters,17,0.9471195959459847,False
player_form_lightgbm,legacy_player_form + team_strength,2,add,replacement_quality,17,0.9471725912644933,False
player_form_lightgbm,legacy_player_form + team_strength,2,remove,elo_rating,15,0.9471773579477731,False
player_form_lightgbm,legacy_player_form + team_strength,2,remove,elo_difference,15,0.9471834935598809,False
player_form_lightgbm,legacy_player_form + team_strength,2,add,gk_count,17,0.9471834935598809,False
player_form_lightgbm,legacy_player_form + team_strength,2,remove,starters_without_history,15,0.9472214053200143,False
player_form_lightgbm,legacy_player_form + team_strength,2,add,key_passes_per90_lineup_mean_3,17,0.947227892032853,False
player_form_lightgbm,legacy_player_form + team_strength,2,add,defensive_actions_per90_lineup_mean_3,17,0.9472353443779906,False
player_form_lightgbm,legacy_player_form + team_strength,2,add,mid_count,17,0.9472572803653356,False
player_form_lightgbm,legacy_player_form + team_strength,2,add,def_rating_mean_5,17,0.9472622640487498,False
player_form_lightgbm,legacy_player_form + team_strength,2,add,adjusted_key_passes_lineup_mean_1,17,0.9472699104141511,False
player_form_lightgbm,legacy_player_form + team_strength,2,remove,shots_per90_sum_5,15,0.9472971337332148,False
player_form_lightgbm,legacy_player_form + team_strength,2,remove,starters_without_full_window,15,0.9473019097475288,False
player_form_lightgbm,legacy_player_form + team_strength,2,add,adjusted_defensive_actions_lineup_mean_3,17,0.9473222560230222,False
player_form_lightgbm,legacy_player_form + team_strength,2,add,adjusted_shots_lineup_std_across_starters_5,17,0.9473332687299186,False
player_form_lightgbm,legacy_player_form + team_strength,2,add,key_passes_per90_lineup_mean_trend_1_5,17,0.9473337722317692,False
player_form_lightgbm,legacy_player_form + team_strength,2,add,rating_lineup_std_across_starters_5,17,0.9473651562505314,False
player_form_lightgbm,legacy_player_form + team_strength,2,add,fwd_rating_mean_5,17,0.947421724631389,False
player_form_lightgbm,legacy_player_form + team_strength,2,add,adjusted_key_passes_lineup_mean_3,17,0.9474303417640436,False
player_form_lightgbm,legacy_player_form + team_strength,2,remove,elo_expected_result,15,0.9474400178960672,False
player_form_lightgbm,legacy_player_form + team_strength,2,add,rating_lineup_mean_std_5,17,0.9474749180740096,False
player_form_lightgbm,legacy_player_form + team_strength,2,add,adjusted_shots_lineup_mean_1,17,0.9475045885645363,False
player_form_lightgbm,legacy_player_form + team_strength,2,remove,defensive_actions_per90_sum_5,15,0.9475051382613002,False
player_form_lightgbm,legacy_player_form + team_strength,2,add,gk_rating_mean_5,17,0.9475194029014269,False
player_form_lightgbm,legacy_player_form + team_strength,2,add,adjusted_rating_lineup_mean_5,17,0.9475404534016352,False
player_form_lightgbm,legacy_player_form + team_strength,2,add,adjusted_shots_lineup_mean_trend_1_5,17,0.9475470245783217,False
player_form_lightgbm,legacy_player_form + team_strength,2,remove,prior_team_matches,15,0.9475717936170289,False
player_form_lightgbm,legacy_player_form + team_strength,2,add,adjusted_key_passes_lineup_mean_ewm,17,0.9475803688907618,False
player_form_lightgbm,legacy_player_form + team_strength,2,add,adjusted_rating_lineup_mean_3,17,0.947634488848139,False
player_form_lightgbm,legacy_player_form + team_strength,2,add,adjusted_defensive_actions_lineup_mean_5,17,0.9476516784305844,False
player_form_lightgbm,legacy_player_form + team_strength,2,add,adjusted_key_passes_lineup_mean_trend_1_5,17,0.9476618180729891,False
player_form_lightgbm,legacy_player_form + team_strength,2,add,adjusted_key_passes_lineup_mean_5,17,0.9476878143726997,False
player_form_lightgbm,legacy_player_form + team_strength,2,add,adjusted_rating_lineup_mean_ewm,17,0.9477133188590399,False
player_form_lightgbm,legacy_player_form + team_strength,2,remove,key_passes_per90_sum_5,15,0.9477344115023139,False
player_form_lightgbm,legacy_player_form + team_strength,2,add,adjusted_rating_lineup_mean_std_5,17,0.9477362828845461,False
player_form_lightgbm,legacy_player_form + team_strength,2,remove,attack_goal_rate_ewm,15,0.947770207042259,False
player_form_lightgbm,legacy_player_form + team_strength,2,add,shots_per90_lineup_mean_ewm,17,0.947781866761143,False
player_form_lightgbm,legacy_player_form + team_strength,2,add,adjusted_shots_lineup_mean_std_5,17,0.948017963671663,False
player_form_lightgbm,legacy_player_form + team_strength,2,add,adjusted_shots_lineup_mean_5,17,0.9481331678559161,False
player_form_lightgbm,legacy_player_form + team_strength,2,add,adjusted_defensive_actions_lineup_mean_std_5,17,0.9481731653569946,False
player_form_lightgbm,legacy_player_form + team_strength,2,add,mid_adjusted_key_passes_5,17,0.948179274968451,False
player_form_lightgbm,legacy_player_form + team_strength,2,add,adjusted_shots_lineup_mean_ewm,17,0.9486115188401936,False
player_form_lightgbm,legacy_player_form + team_strength,2,add,adjusted_shots_lineup_mean_3,17,0.9487788990562052,False
player_form_lightgbm,legacy_player_form + team_strength,2,remove,key_passes_per90_lineup_mean_ewm,15,0.948893265335951,False
player_form_lightgbm,legacy_player_form + team_strength,3,add,rating_lineup_mean_3,18,0.9449686402071291,True
player_form_lightgbm,legacy_player_form + team_strength,3,add,adjusted_rating_lineup_std_across_starters_5,18,0.9452228191386607,False
player_form_lightgbm,legacy_player_form + team_strength,3,add,gk_saves_per90_5,18,0.9452921082800196,False
player_form_lightgbm,legacy_player_form + team_strength,3,add,def_adjusted_defensive_actions_5,18,0.9452960189901436,False
player_form_lightgbm,legacy_player_form + team_strength,3,remove,rating_mean_5,16,0.9456484009902483,False
player_form_lightgbm,legacy_player_form + team_strength,3,add,new_player_pairs,18,0.9456884064694056,False
player_form_lightgbm,legacy_player_form + team_strength,3,add,rating_lineup_top3_mean_5,18,0.9456887565071282,False
player_form_lightgbm,legacy_player_form + team_strength,3,remove,recent_minutes_sum_5,16,0.9457972884957951,False
player_form_lightgbm,legacy_player_form + team_strength,3,remove,opponent_elo_rating,16,0.9458061901396585,False
player_form_lightgbm,legacy_player_form + team_strength,3,add,rating_lineup_std_across_starters_5,18,0.9458179039459966,False
player_form_lightgbm,legacy_player_form + team_strength,3,add,key_passes_per90_lineup_mean_1,18,0.9458200645397463,False
player_form_lightgbm,legacy_player_form + team_strength,3,add,missing_regular_starters,18,0.9458430977932304,False
player_form_lightgbm,legacy_player_form + team_strength,3,remove,expected_goals_strength,16,0.9458724434694197,False
player_form_lightgbm,legacy_player_form + team_strength,3,add,rating_lineup_min_5,18,0.9458778154067249,False
player_form_lightgbm,legacy_player_form + team_strength,3,add,mean_pairwise_prior_starts,18,0.9459156446997377,False
player_form_lightgbm,legacy_player_form + team_strength,3,remove,defensive_actions_per90_sum_5,16,0.9459234339872662,False
player_form_lightgbm,legacy_player_form + team_strength,3,add,retained_starters,18,0.945933623666439,False
player_form_lightgbm,legacy_player_form + team_strength,3,remove,defence_goal_rate_ewm,16,0.9459352732222277,False
player_form_lightgbm,legacy_player_form + team_strength,3,add,rating_lineup_mean_ewm,18,0.9459399001907183,False
player_form_lightgbm,legacy_player_form + team_strength,3,add,mid_count,18,0.9459671882511469,False
player_form_lightgbm,legacy_player_form + team_strength,3,add,rating_lineup_mean_trend_1_5,18,0.9459688862390813,False
player_form_lightgbm,legacy_player_form + team_strength,3,add,mean_pairwise_prior_minutes,18,0.9459951802813544,False
player_form_lightgbm,legacy_player_form + team_strength,3,remove,elo_difference,16,0.9460165751401481,False
player_form_lightgbm,legacy_player_form + team_strength,3,add,gk_count,18,0.9460165751401481,False
player_form_lightgbm,legacy_player_form + team_strength,3,remove,elo_rating,16,0.9460193339339549,False
player_form_lightgbm,legacy_player_form + team_strength,3,add,adjusted_defensive_actions_lineup_std_across_starters_5,18,0.9460771834965349,False
player_form_lightgbm,legacy_player_form + team_strength,3,add,adjusted_defensive_actions_lineup_mean_3,18,0.946084636433929,False
player_form_lightgbm,legacy_player_form + team_strength,3,remove,starters_without_history,16,0.9460866636061473,False
player_form_lightgbm,legacy_player_form + team_strength,3,add,shots_per90_lineup_mean_1,18,0.9461283125961917,False
player_form_lightgbm,legacy_player_form + team_strength,3,remove,elo_expected_result,16,0.9461457170456167,False
player_form_lightgbm,legacy_player_form + team_strength,3,add,fwd_count,18,0.9461517919077163,False
player_form_lightgbm,legacy_player_form + team_strength,3,add,def_rating_mean_5,18,0.9461559081511737,False
player_form_lightgbm,legacy_player_form + team_strength,3,add,adjusted_rating_lineup_mean_trend_1_5,18,0.9461562182433851,False
player_form_lightgbm,legacy_player_form + team_strength,3,add,adjusted_defensive_actions_lineup_mean_trend_1_5,18,0.9461681054283236,False
player_form_lightgbm,legacy_player_form + team_strength,3,add,defensive_actions_per90_lineup_mean_ewm,18,0.9461999202027476,False
player_form_lightgbm,legacy_player_form + team_strength,3,add,adjusted_key_passes_lineup_mean_std_5,18,0.946242769601115,False
player_form_lightgbm,legacy_player_form + team_strength,3,add,gk_rating_mean_5,18,0.9462470348612135,False
player_form_lightgbm,legacy_player_form + team_strength,3,add,adjusted_shots_lineup_mean_1,18,0.9462677246055436,False
player_form_lightgbm,legacy_player_form + team_strength,3,remove,starters_without_full_window,16,0.946275288544326,False
player_form_lightgbm,legacy_player_form + team_strength,3,add,defensive_actions_per90_lineup_mean_trend_1_5,18,0.9462832353214338,False
player_form_lightgbm,legacy_player_form + team_strength,3,add,rating_lineup_mean_1,18,0.9462852714514504,False
player_form_lightgbm,legacy_player_form + team_strength,3,add,adjusted_key_passes_lineup_mean_3,18,0.9463001418962507,False
player_form_lightgbm,legacy_player_form + team_strength,3,add,adjusted_defensive_actions_lineup_mean_ewm,18,0.9463007288130265,False
player_form_lightgbm,legacy_player_form + team_strength,3,add,new_starters,18,0.9463186986101059,False
player_form_lightgbm,legacy_player_form + team_strength,3,add,mid_rating_mean_5,18,0.9463331320963165,False
player_form_lightgbm,legacy_player_form + team_strength,3,add,def_count,18,0.9464030752347481,False
player_form_lightgbm,legacy_player_form + team_strength,3,add,adjusted_rating_lineup_mean_1,18,0.946424830852324,False
player_form_lightgbm,legacy_player_form + team_strength,3,add,adjusted_key_passes_lineup_std_across_starters_5,18,0.9464676727162944,False
player_form_lightgbm,legacy_player_form + team_strength,3,add,shots_per90_lineup_mean_trend_1_5,18,0.9464724106207316,False
player_form_lightgbm,legacy_player_form + team_strength,3,add,rating_lineup_max_5,18,0.9465018510671475,False
player_form_lightgbm,legacy_player_form + team_strength,3,add,defensive_actions_per90_lineup_mean_3,18,0.9465166899500264,False
player_form_lightgbm,legacy_player_form + team_strength,3,remove,prior_team_matches,16,0.9465412862669396,False
player_form_lightgbm,legacy_player_form + team_strength,3,add,defensive_actions_per90_lineup_mean_1,18,0.9465452842662774,False
player_form_lightgbm,legacy_player_form + team_strength,3,add,adjusted_key_passes_lineup_mean_1,18,0.9465559812160964,False
player_form_lightgbm,legacy_player_form + team_strength,3,add,replacement_quality,18,0.9465626711734569,False
player_form_lightgbm,legacy_player_form + team_strength,3,add,adjusted_defensive_actions_lineup_mean_5,18,0.9465904550761013,False
player_form_lightgbm,legacy_player_form + team_strength,3,add,adjusted_shots_lineup_mean_trend_1_5,18,0.9466222732888818,False
player_form_lightgbm,legacy_player_form + team_strength,3,add,adjusted_shots_lineup_std_across_starters_5,18,0.9467072651356203,False
player_form_lightgbm,legacy_player_form + team_strength,3,add,fwd_adjusted_shots_5,18,0.9467218412535701,False
player_form_lightgbm,legacy_player_form + team_strength,3,add,key_passes_per90_lineup_mean_trend_1_5,18,0.9467249102677623,False
player_form_lightgbm,legacy_player_form + team_strength,3,add,key_passes_per90_lineup_mean_3,18,0.9467394168512923,False
player_form_lightgbm,legacy_player_form + team_strength,3,add,shots_per90_lineup_mean_3,18,0.9467738532622467,False
player_form_lightgbm,legacy_player_form + team_strength,3,add,adjusted_rating_lineup_mean_ewm,18,0.9467784784429176,False
player_form_lightgbm,legacy_player_form + team_strength,3,add,adjusted_rating_lineup_mean_5,18,0.9467939050184176,False
player_form_lightgbm,legacy_player_form + team_strength,3,add,adjusted_key_passes_lineup_mean_ewm,18,0.9467963666617989,False
player_form_lightgbm,legacy_player_form + team_strength,3,add,adjusted_rating_lineup_mean_3,18,0.9468213496240041,False
player_form_lightgbm,legacy_player_form + team_strength,3,add,rating_lineup_mean_std_5,18,0.946840657297607,False
player_form_lightgbm,legacy_player_form + team_strength,3,add,fwd_rating_mean_5,18,0.9468411000964256,False
player_form_lightgbm,legacy_player_form + team_strength,3,add,shots_per90_lineup_mean_ewm,18,0.9468879575700581,False
player_form_lightgbm,legacy_player_form + team_strength,3,add,mid_adjusted_key_passes_5,18,0.9470536800437408,False
player_form_lightgbm,legacy_player_form + team_strength,3,add,adjusted_shots_lineup_mean_std_5,18,0.9470663063743874,False
player_form_lightgbm,legacy_player_form + team_strength,3,add,adjusted_rating_lineup_mean_std_5,18,0.9471055147094463,False
player_form_lightgbm,legacy_player_form + team_strength,3,remove,shots_per90_sum_5,16,0.9471229209769924,False
player_form_lightgbm,legacy_player_form + team_strength,3,add,adjusted_shots_lineup_mean_5,18,0.9471668264505846,False
player_form_lightgbm,legacy_player_form + team_strength,3,remove,adjusted_defensive_actions_lineup_mean_1,16,0.9471834935598809,False
player_form_lightgbm,legacy_player_form + team_strength,3,add,adjusted_key_passes_lineup_mean_5,18,0.9472544055717158,False
player_form_lightgbm,legacy_player_form + team_strength,3,add,adjusted_key_passes_lineup_mean_trend_1_5,18,0.9472642452293062,False
player_form_lightgbm,legacy_player_form + team_strength,3,remove,key_passes_per90_sum_5,16,0.9472885563644785,False
player_form_lightgbm,legacy_player_form + team_strength,3,add,adjusted_shots_lineup_mean_ewm,18,0.9474761435930044,False
player_form_lightgbm,legacy_player_form + team_strength,3,remove,attack_goal_rate_ewm,16,0.9476316250204517,False
player_form_lightgbm,legacy_player_form + team_strength,3,add,adjusted_defensive_actions_lineup_mean_std_5,18,0.9477598513956386,False
player_form_lightgbm,legacy_player_form + team_strength,3,remove,key_passes_per90_lineup_mean_ewm,16,0.9480467615573749,False
player_form_lightgbm,legacy_player_form + team_strength,3,add,adjusted_shots_lineup_mean_3,18,0.948192790785487,False
expanded_player_form_lightgbm,team_strength,1,add,key_passes_per90_sum_5,9,0.9415660955272607,True
expanded_player_form_lightgbm,team_strength,1,add,key_passes_per90_lineup_mean_ewm,9,0.9427910096154334,False
expanded_player_form_lightgbm,team_strength,1,add,adjusted_key_passes_lineup_mean_5,9,0.943274132320163,False
expanded_player_form_lightgbm,team_strength,1,add,adjusted_key_passes_lineup_mean_1,9,0.9437680768002064,False
expanded_player_form_lightgbm,team_strength,1,add,key_passes_per90_lineup_mean_3,9,0.9438102835695288,False
expanded_player_form_lightgbm,team_strength,1,add,shots_per90_sum_5,9,0.9444200721609551,False
expanded_player_form_lightgbm,team_strength,1,add,adjusted_key_passes_lineup_mean_std_5,9,0.9444897325115116,False
expanded_player_form_lightgbm,team_strength,1,add,adjusted_key_passes_lineup_mean_ewm,9,0.9447340958929419,False
expanded_player_form_lightgbm,team_strength,1,add,adjusted_shots_lineup_mean_5,9,0.9452370902629996,False
expanded_player_form_lightgbm,team_strength,1,add,adjusted_key_passes_lineup_mean_3,9,0.9454552312390059,False
expanded_player_form_lightgbm,team_strength,1,add,shots_per90_lineup_mean_ewm,9,0.9455484020979346,False
expanded_player_form_lightgbm,team_strength,1,add,mid_adjusted_key_passes_5,9,0.9456617556697082,False
expanded_player_form_lightgbm,team_strength,1,add,adjusted_shots_lineup_mean_ewm,9,0.9456649482346405,False
expanded_player_form_lightgbm,team_strength,1,add,adjusted_key_passes_lineup_std_across_starters_5,9,0.9457161945144781,False
expanded_player_form_lightgbm,team_strength,1,add,def_count,9,0.945941062950391,False
expanded_player_form_lightgbm,team_strength,1,add,starters_without_history,9,0.9460071087500086,False
expanded_player_form_lightgbm,team_strength,1,remove,defence_goal_rate_ewm,7,0.946030618511627,False
expanded_player_form_lightgbm,team_strength,1,remove,elo_difference,7,0.9460667300973458,False
expanded_player_form_lightgbm,team_strength,1,remove,elo_rating,7,0.9461279070280193,False
expanded_player_form_lightgbm,team_strength,1,remove,opponent_elo_rating,7,0.9461279070280193,False
expanded_player_form_lightgbm,team_strength,1,add,gk_count,9,0.9461279070280193,False
expanded_player_form_lightgbm,team_strength,1,add,rating_lineup_mean_trend_1_5,9,0.9462432342538184,False
expanded_player_form_lightgbm,team_strength,1,add,fwd_adjusted_shots_5,9,0.9462441414361602,False
expanded_player_form_lightgbm,team_strength,1,add,key_passes_per90_lineup_mean_1,9,0.9462957322110439,False
expanded_player_form_lightgbm,team_strength,1,add,gk_saves_per90_5,9,0.9463009290099913,False
expanded_player_form_lightgbm,team_strength,1,add,mid_count,9,0.9463009676756247,False
expanded_player_form_lightgbm,team_strength,1,add,fwd_count,9,0.9464490646534508,False
expanded_player_form_lightgbm,team_strength,1,add,def_adjusted_defensive_actions_5,9,0.9464509472091509,False
expanded_player_form_lightgbm,team_strength,1,add,adjusted_rating_lineup_mean_trend_1_5,9,0.9464690165649593,False
expanded_player_form_lightgbm,team_strength,1,remove,elo_expected_result,7,0.9465052104229044,False
expanded_player_form_lightgbm,team_strength,1,add,adjusted_shots_lineup_std_across_starters_5,9,0.946572572052844,False
expanded_player_form_lightgbm,team_strength,1,add,def_rating_mean_5,9,0.9466392364180589,False
expanded_player_form_lightgbm,team_strength,1,add,retained_starters,9,0.9466413426680119,False
expanded_player_form_lightgbm,team_strength,1,add,adjusted_defensive_actions_lineup_mean_1,9,0.9467291214275497,False
expanded_player_form_lightgbm,team_strength,1,add,shots_per90_lineup_mean_3,9,0.9468310666600884,False
expanded_player_form_lightgbm,team_strength,1,add,adjusted_defensive_actions_lineup_mean_trend_1_5,9,0.9468489243526516,False
expanded_player_form_lightgbm,team_strength,1,add,missing_regular_starters,9,0.9469849886414872,False
expanded_player_form_lightgbm,team_strength,1,add,new_starters,9,0.9470037578993037,False
expanded_player_form_lightgbm,team_strength,1,add,adjusted_shots_lineup_mean_1,9,0.9470915117388308,False
expanded_player_form_lightgbm,team_strength,1,add,new_player_pairs,9,0.9471338462005167,False
expanded_player_form_lightgbm,team_strength,1,add,defensive_actions_per90_lineup_mean_1,9,0.9471568330335236,False
expanded_player_form_lightgbm,team_strength,1,remove,expected_goals_strength,7,0.9471719732659076,False
expanded_player_form_lightgbm,team_strength,1,add,fwd_rating_mean_5,9,0.9472345391661363,False
expanded_player_form_lightgbm,team_strength,1,add,adjusted_defensive_actions_lineup_mean_3,9,0.9472721262473536,False
expanded_player_form_lightgbm,team_strength,1,add,defensive_actions_per90_sum_5,9,0.9473101538850456,False
expanded_player_form_lightgbm,team_strength,1,add,defensive_actions_per90_lineup_mean_3,9,0.947313262445274,False
expanded_player_form_lightgbm,team_strength,1,add,rating_lineup_std_across_starters_5,9,0.9473140601557546,False
expanded_player_form_lightgbm,team_strength,1,add,rating_lineup_mean_ewm,9,0.9473938932516142,False
expanded_player_form_lightgbm,team_strength,1,add,adjusted_rating_lineup_mean_1,9,0.9474441970540028,False
expanded_player_form_lightgbm,team_strength,1,add,defensive_actions_per90_lineup_mean_ewm,9,0.9474618769477613,False
expanded_player_form_lightgbm,team_strength,1,add,adjusted_shots_lineup_mean_std_5,9,0.9475041584759685,False
expanded_player_form_lightgbm,team_strength,1,add,recent_minutes_sum_5,9,0.9475146946224846,False
expanded_player_form_lightgbm,team_strength,1,add,mid_rating_mean_5,9,0.9475307484663529,False
expanded_player_form_lightgbm,team_strength,1,add,adjusted_defensive_actions_lineup_mean_ewm,9,0.9475413206679677,False
expanded_player_form_lightgbm,team_strength,1,add,adjusted_shots_lineup_mean_3,9,0.9475514596179728,False
expanded_player_form_lightgbm,team_strength,1,add,adjusted_defensive_actions_lineup_mean_5,9,0.9475571490629828,False
expanded_player_form_lightgbm,team_strength,1,add,shots_per90_lineup_mean_trend_1_5,9,0.9476192078288554,False
expanded_player_form_lightgbm,team_strength,1,add,defensive_actions_per90_lineup_mean_trend_1_5,9,0.9476647803225596,False
expanded_player_form_lightgbm,team_strength,1,add,rating_lineup_max_5,9,0.9477112933044285,False
expanded_player_form_lightgbm,team_strength,1,add,adjusted_defensive_actions_lineup_std_across_starters_5,9,0.9477402947719379,False
expanded_player_form_lightgbm,team_strength,1,add,adjusted_rating_lineup_mean_ewm,9,0.9477669299320474,False
expanded_player_form_lightgbm,team_strength,1,add,rating_lineup_min_5,9,0.9478052342693515,False
expanded_player_form_lightgbm,team_strength,1,add,adjusted_rating_lineup_mean_5,9,0.9478125212664092,False
expanded_player_form_lightgbm,team_strength,1,add,rating_lineup_mean_std_5,9,0.9478174422983017,False
expanded_player_form_lightgbm,team_strength,1,add,adjusted_rating_lineup_mean_3,9,0.947850357593166,False
expanded_player_form_lightgbm,team_strength,1,add,starters_without_full_window,9,0.9478836715194203,False
expanded_player_form_lightgbm,team_strength,1,add,rating_lineup_mean_1,9,0.9479346901749075,False
expanded_player_form_lightgbm,team_strength,1,add,replacement_quality,9,0.9479418647039153,False
expanded_player_form_lightgbm,team_strength,1,add,adjusted_defensive_actions_lineup_mean_std_5,9,0.9479854091051219,False
expanded_player_form_lightgbm,team_strength,1,add,shots_per90_lineup_mean_1,9,0.9480474762783012,False
expanded_player_form_lightgbm,team_strength,1,add,key_passes_per90_lineup_mean_trend_1_5,9,0.9480764992013511,False
expanded_player_form_lightgbm,team_strength,1,remove,attack_goal_rate_ewm,7,0.9481367027573688,False
expanded_player_form_lightgbm,team_strength,1,add,rating_lineup_mean_3,9,0.948232128542872,False
expanded_player_form_lightgbm,team_strength,1,add,adjusted_shots_lineup_mean_trend_1_5,9,0.9482508869854669,False
expanded_player_form_lightgbm,team_strength,1,add,rating_lineup_top3_mean_5,9,0.9484321861930782,False
expanded_player_form_lightgbm,team_strength,1,add,adjusted_key_passes_lineup_mean_trend_1_5,9,0.9484865455205607,False
expanded_player_form_lightgbm,team_strength,1,add,rating_mean_5,9,0.9485496443218902,False
expanded_player_form_lightgbm,team_strength,1,add,mean_pairwise_prior_starts,9,0.948575908668876,False
expanded_player_form_lightgbm,team_strength,1,add,adjusted_rating_lineup_mean_std_5,9,0.9490303591915106,False
expanded_player_form_lightgbm,team_strength,1,add,adjusted_rating_lineup_std_across_starters_5,9,0.9491117380540286,False
expanded_player_form_lightgbm,team_strength,1,add,mean_pairwise_prior_minutes,9,0.9492214190965302,False
expanded_player_form_lightgbm,team_strength,1,add,gk_rating_mean_5,9,0.9492912541363749,False
expanded_player_form_lightgbm,team_strength,1,remove,prior_team_matches,7,0.9496909561611073,False
expanded_player_form_lightgbm,team_strength,2,add,adjusted_key_passes_lineup_mean_1,10,0.9409560219243596,True
expanded_player_form_lightgbm,team_strength,2,add,adjusted_defensive_actions_lineup_mean_trend_1_5,10,0.9409671747516786,False
expanded_player_form_lightgbm,team_strength,2,remove,defence_goal_rate_ewm,8,0.941019204176315,False
expanded_player_form_lightgbm,team_strength,2,add,gk_saves_per90_5,10,0.9410773720704738,False
expanded_player_form_lightgbm,team_strength,2,add,adjusted_key_passes_lineup_mean_ewm,10,0.941121088553732,False
expanded_player_form_lightgbm,team_strength,2,add,adjusted_key_passes_lineup_mean_std_5,10,0.9411272784893465,False
expanded_player_form_lightgbm,team_strength,2,add,adjusted_rating_lineup_mean_trend_1_5,10,0.9413410520350923,False
expanded_player_form_lightgbm,team_strength,2,add,def_count,10,0.9414178339385195,False
expanded_player_form_lightgbm,team_strength,2,add,defensive_actions_per90_lineup_mean_trend_1_5,10,0.9414187264981769,False
expanded_player_form_lightgbm,team_strength,2,add,new_player_pairs,10,0.9414271061940261,False
expanded_player_form_lightgbm,team_strength,2,add,rating_lineup_std_across_starters_5,10,0.9415222227411064,False
expanded_player_form_lightgbm,team_strength,2,add,starters_without_history,10,0.9415475873560202,False
expanded_player_form_lightgbm,team_strength,2,add,key_passes_per90_lineup_mean_1,10,0.9415650407093488,False
expanded_player_form_lightgbm,team_strength,2,remove,elo_rating,8,0.9415660955272607,False
expanded_player_form_lightgbm,team_strength,2,remove,opponent_elo_rating,8,0.9415660955272607,False
expanded_player_form_lightgbm,team_strength,2,add,gk_count,10,0.9415660955272607,False
expanded_player_form_lightgbm,team_strength,2,add,adjusted_rating_lineup_mean_1,10,0.9415773369394109,False
expanded_player_form_lightgbm,team_strength,2,add,adjusted_shots_lineup_mean_1,10,0.9416488341790099,False
expanded_player_form_lightgbm,team_strength,2,add,shots_per90_sum_5,10,0.941670408632254,False
expanded_player_form_lightgbm,team_strength,2,add,shots_per90_lineup_mean_ewm,10,0.9416712459617856,False
expanded_player_form_lightgbm,team_strength,2,add,fwd_count,10,0.9416899945905322,False
expanded_player_form_lightgbm,team_strength,2,add,adjusted_defensive_actions_lineup_mean_3,10,0.9416938851704095,False
expanded_player_form_lightgbm,team_strength,2,remove,elo_difference,8,0.9417025362765296,False
expanded_player_form_lightgbm,team_strength,2,add,mid_count,10,0.9417103837061569,False
expanded_player_form_lightgbm,team_strength,2,add,adjusted_defensive_actions_lineup_mean_1,10,0.941714134188949,False
expanded_player_form_lightgbm,team_strength,2,add,adjusted_shots_lineup_mean_5,10,0.9417479980169449,False
expanded_player_form_lightgbm,team_strength,2,add,defensive_actions_per90_lineup_mean_3,10,0.9418015082442777,False
expanded_player_form_lightgbm,team_strength,2,add,adjusted_key_passes_lineup_mean_5,10,0.9418115036267148,False
expanded_player_form_lightgbm,team_strength,2,add,adjusted_key_passes_lineup_mean_3,10,0.9418311227589546,False
expanded_player_form_lightgbm,team_strength,2,add,rating_lineup_max_5,10,0.9418363607347278,False
expanded_player_form_lightgbm,team_strength,2,remove,elo_expected_result,8,0.9418616168983659,False
expanded_player_form_lightgbm,team_strength,2,add,rating_lineup_mean_trend_1_5,10,0.9418768131344608,False
expanded_player_form_lightgbm,team_strength,2,add,adjusted_rating_lineup_mean_5,10,0.9418970940954101,False
expanded_player_form_lightgbm,team_strength,2,add,key_passes_per90_lineup_mean_3,10,0.9418980906627513,False
expanded_player_form_lightgbm,team_strength,2,add,new_starters,10,0.9419194746282966,False
expanded_player_form_lightgbm,team_strength,2,add,missing_regular_starters,10,0.9419780886138089,False
expanded_player_form_lightgbm,team_strength,2,add,rating_lineup_min_5,10,0.9420016136325251,False
expanded_player_form_lightgbm,team_strength,2,remove,attack_goal_rate_ewm,8,0.942022715883567,False
expanded_player_form_lightgbm,team_strength,2,add,mid_adjusted_key_passes_5,10,0.9420564931714587,False
expanded_player_form_lightgbm,team_strength,2,add,key_passes_per90_lineup_mean_trend_1_5,10,0.9420661430009747,False
expanded_player_form_lightgbm,team_strength,2,remove,expected_goals_strength,8,0.9420670544290475,False
expanded_player_form_lightgbm,team_strength,2,add,def_adjusted_defensive_actions_5,10,0.9421254274824422,False
expanded_player_form_lightgbm,team_strength,2,add,fwd_rating_mean_5,10,0.9421262188431436,False
expanded_player_form_lightgbm,team_strength,2,add,retained_starters,10,0.9421383969053179,False
expanded_player_form_lightgbm,team_strength,2,add,shots_per90_lineup_mean_1,10,0.9421627298201384,False
expanded_player_form_lightgbm,team_strength,2,add,rating_lineup_top3_mean_5,10,0.9421669581941579,False
expanded_player_form_lightgbm,team_strength,2,add,fwd_adjusted_shots_5,10,0.9421926241137495,False
expanded_player_form_lightgbm,team_strength,2,add,adjusted_shots_lineup_std_across_starters_5,10,0.9421943719362837,False
expanded_player_form_lightgbm,team_strength,2,add,adjusted_rating_lineup_mean_ewm,10,0.9422074996680811,False
expanded_player_form_lightgbm,team_strength,2,add,adjusted_key_passes_lineup_std_across_starters_5,10,0.9422569493366023,False
expanded_player_form_lightgbm,team_strength,2,add,adjusted_rating_lineup_mean_3,10,0.9422664317078123,False
expanded_player_form_lightgbm,team_strength,2,add,key_passes_per90_lineup_mean_ewm,10,0.9422674680910539,False
expanded_player_form_lightgbm,team_strength,2,add,adjusted_rating_lineup_std_across_starters_5,10,0.9423526226837566,False
expanded_player_form_lightgbm,team_strength,2,add,defensive_actions_per90_lineup_mean_1,10,0.9423560494569884,False
expanded_player_form_lightgbm,team_strength,2,add,adjusted_shots_lineup_mean_3,10,0.9423708274110774,False
expanded_player_form_lightgbm,team_strength,2,add,rating_lineup_mean_1,10,0.9423803940335265,False
expanded_player_form_lightgbm,team_strength,2,add,adjusted_defensive_actions_lineup_mean_std_5,10,0.9424230316002558,False
expanded_player_form_lightgbm,team_strength,2,add,def_rating_mean_5,10,0.9424417951455097,False
expanded_player_form_lightgbm,team_strength,2,add,adjusted_shots_lineup_mean_ewm,10,0.9424606974769281,False
expanded_player_form_lightgbm,team_strength,2,add,mid_rating_mean_5,10,0.9425160547034258,False
expanded_player_form_lightgbm,team_strength,2,add,adjusted_defensive_actions_lineup_std_across_starters_5,10,0.9425328270875817,False
expanded_player_form_lightgbm,team_strength,2,add,shots_per90_lineup_mean_3,10,0.9426176761347584,False
expanded_player_form_lightgbm,team_strength,2,add,adjusted_defensive_actions_lineup_mean_ewm,10,0.9426844265741461,False
expanded_player_form_lightgbm,team_strength,2,add,rating_lineup_mean_std_5,10,0.9427075752755338,False
expanded_player_form_lightgbm,team_strength,2,add,shots_per90_lineup_mean_trend_1_5,10,0.9427111853984451,False
expanded_player_form_lightgbm,team_strength,2,add,adjusted_shots_lineup_mean_std_5,10,0.9427516652882095,False
expanded_player_form_lightgbm,team_strength,2,add,replacement_quality,10,0.9428256242645467,False
expanded_player_form_lightgbm,team_strength,2,add,rating_lineup_mean_ewm,10,0.9428527919946418,False
expanded_player_form_lightgbm,team_strength,2,add,adjusted_key_passes_lineup_mean_trend_1_5,10,0.942909773302142,False
expanded_player_form_lightgbm,team_strength,2,add,rating_lineup_mean_3,10,0.9429592430389715,False
expanded_player_form_lightgbm,team_strength,2,add,adjusted_defensive_actions_lineup_mean_5,10,0.9429823952391971,False
expanded_player_form_lightgbm,team_strength,2,add,recent_minutes_sum_5,10,0.9430994358760749,False
expanded_player_form_lightgbm,team_strength,2,add,adjusted_shots_lineup_mean_trend_1_5,10,0.9431421283039249,False
expanded_player_form_lightgbm,team_strength,2,add,defensive_actions_per90_sum_5,10,0.9432060552987755,False
expanded_player_form_lightgbm,team_strength,2,add,starters_without_full_window,10,0.9433215498448475,False
expanded_player_form_lightgbm,team_strength,2,add,defensive_actions_per90_lineup_mean_ewm,10,0.943446284938662,False
expanded_player_form_lightgbm,team_strength,2,remove,prior_team_matches,8,0.9434797273224775,False
expanded_player_form_lightgbm,team_strength,2,add,mean_pairwise_prior_minutes,10,0.9435905150869239,False
expanded_player_form_lightgbm,team_strength,2,add,mean_pairwise_prior_starts,10,0.943713332291882,False
expanded_player_form_lightgbm,team_strength,2,add,rating_mean_5,10,0.9438086949937056,False
expanded_player_form_lightgbm,team_strength,2,add,adjusted_rating_lineup_mean_std_5,10,0.9438987067744244,False
expanded_player_form_lightgbm,team_strength,2,add,gk_rating_mean_5,10,0.9444575035870468,False
expanded_player_form_lightgbm,team_strength,2,remove,key_passes_per90_sum_5,8,0.9461279070280193,False
expanded_player_form_lightgbm,team_strength,3,remove,defence_goal_rate_ewm,9,0.939919303276425,True
expanded_player_form_lightgbm,team_strength,3,add,adjusted_defensive_actions_lineup_mean_trend_1_5,11,0.9400518482109251,False
expanded_player_form_lightgbm,team_strength,3,add,gk_saves_per90_5,11,0.9402303507288704,False
expanded_player_form_lightgbm,team_strength,3,add,adjusted_rating_lineup_mean_trend_1_5,11,0.9402548465099198,False
expanded_player_form_lightgbm,team_strength,3,add,adjusted_key_passes_lineup_mean_3,11,0.9403052324389796,False
expanded_player_form_lightgbm,team_strength,3,add,key_passes_per90_lineup_mean_3,11,0.9403078930085127,False
expanded_player_form_lightgbm,team_strength,3,add,adjusted_key_passes_lineup_mean_ewm,11,0.9404377420119165,False
expanded_player_form_lightgbm,team_strength,3,add,key_passes_per90_lineup_mean_1,11,0.940489920984918,False
expanded_player_form_lightgbm,team_strength,3,add,rating_lineup_max_5,11,0.9405047743853234,False
expanded_player_form_lightgbm,team_strength,3,add,mid_rating_mean_5,11,0.9405677000266084,False
expanded_player_form_lightgbm,team_strength,3,add,adjusted_defensive_actions_lineup_mean_3,11,0.9405885184600589,False
expanded_player_form_lightgbm,team_strength,3,add,new_player_pairs,11,0.940633268444999,False
expanded_player_form_lightgbm,team_strength,3,add,def_count,11,0.9406338111289783,False
expanded_player_form_lightgbm,team_strength,3,add,retained_starters,11,0.9407576681616143,False
expanded_player_form_lightgbm,team_strength,3,add,fwd_count,11,0.940824393685133,False
expanded_player_form_lightgbm,team_strength,3,add,adjusted_shots_lineup_mean_5,11,0.9408561341398856,False
expanded_player_form_lightgbm,team_strength,3,add,defensive_actions_per90_lineup_mean_3,11,0.9409306573439167,False
expanded_player_form_lightgbm,team_strength,3,add,shots_per90_lineup_mean_ewm,11,0.9409330631568946,False
expanded_player_form_lightgbm,team_strength,3,add,adjusted_key_passes_lineup_mean_5,11,0.94093386979666,False
expanded_player_form_lightgbm,team_strength,3,add,adjusted_rating_lineup_mean_5,11,0.9409448370201094,False
expanded_player_form_lightgbm,team_strength,3,remove,elo_rating,9,0.9409560219243596,False
expanded_player_form_lightgbm,team_strength,3,remove,opponent_elo_rating,9,0.9409560219243596,False
expanded_player_form_lightgbm,team_strength,3,add,gk_count,11,0.9409560219243596,False
expanded_player_form_lightgbm,team_strength,3,add,adjusted_shots_lineup_std_across_starters_5,11,0.9409584213435371,False
expanded_player_form_lightgbm,team_strength,3,add,starters_without_history,11,0.9409702639017026,False
expanded_player_form_lightgbm,team_strength,3,add,rating_lineup_mean_trend_1_5,11,0.9409835564259845,False
expanded_player_form_lightgbm,team_strength,3,add,rating_lineup_std_across_starters_5,11,0.9409844715355503,False
expanded_player_form_lightgbm,team_strength,3,add,adjusted_defensive_actions_lineup_std_across_starters_5,11,0.9410005647052724,False
expanded_player_form_lightgbm,team_strength,3,add,rating_lineup_top3_mean_5,11,0.9410388223116133,False
expanded_player_form_lightgbm,team_strength,3,add,rating_lineup_min_5,11,0.9410399606553739,False
expanded_player_form_lightgbm,team_strength,3,add,fwd_rating_mean_5,11,0.9410477576304468,False
expanded_player_form_lightgbm,team_strength,3,add,rating_lineup_mean_std_5,11,0.9410579267147399,False
expanded_player_form_lightgbm,team_strength,3,add,adjusted_defensive_actions_lineup_mean_1,11,0.9410636005020265,False
expanded_player_form_lightgbm,team_strength,3,add,adjusted_rating_lineup_mean_1,11,0.9410733904070325,False
expanded_player_form_lightgbm,team_strength,3,add,missing_regular_starters,11,0.9410832411595842,False
expanded_player_form_lightgbm,team_strength,3,add,adjusted_key_passes_lineup_mean_std_5,11,0.9411243716386944,False
expanded_player_form_lightgbm,team_strength,3,add,shots_per90_sum_5,11,0.9411245469177976,False
expanded_player_form_lightgbm,team_strength,3,remove,expected_goals_strength,9,0.941145404811346,False
expanded_player_form_lightgbm,team_strength,3,add,adjusted_shots_lineup_mean_1,11,0.941151448914089,False
expanded_player_form_lightgbm,team_strength,3,add,defensive_actions_per90_lineup_mean_trend_1_5,11,0.9411792080703351,False
expanded_player_form_lightgbm,team_strength,3,remove,elo_difference,9,0.9411850220869211,False
expanded_player_form_lightgbm,team_strength,3,add,adjusted_rating_lineup_mean_3,11,0.9412241744801193,False
expanded_player_form_lightgbm,team_strength,3,remove,elo_expected_result,9,0.9412306305412731,False
expanded_player_form_lightgbm,team_strength,3,add,adjusted_defensive_actions_lineup_mean_ewm,11,0.941258980524401,False
expanded_player_form_lightgbm,team_strength,3,add,key_passes_per90_lineup_mean_trend_1_5,11,0.941326042788452,False
expanded_player_form_lightgbm,team_strength,3,add,adjusted_shots_lineup_mean_std_5,11,0.941329041999643,False
expanded_player_form_lightgbm,team_strength,3,add,adjusted_rating_lineup_std_across_starters_5,11,0.9413404860053991,False
expanded_player_form_lightgbm,team_strength,3,add,adjusted_key_passes_lineup_std_across_starters_5,11,0.9413889942525944,False
expanded_player_form_lightgbm,team_strength,3,add,key_passes_per90_lineup_mean_ewm,11,0.9414151506812674,False
expanded_player_form_lightgbm,team_strength,3,add,new_starters,11,0.9414260091288089,False
expanded_player_form_lightgbm,team_strength,3,add,defensive_actions_per90_lineup_mean_1,11,0.941439038059037,False
expanded_player_form_lightgbm,team_strength,3,remove,attack_goal_rate_ewm,9,0.9414989430791068,False
expanded_player_form_lightgbm,team_strength,3,add,mid_count,11,0.9415260474798277,False
expanded_player_form_lightgbm,team_strength,3,add,recent_minutes_sum_5,11,0.9415313069951916,False
expanded_player_form_lightgbm,team_strength,3,add,adjusted_defensive_actions_lineup_mean_std_5,11,0.9415348542562922,False
expanded_player_form_lightgbm,team_strength,3,add,shots_per90_lineup_mean_1,11,0.9415580106800078,False
expanded_player_form_lightgbm,team_strength,3,add,adjusted_rating_lineup_mean_ewm,11,0.9415619422441013,False
expanded_player_form_lightgbm,team_strength,3,remove,adjusted_key_passes_lineup_mean_1,9,0.9415660955272607,False
expanded_player_form_lightgbm,team_strength,3,add,shots_per90_lineup_mean_trend_1_5,11,0.9415908530228814,False
expanded_player_form_lightgbm,team_strength,3,add,adjusted_shots_lineup_mean_ewm,11,0.9416215596735542,False
expanded_player_form_lightgbm,team_strength,3,add,rating_lineup_mean_1,11,0.9416420604294462,False
expanded_player_form_lightgbm,team_strength,3,add,mid_adjusted_key_passes_5,11,0.9416429114113034,False
expanded_player_form_lightgbm,team_strength,3,add,def_adjusted_defensive_actions_5,11,0.9417124321305617,False
expanded_player_form_lightgbm,team_strength,3,add,fwd_adjusted_shots_5,11,0.9417361305141556,False
expanded_player_form_lightgbm,team_strength,3,add,replacement_quality,11,0.9417405259642624,False
expanded_player_form_lightgbm,team_strength,3,add,adjusted_shots_lineup_mean_3,11,0.9417618869968256,False
expanded_player_form_lightgbm,team_strength,3,add,defensive_actions_per90_lineup_mean_ewm,11,0.9418164777445085,False
expanded_player_form_lightgbm,team_strength,3,add,def_rating_mean_5,11,0.9418208365712405,False
expanded_player_form_lightgbm,team_strength,3,add,rating_mean_5,11,0.941838315404658,False
expanded_player_form_lightgbm,team_strength,3,add,rating_lineup_mean_ewm,11,0.9418755888013528,False
expanded_player_form_lightgbm,team_strength,3,add,defensive_actions_per90_sum_5,11,0.9418910102707161,False
expanded_player_form_lightgbm,team_strength,3,add,shots_per90_lineup_mean_3,11,0.9420762404530882,False
expanded_player_form_lightgbm,team_strength,3,add,adjusted_defensive_actions_lineup_mean_5,11,0.9420779405482459,False
expanded_player_form_lightgbm,team_strength,3,add,adjusted_key_passes_lineup_mean_trend_1_5,11,0.9421014888481161,False
expanded_player_form_lightgbm,team_strength,3,add,rating_lineup_mean_3,11,0.9421661576331222,False
expanded_player_form_lightgbm,team_strength,3,add,adjusted_rating_lineup_mean_std_5,11,0.9423068446270176,False
expanded_player_form_lightgbm,team_strength,3,remove,prior_team_matches,9,0.9423941186981725,False
expanded_player_form_lightgbm,team_strength,3,add,mean_pairwise_prior_starts,11,0.9427029109640763,False
expanded_player_form_lightgbm,team_strength,3,add,starters_without_full_window,11,0.9427673319907584,False
expanded_player_form_lightgbm,team_strength,3,add,mean_pairwise_prior_minutes,11,0.9427803861530211,False
expanded_player_form_lightgbm,team_strength,3,add,adjusted_shots_lineup_mean_trend_1_5,11,0.9430741105537195,False
expanded_player_form_lightgbm,team_strength,3,add,gk_rating_mean_5,11,0.9431281383373824,False
expanded_player_form_lightgbm,team_strength,3,remove,key_passes_per90_sum_5,9,0.9437680768002064,False
